<?xml version="1.0" encoding="utf-8"?>
<gpx xmlns="http://www.topografix.com/GPX/1/1" version="1.1" creator="https://mapy.com/">
	<trk>
		<name>Kvikkjokk -> Abisko</name>
		<trkseg>
			<trkpt lat="66.953751" lon="17.719897">
				<ele>330.000000</ele>
			</trkpt>
			<trkpt lat="66.953734" lon="17.719907">
				<ele>330.000000</ele>
			</trkpt>
			<trkpt lat="66.953604" lon="17.719970">
				<ele>330.000000</ele>
			</trkpt>
			<trkpt lat="66.953400" lon="17.720086">
				<ele>329.000000</ele>
			</trkpt>
			<trkpt lat="66.953252" lon="17.720222">
				<ele>327.000000</ele>
			</trkpt>
			<trkpt lat="66.953340" lon="17.720222">
				<ele>328.000000</ele>
			</trkpt>
			<trkpt lat="66.953417" lon="17.720230">
				<ele>328.000000</ele>
			</trkpt>
			<trkpt lat="66.953537" lon="17.720230">
				<ele>329.000000</ele>
			</trkpt>
			<trkpt lat="66.953695" lon="17.720266">
				<ele>330.000000</ele>
			</trkpt>
			<trkpt lat="66.953889" lon="17.720365">
				<ele>331.000000</ele>
			</trkpt>
			<trkpt lat="66.954254" lon="17.720428">
				<ele>333.000000</ele>
			</trkpt>
			<trkpt lat="66.954448" lon="17.720536">
				<ele>334.000000</ele>
			</trkpt>
			<trkpt lat="66.954588" lon="17.720635">
				<ele>335.000000</ele>
			</trkpt>
			<trkpt lat="66.954676" lon="17.720608">
				<ele>335.000000</ele>
			</trkpt>
			<trkpt lat="66.954799" lon="17.720616">
				<ele>336.000000</ele>
			</trkpt>
			<trkpt lat="66.955331" lon="17.720545">
				<ele>338.000000</ele>
			</trkpt>
			<trkpt lat="66.955647" lon="17.720482">
				<ele>340.000000</ele>
			</trkpt>
			<trkpt lat="66.955942" lon="17.720346">
				<ele>341.000000</ele>
			</trkpt>
			<trkpt lat="66.956224" lon="17.720346">
				<ele>341.000000</ele>
			</trkpt>
			<trkpt lat="66.956445" lon="17.720428">
				<ele>342.000000</ele>
			</trkpt>
			<trkpt lat="66.956670" lon="17.720518">
				<ele>343.000000</ele>
			</trkpt>
			<trkpt lat="66.956909" lon="17.720788">
				<ele>343.000000</ele>
			</trkpt>
			<trkpt lat="66.957099" lon="17.721065">
				<ele>344.000000</ele>
			</trkpt>
			<trkpt lat="66.957257" lon="17.721111">
				<ele>344.000000</ele>
			</trkpt>
			<trkpt lat="66.957574" lon="17.720895">
				<ele>345.000000</ele>
			</trkpt>
			<trkpt lat="66.957806" lon="17.721075">
				<ele>346.000000</ele>
			</trkpt>
			<trkpt lat="66.958175" lon="17.721497">
				<ele>347.000000</ele>
			</trkpt>
			<trkpt lat="66.958344" lon="17.721560">
				<ele>348.000000</ele>
			</trkpt>
			<trkpt lat="66.958551" lon="17.721614">
				<ele>348.000000</ele>
			</trkpt>
			<trkpt lat="66.958787" lon="17.721623">
				<ele>349.000000</ele>
			</trkpt>
			<trkpt lat="66.958977" lon="17.721631">
				<ele>349.000000</ele>
			</trkpt>
			<trkpt lat="66.958998" lon="17.721928">
				<ele>350.000000</ele>
			</trkpt>
			<trkpt lat="66.959065" lon="17.722279">
				<ele>350.000000</ele>
			</trkpt>
			<trkpt lat="66.959363" lon="17.722782">
				<ele>353.000000</ele>
			</trkpt>
			<trkpt lat="66.959518" lon="17.722943">
				<ele>355.000000</ele>
			</trkpt>
			<trkpt lat="66.959617" lon="17.723105">
				<ele>356.000000</ele>
			</trkpt>
			<trkpt lat="66.959747" lon="17.723608">
				<ele>358.000000</ele>
			</trkpt>
			<trkpt lat="66.959894" lon="17.724004">
				<ele>359.000000</ele>
			</trkpt>
			<trkpt lat="66.959985" lon="17.724191">
				<ele>360.000000</ele>
			</trkpt>
			<trkpt lat="66.960179" lon="17.724380">
				<ele>363.000000</ele>
			</trkpt>
			<trkpt lat="66.960309" lon="17.724425">
				<ele>364.000000</ele>
			</trkpt>
			<trkpt lat="66.960401" lon="17.724515">
				<ele>365.000000</ele>
			</trkpt>
			<trkpt lat="66.960492" lon="17.724667">
				<ele>366.000000</ele>
			</trkpt>
			<trkpt lat="66.960612" lon="17.724811">
				<ele>368.000000</ele>
			</trkpt>
			<trkpt lat="66.960851" lon="17.725099">
				<ele>370.000000</ele>
			</trkpt>
			<trkpt lat="66.960952" lon="17.725296">
				<ele>372.000000</ele>
			</trkpt>
			<trkpt lat="66.961026" lon="17.725396">
				<ele>372.000000</ele>
			</trkpt>
			<trkpt lat="66.961065" lon="17.725467">
				<ele>373.000000</ele>
			</trkpt>
			<trkpt lat="66.961170" lon="17.725826">
				<ele>375.000000</ele>
			</trkpt>
			<trkpt lat="66.961269" lon="17.726239">
				<ele>376.000000</ele>
			</trkpt>
			<trkpt lat="66.961339" lon="17.726491">
				<ele>378.000000</ele>
			</trkpt>
			<trkpt lat="66.961466" lon="17.726788">
				<ele>379.000000</ele>
			</trkpt>
			<trkpt lat="66.961554" lon="17.727031">
				<ele>381.000000</ele>
			</trkpt>
			<trkpt lat="66.961663" lon="17.727354">
				<ele>383.000000</ele>
			</trkpt>
			<trkpt lat="66.961789" lon="17.727830">
				<ele>385.000000</ele>
			</trkpt>
			<trkpt lat="66.961856" lon="17.728046">
				<ele>387.000000</ele>
			</trkpt>
			<trkpt lat="66.962011" lon="17.728270">
				<ele>389.000000</ele>
			</trkpt>
			<trkpt lat="66.962408" lon="17.728872">
				<ele>394.000000</ele>
			</trkpt>
			<trkpt lat="66.962675" lon="17.729214">
				<ele>397.000000</ele>
			</trkpt>
			<trkpt lat="66.962840" lon="17.729627">
				<ele>399.000000</ele>
			</trkpt>
			<trkpt lat="66.963006" lon="17.729896">
				<ele>401.000000</ele>
			</trkpt>
			<trkpt lat="66.963202" lon="17.730174">
				<ele>403.000000</ele>
			</trkpt>
			<trkpt lat="66.963318" lon="17.730489">
				<ele>405.000000</ele>
			</trkpt>
			<trkpt lat="66.963448" lon="17.730912">
				<ele>407.000000</ele>
			</trkpt>
			<trkpt lat="66.963543" lon="17.731315">
				<ele>409.000000</ele>
			</trkpt>
			<trkpt lat="66.963663" lon="17.731809">
				<ele>411.000000</ele>
			</trkpt>
			<trkpt lat="66.963716" lon="17.732088">
				<ele>412.000000</ele>
			</trkpt>
			<trkpt lat="66.963694" lon="17.732457">
				<ele>414.000000</ele>
			</trkpt>
			<trkpt lat="66.963684" lon="17.733112">
				<ele>416.000000</ele>
			</trkpt>
			<trkpt lat="66.963814" lon="17.734046">
				<ele>420.000000</ele>
			</trkpt>
			<trkpt lat="66.963867" lon="17.734415">
				<ele>421.000000</ele>
			</trkpt>
			<trkpt lat="66.964039" lon="17.734873">
				<ele>423.000000</ele>
			</trkpt>
			<trkpt lat="66.964229" lon="17.735447">
				<ele>425.000000</ele>
			</trkpt>
			<trkpt lat="66.964359" lon="17.735583">
				<ele>426.000000</ele>
			</trkpt>
			<trkpt lat="66.964500" lon="17.735906">
				<ele>427.000000</ele>
			</trkpt>
			<trkpt lat="66.964559" lon="17.736202">
				<ele>428.000000</ele>
			</trkpt>
			<trkpt lat="66.964707" lon="17.736481">
				<ele>429.000000</ele>
			</trkpt>
			<trkpt lat="66.964830" lon="17.736831">
				<ele>431.000000</ele>
			</trkpt>
			<trkpt lat="66.964911" lon="17.737101">
				<ele>433.000000</ele>
			</trkpt>
			<trkpt lat="66.964942" lon="17.737271">
				<ele>433.000000</ele>
			</trkpt>
			<trkpt lat="66.964992" lon="17.737657">
				<ele>435.000000</ele>
			</trkpt>
			<trkpt lat="66.965034" lon="17.737900">
				<ele>437.000000</ele>
			</trkpt>
			<trkpt lat="66.965111" lon="17.738044">
				<ele>438.000000</ele>
			</trkpt>
			<trkpt lat="66.965284" lon="17.738116">
				<ele>440.000000</ele>
			</trkpt>
			<trkpt lat="66.965354" lon="17.738250">
				<ele>441.000000</ele>
			</trkpt>
			<trkpt lat="66.965420" lon="17.738403">
				<ele>442.000000</ele>
			</trkpt>
			<trkpt lat="66.965466" lon="17.738592">
				<ele>443.000000</ele>
			</trkpt>
			<trkpt lat="66.965579" lon="17.738889">
				<ele>445.000000</ele>
			</trkpt>
			<trkpt lat="66.965723" lon="17.739193">
				<ele>448.000000</ele>
			</trkpt>
			<trkpt lat="66.965814" lon="17.739311">
				<ele>449.000000</ele>
			</trkpt>
			<trkpt lat="66.965983" lon="17.739589">
				<ele>451.000000</ele>
			</trkpt>
			<trkpt lat="66.966124" lon="17.739724">
				<ele>453.000000</ele>
			</trkpt>
			<trkpt lat="66.966264" lon="17.739912">
				<ele>455.000000</ele>
			</trkpt>
			<trkpt lat="66.966345" lon="17.740038">
				<ele>456.000000</ele>
			</trkpt>
			<trkpt lat="66.966430" lon="17.740074">
				<ele>457.000000</ele>
			</trkpt>
			<trkpt lat="66.966513" lon="17.740137">
				<ele>458.000000</ele>
			</trkpt>
			<trkpt lat="66.966580" lon="17.740290">
				<ele>459.000000</ele>
			</trkpt>
			<trkpt lat="66.966602" lon="17.740460">
				<ele>459.000000</ele>
			</trkpt>
			<trkpt lat="66.966647" lon="17.740649">
				<ele>460.000000</ele>
			</trkpt>
			<trkpt lat="66.966739" lon="17.740847">
				<ele>461.000000</ele>
			</trkpt>
			<trkpt lat="66.966861" lon="17.741036">
				<ele>463.000000</ele>
			</trkpt>
			<trkpt lat="66.967006" lon="17.741296">
				<ele>464.000000</ele>
			</trkpt>
			<trkpt lat="66.967223" lon="17.741789">
				<ele>467.000000</ele>
			</trkpt>
			<trkpt lat="66.967336" lon="17.742168">
				<ele>469.000000</ele>
			</trkpt>
			<trkpt lat="66.967526" lon="17.742554">
				<ele>471.000000</ele>
			</trkpt>
			<trkpt lat="66.967593" lon="17.742904">
				<ele>473.000000</ele>
			</trkpt>
			<trkpt lat="66.967670" lon="17.743210">
				<ele>474.000000</ele>
			</trkpt>
			<trkpt lat="66.967800" lon="17.743380">
				<ele>476.000000</ele>
			</trkpt>
			<trkpt lat="66.967916" lon="17.743443">
				<ele>477.000000</ele>
			</trkpt>
			<trkpt lat="66.968208" lon="17.743613">
				<ele>480.000000</ele>
			</trkpt>
			<trkpt lat="66.968345" lon="17.743865">
				<ele>481.000000</ele>
			</trkpt>
			<trkpt lat="66.968538" lon="17.744368">
				<ele>482.000000</ele>
			</trkpt>
			<trkpt lat="66.968791" lon="17.744701">
				<ele>483.000000</ele>
			</trkpt>
			<trkpt lat="66.969002" lon="17.745068">
				<ele>484.000000</ele>
			</trkpt>
			<trkpt lat="66.969751" lon="17.745724">
				<ele>486.000000</ele>
			</trkpt>
			<trkpt lat="66.970004" lon="17.746066">
				<ele>487.000000</ele>
			</trkpt>
			<trkpt lat="66.970154" lon="17.746426">
				<ele>488.000000</ele>
			</trkpt>
			<trkpt lat="66.970270" lon="17.746982">
				<ele>489.000000</ele>
			</trkpt>
			<trkpt lat="66.970394" lon="17.747323">
				<ele>490.000000</ele>
			</trkpt>
			<trkpt lat="66.970604" lon="17.747566">
				<ele>491.000000</ele>
			</trkpt>
			<trkpt lat="66.970717" lon="17.747737">
				<ele>492.000000</ele>
			</trkpt>
			<trkpt lat="66.970893" lon="17.748087">
				<ele>494.000000</ele>
			</trkpt>
			<trkpt lat="66.971029" lon="17.748384">
				<ele>496.000000</ele>
			</trkpt>
			<trkpt lat="66.971156" lon="17.748877">
				<ele>497.000000</ele>
			</trkpt>
			<trkpt lat="66.971314" lon="17.749200">
				<ele>499.000000</ele>
			</trkpt>
			<trkpt lat="66.971543" lon="17.749650">
				<ele>501.000000</ele>
			</trkpt>
			<trkpt lat="66.971982" lon="17.750036">
				<ele>504.000000</ele>
			</trkpt>
			<trkpt lat="66.972151" lon="17.750342">
				<ele>505.000000</ele>
			</trkpt>
			<trkpt lat="66.972284" lon="17.750710">
				<ele>506.000000</ele>
			</trkpt>
			<trkpt lat="66.972502" lon="17.751473">
				<ele>508.000000</ele>
			</trkpt>
			<trkpt lat="66.972671" lon="17.751877">
				<ele>510.000000</ele>
			</trkpt>
			<trkpt lat="66.972917" lon="17.752139">
				<ele>510.000000</ele>
			</trkpt>
			<trkpt lat="66.973564" lon="17.752498">
				<ele>511.000000</ele>
			</trkpt>
			<trkpt lat="66.973876" lon="17.752875">
				<ele>511.000000</ele>
			</trkpt>
			<trkpt lat="66.974048" lon="17.753342">
				<ele>512.000000</ele>
			</trkpt>
			<trkpt lat="66.974217" lon="17.753989">
				<ele>512.000000</ele>
			</trkpt>
			<trkpt lat="66.974417" lon="17.754546">
				<ele>512.000000</ele>
			</trkpt>
			<trkpt lat="66.974624" lon="17.755022">
				<ele>513.000000</ele>
			</trkpt>
			<trkpt lat="66.974776" lon="17.755246">
				<ele>513.000000</ele>
			</trkpt>
			<trkpt lat="66.974905" lon="17.755265">
				<ele>513.000000</ele>
			</trkpt>
			<trkpt lat="66.975151" lon="17.755255">
				<ele>513.000000</ele>
			</trkpt>
			<trkpt lat="66.975275" lon="17.755292">
				<ele>514.000000</ele>
			</trkpt>
			<trkpt lat="66.975465" lon="17.755211">
				<ele>514.000000</ele>
			</trkpt>
			<trkpt lat="66.975640" lon="17.755229">
				<ele>514.000000</ele>
			</trkpt>
			<trkpt lat="66.975784" lon="17.755328">
				<ele>514.000000</ele>
			</trkpt>
			<trkpt lat="66.975910" lon="17.755399">
				<ele>514.000000</ele>
			</trkpt>
			<trkpt lat="66.976047" lon="17.755381">
				<ele>514.000000</ele>
			</trkpt>
			<trkpt lat="66.976191" lon="17.755444">
				<ele>515.000000</ele>
			</trkpt>
			<trkpt lat="66.976392" lon="17.755714">
				<ele>515.000000</ele>
			</trkpt>
			<trkpt lat="66.976539" lon="17.755965">
				<ele>515.000000</ele>
			</trkpt>
			<trkpt lat="66.976602" lon="17.756315">
				<ele>515.000000</ele>
			</trkpt>
			<trkpt lat="66.976684" lon="17.756701">
				<ele>515.000000</ele>
			</trkpt>
			<trkpt lat="66.976796" lon="17.756837">
				<ele>516.000000</ele>
			</trkpt>
			<trkpt lat="66.976999" lon="17.757016">
				<ele>516.000000</ele>
			</trkpt>
			<trkpt lat="66.977182" lon="17.757339">
				<ele>516.000000</ele>
			</trkpt>
			<trkpt lat="66.977284" lon="17.757771">
				<ele>516.000000</ele>
			</trkpt>
			<trkpt lat="66.977418" lon="17.758095">
				<ele>517.000000</ele>
			</trkpt>
			<trkpt lat="66.977713" lon="17.758471">
				<ele>517.000000</ele>
			</trkpt>
			<trkpt lat="66.977832" lon="17.758903">
				<ele>517.000000</ele>
			</trkpt>
			<trkpt lat="66.978454" lon="17.759559">
				<ele>518.000000</ele>
			</trkpt>
			<trkpt lat="66.979023" lon="17.760565">
				<ele>519.000000</ele>
			</trkpt>
			<trkpt lat="66.979427" lon="17.761391">
				<ele>519.000000</ele>
			</trkpt>
			<trkpt lat="66.979543" lon="17.761705">
				<ele>520.000000</ele>
			</trkpt>
			<trkpt lat="66.979828" lon="17.762020">
				<ele>520.000000</ele>
			</trkpt>
			<trkpt lat="66.980056" lon="17.762479">
				<ele>520.000000</ele>
			</trkpt>
			<trkpt lat="66.980316" lon="17.762630">
				<ele>520.000000</ele>
			</trkpt>
			<trkpt lat="66.981008" lon="17.763619">
				<ele>520.000000</ele>
			</trkpt>
			<trkpt lat="66.981342" lon="17.763879">
				<ele>520.000000</ele>
			</trkpt>
			<trkpt lat="66.981444" lon="17.763978">
				<ele>520.000000</ele>
			</trkpt>
			<trkpt lat="66.981658" lon="17.763951">
				<ele>520.000000</ele>
			</trkpt>
			<trkpt lat="66.981819" lon="17.763897">
				<ele>520.000000</ele>
			</trkpt>
			<trkpt lat="66.982006" lon="17.763789">
				<ele>520.000000</ele>
			</trkpt>
			<trkpt lat="66.982248" lon="17.763897">
				<ele>520.000000</ele>
			</trkpt>
			<trkpt lat="66.983017" lon="17.764653">
				<ele>517.000000</ele>
			</trkpt>
			<trkpt lat="66.983319" lon="17.765083">
				<ele>516.000000</ele>
			</trkpt>
			<trkpt lat="66.983519" lon="17.765253">
				<ele>515.000000</ele>
			</trkpt>
			<trkpt lat="66.984007" lon="17.765227">
				<ele>513.000000</ele>
			</trkpt>
			<trkpt lat="66.984299" lon="17.765316">
				<ele>512.000000</ele>
			</trkpt>
			<trkpt lat="66.984478" lon="17.765523">
				<ele>512.000000</ele>
			</trkpt>
			<trkpt lat="66.984612" lon="17.765703">
				<ele>511.000000</ele>
			</trkpt>
			<trkpt lat="66.984878" lon="17.765784">
				<ele>510.000000</ele>
			</trkpt>
			<trkpt lat="66.985093" lon="17.766045">
				<ele>510.000000</ele>
			</trkpt>
			<trkpt lat="66.985251" lon="17.766475">
				<ele>510.000000</ele>
			</trkpt>
			<trkpt lat="66.985360" lon="17.767123">
				<ele>510.000000</ele>
			</trkpt>
			<trkpt lat="66.985402" lon="17.767913">
				<ele>510.000000</ele>
			</trkpt>
			<trkpt lat="66.985528" lon="17.768613">
				<ele>510.000000</ele>
			</trkpt>
			<trkpt lat="66.985680" lon="17.769413">
				<ele>510.000000</ele>
			</trkpt>
			<trkpt lat="66.985820" lon="17.769890">
				<ele>510.000000</ele>
			</trkpt>
			<trkpt lat="66.986132" lon="17.770213">
				<ele>510.000000</ele>
			</trkpt>
			<trkpt lat="66.986417" lon="17.770383">
				<ele>510.000000</ele>
			</trkpt>
			<trkpt lat="66.986821" lon="17.770815">
				<ele>510.000000</ele>
			</trkpt>
			<trkpt lat="66.987021" lon="17.771119">
				<ele>510.000000</ele>
			</trkpt>
			<trkpt lat="66.987140" lon="17.771721">
				<ele>510.000000</ele>
			</trkpt>
			<trkpt lat="66.987218" lon="17.772180">
				<ele>510.000000</ele>
			</trkpt>
			<trkpt lat="66.987270" lon="17.772440">
				<ele>510.000000</ele>
			</trkpt>
			<trkpt lat="66.987264" lon="17.772836">
				<ele>510.000000</ele>
			</trkpt>
			<trkpt lat="66.987309" lon="17.773186">
				<ele>510.000000</ele>
			</trkpt>
			<trkpt lat="66.987397" lon="17.773465">
				<ele>510.000000</ele>
			</trkpt>
			<trkpt lat="66.987421" lon="17.773832">
				<ele>510.000000</ele>
			</trkpt>
			<trkpt lat="66.987555" lon="17.774300">
				<ele>510.000000</ele>
			</trkpt>
			<trkpt lat="66.987724" lon="17.774578">
				<ele>510.000000</ele>
			</trkpt>
			<trkpt lat="66.987945" lon="17.774803">
				<ele>510.000000</ele>
			</trkpt>
			<trkpt lat="66.988159" lon="17.774884">
				<ele>510.000000</ele>
			</trkpt>
			<trkpt lat="66.988475" lon="17.775207">
				<ele>510.000000</ele>
			</trkpt>
			<trkpt lat="66.988591" lon="17.775467">
				<ele>510.000000</ele>
			</trkpt>
			<trkpt lat="66.988840" lon="17.776177">
				<ele>510.000000</ele>
			</trkpt>
			<trkpt lat="66.989188" lon="17.776582">
				<ele>510.000000</ele>
			</trkpt>
			<trkpt lat="66.989578" lon="17.776878">
				<ele>510.000000</ele>
			</trkpt>
			<trkpt lat="66.989760" lon="17.777184">
				<ele>510.000000</ele>
			</trkpt>
			<trkpt lat="66.991456" lon="17.778423">
				<ele>510.000000</ele>
			</trkpt>
			<trkpt lat="66.991972" lon="17.778729">
				<ele>510.000000</ele>
			</trkpt>
			<trkpt lat="66.992218" lon="17.779069">
				<ele>510.000000</ele>
			</trkpt>
			<trkpt lat="66.992418" lon="17.779411">
				<ele>510.000000</ele>
			</trkpt>
			<trkpt lat="66.992710" lon="17.779582">
				<ele>510.000000</ele>
			</trkpt>
			<trkpt lat="66.992966" lon="17.779672">
				<ele>510.000000</ele>
			</trkpt>
			<trkpt lat="66.993240" lon="17.779914">
				<ele>510.000000</ele>
			</trkpt>
			<trkpt lat="66.993510" lon="17.780291">
				<ele>510.000000</ele>
			</trkpt>
			<trkpt lat="66.993700" lon="17.780803">
				<ele>510.000000</ele>
			</trkpt>
			<trkpt lat="66.993840" lon="17.781432">
				<ele>510.000000</ele>
			</trkpt>
			<trkpt lat="66.993966" lon="17.782358">
				<ele>510.000000</ele>
			</trkpt>
			<trkpt lat="66.994142" lon="17.783103">
				<ele>510.000000</ele>
			</trkpt>
			<trkpt lat="66.994353" lon="17.783580">
				<ele>510.000000</ele>
			</trkpt>
			<trkpt lat="66.994528" lon="17.784092">
				<ele>510.000000</ele>
			</trkpt>
			<trkpt lat="66.994746" lon="17.784451">
				<ele>510.000000</ele>
			</trkpt>
			<trkpt lat="66.995065" lon="17.784675">
				<ele>510.000000</ele>
			</trkpt>
			<trkpt lat="66.995308" lon="17.785035">
				<ele>510.000000</ele>
			</trkpt>
			<trkpt lat="66.995525" lon="17.785547">
				<ele>510.000000</ele>
			</trkpt>
			<trkpt lat="66.995739" lon="17.785816">
				<ele>510.000000</ele>
			</trkpt>
			<trkpt lat="66.995788" lon="17.785870">
				<ele>510.000000</ele>
			</trkpt>
			<trkpt lat="66.995855" lon="17.786086">
				<ele>510.000000</ele>
			</trkpt>
			<trkpt lat="66.995918" lon="17.786535">
				<ele>510.000000</ele>
			</trkpt>
			<trkpt lat="66.995975" lon="17.787136">
				<ele>510.000000</ele>
			</trkpt>
			<trkpt lat="66.996108" lon="17.787675">
				<ele>510.000000</ele>
			</trkpt>
			<trkpt lat="66.996266" lon="17.788027">
				<ele>510.000000</ele>
			</trkpt>
			<trkpt lat="66.996333" lon="17.788314">
				<ele>510.000000</ele>
			</trkpt>
			<trkpt lat="66.996435" lon="17.788574">
				<ele>510.000000</ele>
			</trkpt>
			<trkpt lat="66.996771" lon="17.788861">
				<ele>510.000000</ele>
			</trkpt>
			<trkpt lat="66.997193" lon="17.789041">
				<ele>510.000000</ele>
			</trkpt>
			<trkpt lat="66.997663" lon="17.789589">
				<ele>510.000000</ele>
			</trkpt>
			<trkpt lat="66.998042" lon="17.790164">
				<ele>510.000000</ele>
			</trkpt>
			<trkpt lat="66.998137" lon="17.790235">
				<ele>510.000000</ele>
			</trkpt>
			<trkpt lat="66.998204" lon="17.790694">
				<ele>510.000000</ele>
			</trkpt>
			<trkpt lat="66.998288" lon="17.790604">
				<ele>510.000000</ele>
			</trkpt>
			<trkpt lat="66.998340" lon="17.790559">
				<ele>510.000000</ele>
			</trkpt>
			<trkpt lat="66.998464" lon="17.790658">
				<ele>510.000000</ele>
			</trkpt>
			<trkpt lat="66.998604" lon="17.790901">
				<ele>510.000000</ele>
			</trkpt>
			<trkpt lat="66.998797" lon="17.791547">
				<ele>510.000000</ele>
			</trkpt>
			<trkpt lat="66.998948" lon="17.791906">
				<ele>512.000000</ele>
			</trkpt>
			<trkpt lat="66.999120" lon="17.792096">
				<ele>512.000000</ele>
			</trkpt>
			<trkpt lat="66.999240" lon="17.792248">
				<ele>513.000000</ele>
			</trkpt>
			<trkpt lat="66.999436" lon="17.792392">
				<ele>514.000000</ele>
			</trkpt>
			<trkpt lat="66.999555" lon="17.792464">
				<ele>515.000000</ele>
			</trkpt>
			<trkpt lat="66.999633" lon="17.792572">
				<ele>515.000000</ele>
			</trkpt>
			<trkpt lat="66.999808" lon="17.792535">
				<ele>516.000000</ele>
			</trkpt>
			<trkpt lat="67.000043" lon="17.792482">
				<ele>517.000000</ele>
			</trkpt>
			<trkpt lat="67.000156" lon="17.792635">
				<ele>518.000000</ele>
			</trkpt>
			<trkpt lat="67.000239" lon="17.793002">
				<ele>519.000000</ele>
			</trkpt>
			<trkpt lat="67.000394" lon="17.793075">
				<ele>520.000000</ele>
			</trkpt>
			<trkpt lat="67.000545" lon="17.792805">
				<ele>520.000000</ele>
			</trkpt>
			<trkpt lat="67.000759" lon="17.792545">
				<ele>522.000000</ele>
			</trkpt>
			<trkpt lat="67.000864" lon="17.792482">
				<ele>522.000000</ele>
			</trkpt>
			<trkpt lat="67.000959" lon="17.792526">
				<ele>523.000000</ele>
			</trkpt>
			<trkpt lat="67.001282" lon="17.792841">
				<ele>524.000000</ele>
			</trkpt>
			<trkpt lat="67.001774" lon="17.793245">
				<ele>527.000000</ele>
			</trkpt>
			<trkpt lat="67.001949" lon="17.793344">
				<ele>528.000000</ele>
			</trkpt>
			<trkpt lat="67.002041" lon="17.793308">
				<ele>528.000000</ele>
			</trkpt>
			<trkpt lat="67.002311" lon="17.793497">
				<ele>530.000000</ele>
			</trkpt>
			<trkpt lat="67.002496" lon="17.794243">
				<ele>531.000000</ele>
			</trkpt>
			<trkpt lat="67.002739" lon="17.797629">
				<ele>535.000000</ele>
			</trkpt>
			<trkpt lat="67.002837" lon="17.799075">
				<ele>537.000000</ele>
			</trkpt>
			<trkpt lat="67.003307" lon="17.801285">
				<ele>541.000000</ele>
			</trkpt>
			<trkpt lat="67.003928" lon="17.803082">
				<ele>543.000000</ele>
			</trkpt>
			<trkpt lat="67.004111" lon="17.805238">
				<ele>546.000000</ele>
			</trkpt>
			<trkpt lat="67.004595" lon="17.806854">
				<ele>548.000000</ele>
			</trkpt>
			<trkpt lat="67.005438" lon="17.808625">
				<ele>552.000000</ele>
			</trkpt>
			<trkpt lat="67.005578" lon="17.812793">
				<ele>559.000000</ele>
			</trkpt>
			<trkpt lat="67.006020" lon="17.815146">
				<ele>564.000000</ele>
			</trkpt>
			<trkpt lat="67.006339" lon="17.818146">
				<ele>570.000000</ele>
			</trkpt>
			<trkpt lat="67.007009" lon="17.819827">
				<ele>572.000000</ele>
			</trkpt>
			<trkpt lat="67.007662" lon="17.819781">
				<ele>573.000000</ele>
			</trkpt>
			<trkpt lat="67.008350" lon="17.821802">
				<ele>574.000000</ele>
			</trkpt>
			<trkpt lat="67.008603" lon="17.824156">
				<ele>576.000000</ele>
			</trkpt>
			<trkpt lat="67.009701" lon="17.826806">
				<ele>578.000000</ele>
			</trkpt>
			<trkpt lat="67.010781" lon="17.827418">
				<ele>579.000000</ele>
			</trkpt>
			<trkpt lat="67.011192" lon="17.828899">
				<ele>580.000000</ele>
			</trkpt>
			<trkpt lat="67.011823" lon="17.830165">
				<ele>580.000000</ele>
			</trkpt>
			<trkpt lat="67.012406" lon="17.831217">
				<ele>580.000000</ele>
			</trkpt>
			<trkpt lat="67.012700" lon="17.831666">
				<ele>580.000000</ele>
			</trkpt>
			<trkpt lat="67.012942" lon="17.832268">
				<ele>580.000000</ele>
			</trkpt>
			<trkpt lat="67.013128" lon="17.832825">
				<ele>580.000000</ele>
			</trkpt>
			<trkpt lat="67.013914" lon="17.834855">
				<ele>580.000000</ele>
			</trkpt>
			<trkpt lat="67.014430" lon="17.836005">
				<ele>580.000000</ele>
			</trkpt>
			<trkpt lat="67.015026" lon="17.836643">
				<ele>579.000000</ele>
			</trkpt>
			<trkpt lat="67.015356" lon="17.836624">
				<ele>579.000000</ele>
			</trkpt>
			<trkpt lat="67.015643" lon="17.837074">
				<ele>578.000000</ele>
			</trkpt>
			<trkpt lat="67.016110" lon="17.838350">
				<ele>576.000000</ele>
			</trkpt>
			<trkpt lat="67.017033" lon="17.840505">
				<ele>572.000000</ele>
			</trkpt>
			<trkpt lat="67.017517" lon="17.841386">
				<ele>571.000000</ele>
			</trkpt>
			<trkpt lat="67.018025" lon="17.842490">
				<ele>565.000000</ele>
			</trkpt>
			<trkpt lat="67.018629" lon="17.843003">
				<ele>559.000000</ele>
			</trkpt>
			<trkpt lat="67.018857" lon="17.843847">
				<ele>556.000000</ele>
			</trkpt>
			<trkpt lat="67.019126" lon="17.844071">
				<ele>553.000000</ele>
			</trkpt>
			<trkpt lat="67.019593" lon="17.845222">
				<ele>547.000000</ele>
			</trkpt>
			<trkpt lat="67.019901" lon="17.846425">
				<ele>542.000000</ele>
			</trkpt>
			<trkpt lat="67.020624" lon="17.846794">
				<ele>538.000000</ele>
			</trkpt>
			<trkpt lat="67.021248" lon="17.847440">
				<ele>536.000000</ele>
			</trkpt>
			<trkpt lat="67.021816" lon="17.848662">
				<ele>533.000000</ele>
			</trkpt>
			<trkpt lat="67.023001" lon="17.850782">
				<ele>530.000000</ele>
			</trkpt>
			<trkpt lat="67.023209" lon="17.852184">
				<ele>530.000000</ele>
			</trkpt>
			<trkpt lat="67.023685" lon="17.854671">
				<ele>530.000000</ele>
			</trkpt>
			<trkpt lat="67.023910" lon="17.855723">
				<ele>530.000000</ele>
			</trkpt>
			<trkpt lat="67.024839" lon="17.856874">
				<ele>530.000000</ele>
			</trkpt>
			<trkpt lat="67.025277" lon="17.858103">
				<ele>530.000000</ele>
			</trkpt>
			<trkpt lat="67.025614" lon="17.858355">
				<ele>530.000000</ele>
			</trkpt>
			<trkpt lat="67.025912" lon="17.858508">
				<ele>530.000000</ele>
			</trkpt>
			<trkpt lat="67.026207" lon="17.859002">
				<ele>529.000000</ele>
			</trkpt>
			<trkpt lat="67.027182" lon="17.860061">
				<ele>528.000000</ele>
			</trkpt>
			<trkpt lat="67.027662" lon="17.861589">
				<ele>528.000000</ele>
			</trkpt>
			<trkpt lat="67.027872" lon="17.862740">
				<ele>527.000000</ele>
			</trkpt>
			<trkpt lat="67.028054" lon="17.863583">
				<ele>527.000000</ele>
			</trkpt>
			<trkpt lat="67.028387" lon="17.864374">
				<ele>526.000000</ele>
			</trkpt>
			<trkpt lat="67.028395" lon="17.864455">
				<ele>526.000000</ele>
			</trkpt>
			<trkpt lat="67.028566" lon="17.866206">
				<ele>526.000000</ele>
			</trkpt>
			<trkpt lat="67.028587" lon="17.866403">
				<ele>526.000000</ele>
			</trkpt>
			<trkpt lat="67.028720" lon="17.867572">
				<ele>525.000000</ele>
			</trkpt>
			<trkpt lat="67.029302" lon="17.868596">
				<ele>525.000000</ele>
			</trkpt>
			<trkpt lat="67.029512" lon="17.869198">
				<ele>524.000000</ele>
			</trkpt>
			<trkpt lat="67.029551" lon="17.869971">
				<ele>524.000000</ele>
			</trkpt>
			<trkpt lat="67.029653" lon="17.870151">
				<ele>524.000000</ele>
			</trkpt>
			<trkpt lat="67.029730" lon="17.870627">
				<ele>524.000000</ele>
			</trkpt>
			<trkpt lat="67.029811" lon="17.871300">
				<ele>524.000000</ele>
			</trkpt>
			<trkpt lat="67.029814" lon="17.875424">
				<ele>522.000000</ele>
			</trkpt>
			<trkpt lat="67.029909" lon="17.876869">
				<ele>522.000000</ele>
			</trkpt>
			<trkpt lat="67.029965" lon="17.878190">
				<ele>521.000000</ele>
			</trkpt>
			<trkpt lat="67.030302" lon="17.879879">
				<ele>521.000000</ele>
			</trkpt>
			<trkpt lat="67.030424" lon="17.880785">
				<ele>520.000000</ele>
			</trkpt>
			<trkpt lat="67.030452" lon="17.881856">
				<ele>520.000000</ele>
			</trkpt>
			<trkpt lat="67.030519" lon="17.882565">
				<ele>520.000000</ele>
			</trkpt>
			<trkpt lat="67.030484" lon="17.883814">
				<ele>520.000000</ele>
			</trkpt>
			<trkpt lat="67.030371" lon="17.885718">
				<ele>518.000000</ele>
			</trkpt>
			<trkpt lat="67.030550" lon="17.887074">
				<ele>515.000000</ele>
			</trkpt>
			<trkpt lat="67.030684" lon="17.889122">
				<ele>511.000000</ele>
			</trkpt>
			<trkpt lat="67.030943" lon="17.890047">
				<ele>510.000000</ele>
			</trkpt>
			<trkpt lat="67.031076" lon="17.891710">
				<ele>510.000000</ele>
			</trkpt>
			<trkpt lat="67.031016" lon="17.892662">
				<ele>510.000000</ele>
			</trkpt>
			<trkpt lat="67.030810" lon="17.895383">
				<ele>510.000000</ele>
			</trkpt>
			<trkpt lat="67.030613" lon="17.896651">
				<ele>510.000000</ele>
			</trkpt>
			<trkpt lat="67.030947" lon="17.897557">
				<ele>510.000000</ele>
			</trkpt>
			<trkpt lat="67.031069" lon="17.897827">
				<ele>510.000000</ele>
			</trkpt>
			<trkpt lat="67.031139" lon="17.898007">
				<ele>510.000000</ele>
			</trkpt>
			<trkpt lat="67.031244" lon="17.898259">
				<ele>510.000000</ele>
			</trkpt>
			<trkpt lat="67.031553" lon="17.898618">
				<ele>510.000000</ele>
			</trkpt>
			<trkpt lat="67.032233" lon="17.899175">
				<ele>510.000000</ele>
			</trkpt>
			<trkpt lat="67.032815" lon="17.900001">
				<ele>511.000000</ele>
			</trkpt>
			<trkpt lat="67.034066" lon="17.901375">
				<ele>520.000000</ele>
			</trkpt>
			<trkpt lat="67.034466" lon="17.902247">
				<ele>520.000000</ele>
			</trkpt>
			<trkpt lat="67.034662" lon="17.902966">
				<ele>520.000000</ele>
			</trkpt>
			<trkpt lat="67.034974" lon="17.906442">
				<ele>520.000000</ele>
			</trkpt>
			<trkpt lat="67.035703" lon="17.910601">
				<ele>520.000000</ele>
			</trkpt>
			<trkpt lat="67.036572" lon="17.918857">
				<ele>520.000000</ele>
			</trkpt>
			<trkpt lat="67.036940" lon="17.921776">
				<ele>520.000000</ele>
			</trkpt>
			<trkpt lat="67.037287" lon="17.923304">
				<ele>520.000000</ele>
			</trkpt>
			<trkpt lat="67.037749" lon="17.924534">
				<ele>520.000000</ele>
			</trkpt>
			<trkpt lat="67.038398" lon="17.926285">
				<ele>520.000000</ele>
			</trkpt>
			<trkpt lat="67.038892" lon="17.928145">
				<ele>520.000000</ele>
			</trkpt>
			<trkpt lat="67.039439" lon="17.930076">
				<ele>520.000000</ele>
			</trkpt>
			<trkpt lat="67.039498" lon="17.930679">
				<ele>520.000000</ele>
			</trkpt>
			<trkpt lat="67.040059" lon="17.933212">
				<ele>520.000000</ele>
			</trkpt>
			<trkpt lat="67.040732" lon="17.934298">
				<ele>520.000000</ele>
			</trkpt>
			<trkpt lat="67.040935" lon="17.934990">
				<ele>520.000000</ele>
			</trkpt>
			<trkpt lat="67.041198" lon="17.935071">
				<ele>520.000000</ele>
			</trkpt>
			<trkpt lat="67.042757" lon="17.935520">
				<ele>515.000000</ele>
			</trkpt>
			<trkpt lat="67.043300" lon="17.936814">
				<ele>511.000000</ele>
			</trkpt>
			<trkpt lat="67.043640" lon="17.937560">
				<ele>509.000000</ele>
			</trkpt>
			<trkpt lat="67.043763" lon="17.938332">
				<ele>507.000000</ele>
			</trkpt>
			<trkpt lat="67.043815" lon="17.940632">
				<ele>501.000000</ele>
			</trkpt>
			<trkpt lat="67.043798" lon="17.942051">
				<ele>500.000000</ele>
			</trkpt>
			<trkpt lat="67.043440" lon="17.942967">
				<ele>500.000000</ele>
			</trkpt>
			<trkpt lat="67.043346" lon="17.942967">
				<ele>500.000000</ele>
			</trkpt>
			<trkpt lat="67.043062" lon="17.943030">
				<ele>500.000000</ele>
			</trkpt>
			<trkpt lat="67.042729" lon="17.942841">
				<ele>500.000000</ele>
			</trkpt>
			<trkpt lat="67.042571" lon="17.942850">
				<ele>500.000000</ele>
			</trkpt>
			<trkpt lat="67.042428" lon="17.942923">
				<ele>500.000000</ele>
			</trkpt>
			<trkpt lat="67.042428" lon="17.942923">
				<ele>500.000000</ele>
			</trkpt>
			<trkpt lat="67.042571" lon="17.942850">
				<ele>500.000000</ele>
			</trkpt>
			<trkpt lat="67.042729" lon="17.942841">
				<ele>500.000000</ele>
			</trkpt>
			<trkpt lat="67.043062" lon="17.943030">
				<ele>500.000000</ele>
			</trkpt>
			<trkpt lat="67.043346" lon="17.942967">
				<ele>500.000000</ele>
			</trkpt>
			<trkpt lat="67.043440" lon="17.942967">
				<ele>500.000000</ele>
			</trkpt>
			<trkpt lat="67.043882" lon="17.946166">
				<ele>500.000000</ele>
			</trkpt>
			<trkpt lat="67.044018" lon="17.947522">
				<ele>501.000000</ele>
			</trkpt>
			<trkpt lat="67.044285" lon="17.948061">
				<ele>502.000000</ele>
			</trkpt>
			<trkpt lat="67.044705" lon="17.948833">
				<ele>503.000000</ele>
			</trkpt>
			<trkpt lat="67.045339" lon="17.949588">
				<ele>504.000000</ele>
			</trkpt>
			<trkpt lat="67.045434" lon="17.949363">
				<ele>504.000000</ele>
			</trkpt>
			<trkpt lat="67.045494" lon="17.949372">
				<ele>504.000000</ele>
			</trkpt>
			<trkpt lat="67.045500" lon="17.949669">
				<ele>504.000000</ele>
			</trkpt>
			<trkpt lat="67.045763" lon="17.949642">
				<ele>504.000000</ele>
			</trkpt>
			<trkpt lat="67.046009" lon="17.950198">
				<ele>505.000000</ele>
			</trkpt>
			<trkpt lat="67.046685" lon="17.950846">
				<ele>506.000000</ele>
			</trkpt>
			<trkpt lat="67.047031" lon="17.952158">
				<ele>507.000000</ele>
			</trkpt>
			<trkpt lat="67.047056" lon="17.952840">
				<ele>507.000000</ele>
			</trkpt>
			<trkpt lat="67.046965" lon="17.953164">
				<ele>507.000000</ele>
			</trkpt>
			<trkpt lat="67.047686" lon="17.953953">
				<ele>509.000000</ele>
			</trkpt>
			<trkpt lat="67.048923" lon="17.955714">
				<ele>510.000000</ele>
			</trkpt>
			<trkpt lat="67.049410" lon="17.956613">
				<ele>510.000000</ele>
			</trkpt>
			<trkpt lat="67.049929" lon="17.956892">
				<ele>512.000000</ele>
			</trkpt>
			<trkpt lat="67.051224" lon="17.957879">
				<ele>515.000000</ele>
			</trkpt>
			<trkpt lat="67.051627" lon="17.958508">
				<ele>516.000000</ele>
			</trkpt>
			<trkpt lat="67.051792" lon="17.959496">
				<ele>517.000000</ele>
			</trkpt>
			<trkpt lat="67.052899" lon="17.959685">
				<ele>520.000000</ele>
			</trkpt>
			<trkpt lat="67.053869" lon="17.960224">
				<ele>522.000000</ele>
			</trkpt>
			<trkpt lat="67.054352" lon="17.961832">
				<ele>523.000000</ele>
			</trkpt>
			<trkpt lat="67.054989" lon="17.964617">
				<ele>525.000000</ele>
			</trkpt>
			<trkpt lat="67.055802" lon="17.967141">
				<ele>527.000000</ele>
			</trkpt>
			<trkpt lat="67.056821" lon="17.967536">
				<ele>529.000000</ele>
			</trkpt>
			<trkpt lat="67.057822" lon="17.967698">
				<ele>531.000000</ele>
			</trkpt>
			<trkpt lat="67.058604" lon="17.968012">
				<ele>535.000000</ele>
			</trkpt>
			<trkpt lat="67.059181" lon="17.968722">
				<ele>537.000000</ele>
			</trkpt>
			<trkpt lat="67.060574" lon="17.972396">
				<ele>543.000000</ele>
			</trkpt>
			<trkpt lat="67.061930" lon="17.973178">
				<ele>546.000000</ele>
			</trkpt>
			<trkpt lat="67.063110" lon="17.976062">
				<ele>551.000000</ele>
			</trkpt>
			<trkpt lat="67.063460" lon="17.976322">
				<ele>553.000000</ele>
			</trkpt>
			<trkpt lat="67.063778" lon="17.976870">
				<ele>556.000000</ele>
			</trkpt>
			<trkpt lat="67.064264" lon="17.976914">
				<ele>560.000000</ele>
			</trkpt>
			<trkpt lat="67.064513" lon="17.976914">
				<ele>561.000000</ele>
			</trkpt>
			<trkpt lat="67.065046" lon="17.977364">
				<ele>564.000000</ele>
			</trkpt>
			<trkpt lat="67.065483" lon="17.978172">
				<ele>566.000000</ele>
			</trkpt>
			<trkpt lat="67.065609" lon="17.978073">
				<ele>567.000000</ele>
			</trkpt>
			<trkpt lat="67.065735" lon="17.978343">
				<ele>567.000000</ele>
			</trkpt>
			<trkpt lat="67.065805" lon="17.978702">
				<ele>568.000000</ele>
			</trkpt>
			<trkpt lat="67.066260" lon="17.978828">
				<ele>570.000000</ele>
			</trkpt>
			<trkpt lat="67.066586" lon="17.979394">
				<ele>574.000000</ele>
			</trkpt>
			<trkpt lat="67.066694" lon="17.979807">
				<ele>576.000000</ele>
			</trkpt>
			<trkpt lat="67.066946" lon="17.980130">
				<ele>578.000000</ele>
			</trkpt>
			<trkpt lat="67.067100" lon="17.980796">
				<ele>582.000000</ele>
			</trkpt>
			<trkpt lat="67.067373" lon="17.981685">
				<ele>587.000000</ele>
			</trkpt>
			<trkpt lat="67.067751" lon="17.982027">
				<ele>592.000000</ele>
			</trkpt>
			<trkpt lat="67.067919" lon="17.982430">
				<ele>596.000000</ele>
			</trkpt>
			<trkpt lat="67.068591" lon="17.982943">
				<ele>604.000000</ele>
			</trkpt>
			<trkpt lat="67.069147" lon="17.982943">
				<ele>609.000000</ele>
			</trkpt>
			<trkpt lat="67.069210" lon="17.983320">
				<ele>610.000000</ele>
			</trkpt>
			<trkpt lat="67.069235" lon="17.983572">
				<ele>611.000000</ele>
			</trkpt>
			<trkpt lat="67.069617" lon="17.985287">
				<ele>620.000000</ele>
			</trkpt>
			<trkpt lat="67.070134" lon="17.987111">
				<ele>626.000000</ele>
			</trkpt>
			<trkpt lat="67.070443" lon="17.988359">
				<ele>630.000000</ele>
			</trkpt>
			<trkpt lat="67.071115" lon="17.989329">
				<ele>637.000000</ele>
			</trkpt>
			<trkpt lat="67.071451" lon="17.990713">
				<ele>643.000000</ele>
			</trkpt>
			<trkpt lat="67.071916" lon="17.991791">
				<ele>649.000000</ele>
			</trkpt>
			<trkpt lat="67.072164" lon="17.993111">
				<ele>656.000000</ele>
			</trkpt>
			<trkpt lat="67.072567" lon="17.994639">
				<ele>663.000000</ele>
			</trkpt>
			<trkpt lat="67.072966" lon="17.996399">
				<ele>672.000000</ele>
			</trkpt>
			<trkpt lat="67.073421" lon="17.999040">
				<ele>688.000000</ele>
			</trkpt>
			<trkpt lat="67.073886" lon="18.001143">
				<ele>698.000000</ele>
			</trkpt>
			<trkpt lat="67.074268" lon="18.002391">
				<ele>705.000000</ele>
			</trkpt>
			<trkpt lat="67.074673" lon="18.004233">
				<ele>715.000000</ele>
			</trkpt>
			<trkpt lat="67.074684" lon="18.005068">
				<ele>719.000000</ele>
			</trkpt>
			<trkpt lat="67.074887" lon="18.006128">
				<ele>726.000000</ele>
			</trkpt>
			<trkpt lat="67.075188" lon="18.007799">
				<ele>738.000000</ele>
			</trkpt>
			<trkpt lat="67.075482" lon="18.009577">
				<ele>752.000000</ele>
			</trkpt>
			<trkpt lat="67.075451" lon="18.014447">
				<ele>803.000000</ele>
			</trkpt>
			<trkpt lat="67.075485" lon="18.015200">
				<ele>812.000000</ele>
			</trkpt>
			<trkpt lat="67.075510" lon="18.015902">
				<ele>819.000000</ele>
			</trkpt>
			<trkpt lat="67.075706" lon="18.017123">
				<ele>828.000000</ele>
			</trkpt>
			<trkpt lat="67.076126" lon="18.018282">
				<ele>836.000000</ele>
			</trkpt>
			<trkpt lat="67.076479" lon="18.019900">
				<ele>842.000000</ele>
			</trkpt>
			<trkpt lat="67.076661" lon="18.020986">
				<ele>844.000000</ele>
			</trkpt>
			<trkpt lat="67.076979" lon="18.021418">
				<ele>846.000000</ele>
			</trkpt>
			<trkpt lat="67.077134" lon="18.022450">
				<ele>848.000000</ele>
			</trkpt>
			<trkpt lat="67.077424" lon="18.025307">
				<ele>860.000000</ele>
			</trkpt>
			<trkpt lat="67.077421" lon="18.027230">
				<ele>860.000000</ele>
			</trkpt>
			<trkpt lat="67.077560" lon="18.028452">
				<ele>860.000000</ele>
			</trkpt>
			<trkpt lat="67.077578" lon="18.029322">
				<ele>860.000000</ele>
			</trkpt>
			<trkpt lat="67.077658" lon="18.032081">
				<ele>852.000000</ele>
			</trkpt>
			<trkpt lat="67.077672" lon="18.033527">
				<ele>846.000000</ele>
			</trkpt>
			<trkpt lat="67.077816" lon="18.035511">
				<ele>839.000000</ele>
			</trkpt>
			<trkpt lat="67.078257" lon="18.038081">
				<ele>836.000000</ele>
			</trkpt>
			<trkpt lat="67.078757" lon="18.040362">
				<ele>833.000000</ele>
			</trkpt>
			<trkpt lat="67.079093" lon="18.041998">
				<ele>831.000000</ele>
			</trkpt>
			<trkpt lat="67.079565" lon="18.044980">
				<ele>830.000000</ele>
			</trkpt>
			<trkpt lat="67.080482" lon="18.047316">
				<ele>830.000000</ele>
			</trkpt>
			<trkpt lat="67.081486" lon="18.049616">
				<ele>833.000000</ele>
			</trkpt>
			<trkpt lat="67.082045" lon="18.050990">
				<ele>836.000000</ele>
			</trkpt>
			<trkpt lat="67.082199" lon="18.052014">
				<ele>838.000000</ele>
			</trkpt>
			<trkpt lat="67.082532" lon="18.052885">
				<ele>840.000000</ele>
			</trkpt>
			<trkpt lat="67.082794" lon="18.054143">
				<ele>840.000000</ele>
			</trkpt>
			<trkpt lat="67.082784" lon="18.054574">
				<ele>840.000000</ele>
			</trkpt>
			<trkpt lat="67.083305" lon="18.057512">
				<ele>840.000000</ele>
			</trkpt>
			<trkpt lat="67.083616" lon="18.060575">
				<ele>840.000000</ele>
			</trkpt>
			<trkpt lat="67.083668" lon="18.061671">
				<ele>840.000000</ele>
			</trkpt>
			<trkpt lat="67.083759" lon="18.062057">
				<ele>840.000000</ele>
			</trkpt>
			<trkpt lat="67.083871" lon="18.063359">
				<ele>840.000000</ele>
			</trkpt>
			<trkpt lat="67.083889" lon="18.064132">
				<ele>839.000000</ele>
			</trkpt>
			<trkpt lat="67.083525" lon="18.065220">
				<ele>838.000000</ele>
			</trkpt>
			<trkpt lat="67.083532" lon="18.066459">
				<ele>837.000000</ele>
			</trkpt>
			<trkpt lat="67.083749" lon="18.067357">
				<ele>836.000000</ele>
			</trkpt>
			<trkpt lat="67.083815" lon="18.069073">
				<ele>834.000000</ele>
			</trkpt>
			<trkpt lat="67.084165" lon="18.070259">
				<ele>833.000000</ele>
			</trkpt>
			<trkpt lat="67.084123" lon="18.072298">
				<ele>831.000000</ele>
			</trkpt>
			<trkpt lat="67.084092" lon="18.073044">
				<ele>830.000000</ele>
			</trkpt>
			<trkpt lat="67.083966" lon="18.073673">
				<ele>829.000000</ele>
			</trkpt>
			<trkpt lat="67.083549" lon="18.075298">
				<ele>827.000000</ele>
			</trkpt>
			<trkpt lat="67.083346" lon="18.077185">
				<ele>824.000000</ele>
			</trkpt>
			<trkpt lat="67.083423" lon="18.078307">
				<ele>823.000000</ele>
			</trkpt>
			<trkpt lat="67.083682" lon="18.078694">
				<ele>822.000000</ele>
			</trkpt>
			<trkpt lat="67.083766" lon="18.079162">
				<ele>821.000000</ele>
			</trkpt>
			<trkpt lat="67.083773" lon="18.080518">
				<ele>819.000000</ele>
			</trkpt>
			<trkpt lat="67.083431" lon="18.083068">
				<ele>814.000000</ele>
			</trkpt>
			<trkpt lat="67.082822" lon="18.085386">
				<ele>810.000000</ele>
			</trkpt>
			<trkpt lat="67.082560" lon="18.087147">
				<ele>808.000000</ele>
			</trkpt>
			<trkpt lat="67.082595" lon="18.088755">
				<ele>807.000000</ele>
			</trkpt>
			<trkpt lat="67.082797" lon="18.090273">
				<ele>806.000000</ele>
			</trkpt>
			<trkpt lat="67.082395" lon="18.092806">
				<ele>804.000000</ele>
			</trkpt>
			<trkpt lat="67.082210" lon="18.095492">
				<ele>802.000000</ele>
			</trkpt>
			<trkpt lat="67.082252" lon="18.097613">
				<ele>800.000000</ele>
			</trkpt>
			<trkpt lat="67.082094" lon="18.099508">
				<ele>800.000000</ele>
			</trkpt>
			<trkpt lat="67.082038" lon="18.100981">
				<ele>800.000000</ele>
			</trkpt>
			<trkpt lat="67.081913" lon="18.103433">
				<ele>800.000000</ele>
			</trkpt>
			<trkpt lat="67.081783" lon="18.104260">
				<ele>800.000000</ele>
			</trkpt>
			<trkpt lat="67.081779" lon="18.104647">
				<ele>800.000000</ele>
			</trkpt>
			<trkpt lat="67.081755" lon="18.105302">
				<ele>800.000000</ele>
			</trkpt>
			<trkpt lat="67.081776" lon="18.105526">
				<ele>800.000000</ele>
			</trkpt>
			<trkpt lat="67.081720" lon="18.106209">
				<ele>800.000000</ele>
			</trkpt>
			<trkpt lat="67.081681" lon="18.107305">
				<ele>800.000000</ele>
			</trkpt>
			<trkpt lat="67.083063" lon="18.112713">
				<ele>811.000000</ele>
			</trkpt>
			<trkpt lat="67.083305" lon="18.114564">
				<ele>812.000000</ele>
			</trkpt>
			<trkpt lat="67.083297" lon="18.115165">
				<ele>813.000000</ele>
			</trkpt>
			<trkpt lat="67.083340" lon="18.118669">
				<ele>815.000000</ele>
			</trkpt>
			<trkpt lat="67.084588" lon="18.130132">
				<ele>822.000000</ele>
			</trkpt>
			<trkpt lat="67.084903" lon="18.132315">
				<ele>825.000000</ele>
			</trkpt>
			<trkpt lat="67.085120" lon="18.135682">
				<ele>829.000000</ele>
			</trkpt>
			<trkpt lat="67.085477" lon="18.135872">
				<ele>830.000000</ele>
			</trkpt>
			<trkpt lat="67.087862" lon="18.142636">
				<ele>830.000000</ele>
			</trkpt>
			<trkpt lat="67.088016" lon="18.143625">
				<ele>830.000000</ele>
			</trkpt>
			<trkpt lat="67.088174" lon="18.146005">
				<ele>826.000000</ele>
			</trkpt>
			<trkpt lat="67.088603" lon="18.148511">
				<ele>817.000000</ele>
			</trkpt>
			<trkpt lat="67.089170" lon="18.153039">
				<ele>798.000000</ele>
			</trkpt>
			<trkpt lat="67.089947" lon="18.155491">
				<ele>775.000000</ele>
			</trkpt>
			<trkpt lat="67.090607" lon="18.158186">
				<ele>752.000000</ele>
			</trkpt>
			<trkpt lat="67.090649" lon="18.159588">
				<ele>744.000000</ele>
			</trkpt>
			<trkpt lat="67.090775" lon="18.160611">
				<ele>737.000000</ele>
			</trkpt>
			<trkpt lat="67.090751" lon="18.161905">
				<ele>728.000000</ele>
			</trkpt>
			<trkpt lat="67.090779" lon="18.162471">
				<ele>723.000000</ele>
			</trkpt>
			<trkpt lat="67.090820" lon="18.163064">
				<ele>716.000000</ele>
			</trkpt>
			<trkpt lat="67.091003" lon="18.163324">
				<ele>709.000000</ele>
			</trkpt>
			<trkpt lat="67.091202" lon="18.164079">
				<ele>700.000000</ele>
			</trkpt>
			<trkpt lat="67.091279" lon="18.164303">
				<ele>696.000000</ele>
			</trkpt>
			<trkpt lat="67.091341" lon="18.164573">
				<ele>693.000000</ele>
			</trkpt>
			<trkpt lat="67.091677" lon="18.164798">
				<ele>683.000000</ele>
			</trkpt>
			<trkpt lat="67.092072" lon="18.165417">
				<ele>670.000000</ele>
			</trkpt>
			<trkpt lat="67.092471" lon="18.165804">
				<ele>659.000000</ele>
			</trkpt>
			<trkpt lat="67.092786" lon="18.166576">
				<ele>653.000000</ele>
			</trkpt>
			<trkpt lat="67.092828" lon="18.168274">
				<ele>640.000000</ele>
			</trkpt>
			<trkpt lat="67.092971" lon="18.169972">
				<ele>627.000000</ele>
			</trkpt>
			<trkpt lat="67.093251" lon="18.171364">
				<ele>617.000000</ele>
			</trkpt>
			<trkpt lat="67.093657" lon="18.172612">
				<ele>606.000000</ele>
			</trkpt>
			<trkpt lat="67.093866" lon="18.174068">
				<ele>598.000000</ele>
			</trkpt>
			<trkpt lat="67.094097" lon="18.174903">
				<ele>592.000000</ele>
			</trkpt>
			<trkpt lat="67.094681" lon="18.176188">
				<ele>585.000000</ele>
			</trkpt>
			<trkpt lat="67.094985" lon="18.178542">
				<ele>579.000000</ele>
			</trkpt>
			<trkpt lat="67.095307" lon="18.180006">
				<ele>577.000000</ele>
			</trkpt>
			<trkpt lat="67.095503" lon="18.180589">
				<ele>577.000000</ele>
			</trkpt>
			<trkpt lat="67.095684" lon="18.181012">
				<ele>576.000000</ele>
			</trkpt>
			<trkpt lat="67.095821" lon="18.181694">
				<ele>575.000000</ele>
			</trkpt>
			<trkpt lat="67.095978" lon="18.182162">
				<ele>574.000000</ele>
			</trkpt>
			<trkpt lat="67.096146" lon="18.183249">
				<ele>573.000000</ele>
			</trkpt>
			<trkpt lat="67.096293" lon="18.184767">
				<ele>571.000000</ele>
			</trkpt>
			<trkpt lat="67.096576" lon="18.186734">
				<ele>568.000000</ele>
			</trkpt>
			<trkpt lat="67.096926" lon="18.187759">
				<ele>565.000000</ele>
			</trkpt>
			<trkpt lat="67.096898" lon="18.189088">
				<ele>562.000000</ele>
			</trkpt>
			<trkpt lat="67.096800" lon="18.192151">
				<ele>556.000000</ele>
			</trkpt>
			<trkpt lat="67.096684" lon="18.193113">
				<ele>554.000000</ele>
			</trkpt>
			<trkpt lat="67.096635" lon="18.193373">
				<ele>553.000000</ele>
			</trkpt>
			<trkpt lat="67.096604" lon="18.194604">
				<ele>551.000000</ele>
			</trkpt>
			<trkpt lat="67.096338" lon="18.196516">
				<ele>548.000000</ele>
			</trkpt>
			<trkpt lat="67.096391" lon="18.197038">
				<ele>547.000000</ele>
			</trkpt>
			<trkpt lat="67.096474" lon="18.197344">
				<ele>547.000000</ele>
			</trkpt>
			<trkpt lat="67.096653" lon="18.197442">
				<ele>546.000000</ele>
			</trkpt>
			<trkpt lat="67.096688" lon="18.197281">
				<ele>546.000000</ele>
			</trkpt>
			<trkpt lat="67.096792" lon="18.197137">
				<ele>545.000000</ele>
			</trkpt>
			<trkpt lat="67.096849" lon="18.197191">
				<ele>545.000000</ele>
			</trkpt>
			<trkpt lat="67.097013" lon="18.197478">
				<ele>545.000000</ele>
			</trkpt>
			<trkpt lat="67.097380" lon="18.198960">
				<ele>542.000000</ele>
			</trkpt>
			<trkpt lat="67.097649" lon="18.199795">
				<ele>541.000000</ele>
			</trkpt>
			<trkpt lat="67.097705" lon="18.200271">
				<ele>540.000000</ele>
			</trkpt>
			<trkpt lat="67.097614" lon="18.200892">
				<ele>540.000000</ele>
			</trkpt>
			<trkpt lat="67.097446" lon="18.201296">
				<ele>540.000000</ele>
			</trkpt>
			<trkpt lat="67.097404" lon="18.202132">
				<ele>540.000000</ele>
			</trkpt>
			<trkpt lat="67.097223" lon="18.203003">
				<ele>540.000000</ele>
			</trkpt>
			<trkpt lat="67.097125" lon="18.203713">
				<ele>540.000000</ele>
			</trkpt>
			<trkpt lat="67.097114" lon="18.203946">
				<ele>540.000000</ele>
			</trkpt>
			<trkpt lat="67.097149" lon="18.204090">
				<ele>540.000000</ele>
			</trkpt>
			<trkpt lat="67.097408" lon="18.204449">
				<ele>540.000000</ele>
			</trkpt>
			<trkpt lat="67.097555" lon="18.204692">
				<ele>540.000000</ele>
			</trkpt>
			<trkpt lat="67.097820" lon="18.205338">
				<ele>540.000000</ele>
			</trkpt>
			<trkpt lat="67.097970" lon="18.205671">
				<ele>540.000000</ele>
			</trkpt>
			<trkpt lat="67.098177" lon="18.205734">
				<ele>540.000000</ele>
			</trkpt>
			<trkpt lat="67.098565" lon="18.205958">
				<ele>541.000000</ele>
			</trkpt>
			<trkpt lat="67.099540" lon="18.206426">
				<ele>547.000000</ele>
			</trkpt>
			<trkpt lat="67.099984" lon="18.208158">
				<ele>551.000000</ele>
			</trkpt>
			<trkpt lat="67.100191" lon="18.208671">
				<ele>553.000000</ele>
			</trkpt>
			<trkpt lat="67.100543" lon="18.209084">
				<ele>555.000000</ele>
			</trkpt>
			<trkpt lat="67.101208" lon="18.209282">
				<ele>558.000000</ele>
			</trkpt>
			<trkpt lat="67.101498" lon="18.210594">
				<ele>561.000000</ele>
			</trkpt>
			<trkpt lat="67.101658" lon="18.211636">
				<ele>562.000000</ele>
			</trkpt>
			<trkpt lat="67.101687" lon="18.212516">
				<ele>563.000000</ele>
			</trkpt>
			<trkpt lat="67.101812" lon="18.213818">
				<ele>564.000000</ele>
			</trkpt>
			<trkpt lat="67.101931" lon="18.215095">
				<ele>566.000000</ele>
			</trkpt>
			<trkpt lat="67.101907" lon="18.216944">
				<ele>568.000000</ele>
			</trkpt>
			<trkpt lat="67.102099" lon="18.218104">
				<ele>569.000000</ele>
			</trkpt>
			<trkpt lat="67.101990" lon="18.219469">
				<ele>570.000000</ele>
			</trkpt>
			<trkpt lat="67.102232" lon="18.222928">
				<ele>566.000000</ele>
			</trkpt>
			<trkpt lat="67.102214" lon="18.226467">
				<ele>560.000000</ele>
			</trkpt>
			<trkpt lat="67.102365" lon="18.227814">
				<ele>560.000000</ele>
			</trkpt>
			<trkpt lat="67.102253" lon="18.229297">
				<ele>560.000000</ele>
			</trkpt>
			<trkpt lat="67.102875" lon="18.232701">
				<ele>562.000000</ele>
			</trkpt>
			<trkpt lat="67.103042" lon="18.234740">
				<ele>563.000000</ele>
			</trkpt>
			<trkpt lat="67.103099" lon="18.242106">
				<ele>569.000000</ele>
			</trkpt>
			<trkpt lat="67.103333" lon="18.246329">
				<ele>570.000000</ele>
			</trkpt>
			<trkpt lat="67.103427" lon="18.251746">
				<ele>569.000000</ele>
			</trkpt>
			<trkpt lat="67.103413" lon="18.256874">
				<ele>566.000000</ele>
			</trkpt>
			<trkpt lat="67.103382" lon="18.258581">
				<ele>565.000000</ele>
			</trkpt>
			<trkpt lat="67.103539" lon="18.264241">
				<ele>561.000000</ele>
			</trkpt>
			<trkpt lat="67.103895" lon="18.266109">
				<ele>559.000000</ele>
			</trkpt>
			<trkpt lat="67.104962" lon="18.269424">
				<ele>552.000000</ele>
			</trkpt>
			<trkpt lat="67.105202" lon="18.272263">
				<ele>547.000000</ele>
			</trkpt>
			<trkpt lat="67.105992" lon="18.273772">
				<ele>543.000000</ele>
			</trkpt>
			<trkpt lat="67.106541" lon="18.274392">
				<ele>540.000000</ele>
			</trkpt>
			<trkpt lat="67.107111" lon="18.275047">
				<ele>538.000000</ele>
			</trkpt>
			<trkpt lat="67.108169" lon="18.276189">
				<ele>533.000000</ele>
			</trkpt>
			<trkpt lat="67.109197" lon="18.278263">
				<ele>529.000000</ele>
			</trkpt>
			<trkpt lat="67.110186" lon="18.280321">
				<ele>527.000000</ele>
			</trkpt>
			<trkpt lat="67.111430" lon="18.282611">
				<ele>524.000000</ele>
			</trkpt>
			<trkpt lat="67.112143" lon="18.283609">
				<ele>522.000000</ele>
			</trkpt>
			<trkpt lat="67.112778" lon="18.284705">
				<ele>521.000000</ele>
			</trkpt>
			<trkpt lat="67.112970" lon="18.285261">
				<ele>520.000000</ele>
			</trkpt>
			<trkpt lat="67.113508" lon="18.285791">
				<ele>518.000000</ele>
			</trkpt>
			<trkpt lat="67.113742" lon="18.285953">
				<ele>518.000000</ele>
			</trkpt>
			<trkpt lat="67.114193" lon="18.286743">
				<ele>516.000000</ele>
			</trkpt>
			<trkpt lat="67.114469" lon="18.286726">
				<ele>515.000000</ele>
			</trkpt>
			<trkpt lat="67.114748" lon="18.286626">
				<ele>514.000000</ele>
			</trkpt>
			<trkpt lat="67.115671" lon="18.286592">
				<ele>510.000000</ele>
			</trkpt>
			<trkpt lat="67.116104" lon="18.286986">
				<ele>508.000000</ele>
			</trkpt>
			<trkpt lat="67.116299" lon="18.287129">
				<ele>506.000000</ele>
			</trkpt>
			<trkpt lat="67.116617" lon="18.287445">
				<ele>504.000000</ele>
			</trkpt>
			<trkpt lat="67.116778" lon="18.287840">
				<ele>503.000000</ele>
			</trkpt>
			<trkpt lat="67.116952" lon="18.288226">
				<ele>502.000000</ele>
			</trkpt>
			<trkpt lat="67.117082" lon="18.288504">
				<ele>501.000000</ele>
			</trkpt>
			<trkpt lat="67.117082" lon="18.288504">
				<ele>501.000000</ele>
			</trkpt>
			<trkpt lat="67.116952" lon="18.288226">
				<ele>502.000000</ele>
			</trkpt>
			<trkpt lat="67.116778" lon="18.287840">
				<ele>503.000000</ele>
			</trkpt>
			<trkpt lat="67.116617" lon="18.287445">
				<ele>504.000000</ele>
			</trkpt>
			<trkpt lat="67.116299" lon="18.287129">
				<ele>506.000000</ele>
			</trkpt>
			<trkpt lat="67.116104" lon="18.286986">
				<ele>508.000000</ele>
			</trkpt>
			<trkpt lat="67.115671" lon="18.286592">
				<ele>510.000000</ele>
			</trkpt>
			<trkpt lat="67.114748" lon="18.286626">
				<ele>514.000000</ele>
			</trkpt>
			<trkpt lat="67.114469" lon="18.286726">
				<ele>515.000000</ele>
			</trkpt>
			<trkpt lat="67.114193" lon="18.286743">
				<ele>516.000000</ele>
			</trkpt>
			<trkpt lat="67.113742" lon="18.285953">
				<ele>518.000000</ele>
			</trkpt>
			<trkpt lat="67.113508" lon="18.285791">
				<ele>518.000000</ele>
			</trkpt>
			<trkpt lat="67.112970" lon="18.285261">
				<ele>520.000000</ele>
			</trkpt>
			<trkpt lat="67.112778" lon="18.284705">
				<ele>521.000000</ele>
			</trkpt>
			<trkpt lat="67.112143" lon="18.283609">
				<ele>522.000000</ele>
			</trkpt>
			<trkpt lat="67.111430" lon="18.282611">
				<ele>524.000000</ele>
			</trkpt>
			<trkpt lat="67.110186" lon="18.280321">
				<ele>527.000000</ele>
			</trkpt>
			<trkpt lat="67.109197" lon="18.278263">
				<ele>529.000000</ele>
			</trkpt>
			<trkpt lat="67.108169" lon="18.276189">
				<ele>533.000000</ele>
			</trkpt>
			<trkpt lat="67.107111" lon="18.275047">
				<ele>538.000000</ele>
			</trkpt>
			<trkpt lat="67.106541" lon="18.274392">
				<ele>540.000000</ele>
			</trkpt>
			<trkpt lat="67.105992" lon="18.273772">
				<ele>543.000000</ele>
			</trkpt>
			<trkpt lat="67.105202" lon="18.272263">
				<ele>547.000000</ele>
			</trkpt>
			<trkpt lat="67.104962" lon="18.269424">
				<ele>552.000000</ele>
			</trkpt>
			<trkpt lat="67.103895" lon="18.266109">
				<ele>559.000000</ele>
			</trkpt>
			<trkpt lat="67.103539" lon="18.264241">
				<ele>561.000000</ele>
			</trkpt>
			<trkpt lat="67.103382" lon="18.258581">
				<ele>565.000000</ele>
			</trkpt>
			<trkpt lat="67.103413" lon="18.256874">
				<ele>566.000000</ele>
			</trkpt>
			<trkpt lat="67.103427" lon="18.251746">
				<ele>569.000000</ele>
			</trkpt>
			<trkpt lat="67.103333" lon="18.246329">
				<ele>570.000000</ele>
			</trkpt>
			<trkpt lat="67.103099" lon="18.242106">
				<ele>569.000000</ele>
			</trkpt>
			<trkpt lat="67.103042" lon="18.234740">
				<ele>563.000000</ele>
			</trkpt>
			<trkpt lat="67.102875" lon="18.232701">
				<ele>562.000000</ele>
			</trkpt>
			<trkpt lat="67.102253" lon="18.229297">
				<ele>560.000000</ele>
			</trkpt>
			<trkpt lat="67.102365" lon="18.227814">
				<ele>560.000000</ele>
			</trkpt>
			<trkpt lat="67.102214" lon="18.226467">
				<ele>560.000000</ele>
			</trkpt>
			<trkpt lat="67.102232" lon="18.222928">
				<ele>566.000000</ele>
			</trkpt>
			<trkpt lat="67.101990" lon="18.219469">
				<ele>570.000000</ele>
			</trkpt>
			<trkpt lat="67.102099" lon="18.218104">
				<ele>569.000000</ele>
			</trkpt>
			<trkpt lat="67.101907" lon="18.216944">
				<ele>568.000000</ele>
			</trkpt>
			<trkpt lat="67.101931" lon="18.215095">
				<ele>566.000000</ele>
			</trkpt>
			<trkpt lat="67.101812" lon="18.213818">
				<ele>564.000000</ele>
			</trkpt>
			<trkpt lat="67.101687" lon="18.212516">
				<ele>563.000000</ele>
			</trkpt>
			<trkpt lat="67.101658" lon="18.211636">
				<ele>562.000000</ele>
			</trkpt>
			<trkpt lat="67.101498" lon="18.210594">
				<ele>561.000000</ele>
			</trkpt>
			<trkpt lat="67.101208" lon="18.209282">
				<ele>558.000000</ele>
			</trkpt>
			<trkpt lat="67.100543" lon="18.209084">
				<ele>555.000000</ele>
			</trkpt>
			<trkpt lat="67.100191" lon="18.208671">
				<ele>553.000000</ele>
			</trkpt>
			<trkpt lat="67.099984" lon="18.208158">
				<ele>551.000000</ele>
			</trkpt>
			<trkpt lat="67.099540" lon="18.206426">
				<ele>547.000000</ele>
			</trkpt>
			<trkpt lat="67.098565" lon="18.205958">
				<ele>541.000000</ele>
			</trkpt>
			<trkpt lat="67.098177" lon="18.205734">
				<ele>540.000000</ele>
			</trkpt>
			<trkpt lat="67.097970" lon="18.205671">
				<ele>540.000000</ele>
			</trkpt>
			<trkpt lat="67.097820" lon="18.205338">
				<ele>540.000000</ele>
			</trkpt>
			<trkpt lat="67.097555" lon="18.204692">
				<ele>540.000000</ele>
			</trkpt>
			<trkpt lat="67.097408" lon="18.204449">
				<ele>540.000000</ele>
			</trkpt>
			<trkpt lat="67.097149" lon="18.204090">
				<ele>540.000000</ele>
			</trkpt>
			<trkpt lat="67.097114" lon="18.203946">
				<ele>540.000000</ele>
			</trkpt>
			<trkpt lat="67.097125" lon="18.203713">
				<ele>540.000000</ele>
			</trkpt>
			<trkpt lat="67.097223" lon="18.203003">
				<ele>540.000000</ele>
			</trkpt>
			<trkpt lat="67.097404" lon="18.202132">
				<ele>540.000000</ele>
			</trkpt>
			<trkpt lat="67.097446" lon="18.201296">
				<ele>540.000000</ele>
			</trkpt>
			<trkpt lat="67.097614" lon="18.200892">
				<ele>540.000000</ele>
			</trkpt>
			<trkpt lat="67.097705" lon="18.200271">
				<ele>540.000000</ele>
			</trkpt>
			<trkpt lat="67.097649" lon="18.199795">
				<ele>541.000000</ele>
			</trkpt>
			<trkpt lat="67.097380" lon="18.198960">
				<ele>542.000000</ele>
			</trkpt>
			<trkpt lat="67.097013" lon="18.197478">
				<ele>545.000000</ele>
			</trkpt>
			<trkpt lat="67.096849" lon="18.197191">
				<ele>545.000000</ele>
			</trkpt>
			<trkpt lat="67.096792" lon="18.197137">
				<ele>545.000000</ele>
			</trkpt>
			<trkpt lat="67.096688" lon="18.197281">
				<ele>546.000000</ele>
			</trkpt>
			<trkpt lat="67.096653" lon="18.197442">
				<ele>546.000000</ele>
			</trkpt>
			<trkpt lat="67.096474" lon="18.197344">
				<ele>547.000000</ele>
			</trkpt>
			<trkpt lat="67.096391" lon="18.197038">
				<ele>547.000000</ele>
			</trkpt>
			<trkpt lat="67.096338" lon="18.196516">
				<ele>548.000000</ele>
			</trkpt>
			<trkpt lat="67.096604" lon="18.194604">
				<ele>551.000000</ele>
			</trkpt>
			<trkpt lat="67.096635" lon="18.193373">
				<ele>553.000000</ele>
			</trkpt>
			<trkpt lat="67.096684" lon="18.193113">
				<ele>554.000000</ele>
			</trkpt>
			<trkpt lat="67.096800" lon="18.192151">
				<ele>556.000000</ele>
			</trkpt>
			<trkpt lat="67.096898" lon="18.189088">
				<ele>562.000000</ele>
			</trkpt>
			<trkpt lat="67.096926" lon="18.187759">
				<ele>565.000000</ele>
			</trkpt>
			<trkpt lat="67.096576" lon="18.186734">
				<ele>568.000000</ele>
			</trkpt>
			<trkpt lat="67.096293" lon="18.184767">
				<ele>571.000000</ele>
			</trkpt>
			<trkpt lat="67.096146" lon="18.183249">
				<ele>573.000000</ele>
			</trkpt>
			<trkpt lat="67.095978" lon="18.182162">
				<ele>574.000000</ele>
			</trkpt>
			<trkpt lat="67.095821" lon="18.181694">
				<ele>575.000000</ele>
			</trkpt>
			<trkpt lat="67.095684" lon="18.181012">
				<ele>576.000000</ele>
			</trkpt>
			<trkpt lat="67.095503" lon="18.180589">
				<ele>577.000000</ele>
			</trkpt>
			<trkpt lat="67.095307" lon="18.180006">
				<ele>577.000000</ele>
			</trkpt>
			<trkpt lat="67.094985" lon="18.178542">
				<ele>579.000000</ele>
			</trkpt>
			<trkpt lat="67.094681" lon="18.176188">
				<ele>585.000000</ele>
			</trkpt>
			<trkpt lat="67.094097" lon="18.174903">
				<ele>592.000000</ele>
			</trkpt>
			<trkpt lat="67.093866" lon="18.174068">
				<ele>598.000000</ele>
			</trkpt>
			<trkpt lat="67.093657" lon="18.172612">
				<ele>606.000000</ele>
			</trkpt>
			<trkpt lat="67.093251" lon="18.171364">
				<ele>617.000000</ele>
			</trkpt>
			<trkpt lat="67.092971" lon="18.169972">
				<ele>627.000000</ele>
			</trkpt>
			<trkpt lat="67.092828" lon="18.168274">
				<ele>640.000000</ele>
			</trkpt>
			<trkpt lat="67.092786" lon="18.166576">
				<ele>653.000000</ele>
			</trkpt>
			<trkpt lat="67.092471" lon="18.165804">
				<ele>659.000000</ele>
			</trkpt>
			<trkpt lat="67.092072" lon="18.165417">
				<ele>670.000000</ele>
			</trkpt>
			<trkpt lat="67.091677" lon="18.164798">
				<ele>683.000000</ele>
			</trkpt>
			<trkpt lat="67.091341" lon="18.164573">
				<ele>693.000000</ele>
			</trkpt>
			<trkpt lat="67.091279" lon="18.164303">
				<ele>696.000000</ele>
			</trkpt>
			<trkpt lat="67.091202" lon="18.164079">
				<ele>700.000000</ele>
			</trkpt>
			<trkpt lat="67.091003" lon="18.163324">
				<ele>709.000000</ele>
			</trkpt>
			<trkpt lat="67.090820" lon="18.163064">
				<ele>716.000000</ele>
			</trkpt>
			<trkpt lat="67.090779" lon="18.162471">
				<ele>723.000000</ele>
			</trkpt>
			<trkpt lat="67.090751" lon="18.161905">
				<ele>728.000000</ele>
			</trkpt>
			<trkpt lat="67.090775" lon="18.160611">
				<ele>737.000000</ele>
			</trkpt>
			<trkpt lat="67.090649" lon="18.159588">
				<ele>744.000000</ele>
			</trkpt>
			<trkpt lat="67.090607" lon="18.158186">
				<ele>752.000000</ele>
			</trkpt>
			<trkpt lat="67.089947" lon="18.155491">
				<ele>775.000000</ele>
			</trkpt>
			<trkpt lat="67.089170" lon="18.153039">
				<ele>798.000000</ele>
			</trkpt>
			<trkpt lat="67.088603" lon="18.148511">
				<ele>817.000000</ele>
			</trkpt>
			<trkpt lat="67.088174" lon="18.146005">
				<ele>826.000000</ele>
			</trkpt>
			<trkpt lat="67.088016" lon="18.143625">
				<ele>830.000000</ele>
			</trkpt>
			<trkpt lat="67.087862" lon="18.142636">
				<ele>830.000000</ele>
			</trkpt>
			<trkpt lat="67.085477" lon="18.135872">
				<ele>830.000000</ele>
			</trkpt>
			<trkpt lat="67.085120" lon="18.135682">
				<ele>829.000000</ele>
			</trkpt>
			<trkpt lat="67.084903" lon="18.132315">
				<ele>825.000000</ele>
			</trkpt>
			<trkpt lat="67.084588" lon="18.130132">
				<ele>822.000000</ele>
			</trkpt>
			<trkpt lat="67.083340" lon="18.118669">
				<ele>815.000000</ele>
			</trkpt>
			<trkpt lat="67.083297" lon="18.115165">
				<ele>813.000000</ele>
			</trkpt>
			<trkpt lat="67.083305" lon="18.114564">
				<ele>812.000000</ele>
			</trkpt>
			<trkpt lat="67.083063" lon="18.112713">
				<ele>811.000000</ele>
			</trkpt>
			<trkpt lat="67.081681" lon="18.107305">
				<ele>800.000000</ele>
			</trkpt>
			<trkpt lat="67.081720" lon="18.106209">
				<ele>800.000000</ele>
			</trkpt>
			<trkpt lat="67.081776" lon="18.105526">
				<ele>800.000000</ele>
			</trkpt>
			<trkpt lat="67.081755" lon="18.105302">
				<ele>800.000000</ele>
			</trkpt>
			<trkpt lat="67.081779" lon="18.104647">
				<ele>800.000000</ele>
			</trkpt>
			<trkpt lat="67.081783" lon="18.104260">
				<ele>800.000000</ele>
			</trkpt>
			<trkpt lat="67.081913" lon="18.103433">
				<ele>800.000000</ele>
			</trkpt>
			<trkpt lat="67.082038" lon="18.100981">
				<ele>800.000000</ele>
			</trkpt>
			<trkpt lat="67.082094" lon="18.099508">
				<ele>800.000000</ele>
			</trkpt>
			<trkpt lat="67.082252" lon="18.097613">
				<ele>800.000000</ele>
			</trkpt>
			<trkpt lat="67.082210" lon="18.095492">
				<ele>802.000000</ele>
			</trkpt>
			<trkpt lat="67.082395" lon="18.092806">
				<ele>804.000000</ele>
			</trkpt>
			<trkpt lat="67.082797" lon="18.090273">
				<ele>806.000000</ele>
			</trkpt>
			<trkpt lat="67.082595" lon="18.088755">
				<ele>807.000000</ele>
			</trkpt>
			<trkpt lat="67.082560" lon="18.087147">
				<ele>808.000000</ele>
			</trkpt>
			<trkpt lat="67.082822" lon="18.085386">
				<ele>810.000000</ele>
			</trkpt>
			<trkpt lat="67.083431" lon="18.083068">
				<ele>814.000000</ele>
			</trkpt>
			<trkpt lat="67.083773" lon="18.080518">
				<ele>819.000000</ele>
			</trkpt>
			<trkpt lat="67.083766" lon="18.079162">
				<ele>821.000000</ele>
			</trkpt>
			<trkpt lat="67.083682" lon="18.078694">
				<ele>822.000000</ele>
			</trkpt>
			<trkpt lat="67.083423" lon="18.078307">
				<ele>823.000000</ele>
			</trkpt>
			<trkpt lat="67.083346" lon="18.077185">
				<ele>824.000000</ele>
			</trkpt>
			<trkpt lat="67.083549" lon="18.075298">
				<ele>827.000000</ele>
			</trkpt>
			<trkpt lat="67.083966" lon="18.073673">
				<ele>829.000000</ele>
			</trkpt>
			<trkpt lat="67.084092" lon="18.073044">
				<ele>830.000000</ele>
			</trkpt>
			<trkpt lat="67.084123" lon="18.072298">
				<ele>831.000000</ele>
			</trkpt>
			<trkpt lat="67.084165" lon="18.070259">
				<ele>833.000000</ele>
			</trkpt>
			<trkpt lat="67.083815" lon="18.069073">
				<ele>834.000000</ele>
			</trkpt>
			<trkpt lat="67.083749" lon="18.067357">
				<ele>836.000000</ele>
			</trkpt>
			<trkpt lat="67.083532" lon="18.066459">
				<ele>837.000000</ele>
			</trkpt>
			<trkpt lat="67.083525" lon="18.065220">
				<ele>838.000000</ele>
			</trkpt>
			<trkpt lat="67.083889" lon="18.064132">
				<ele>839.000000</ele>
			</trkpt>
			<trkpt lat="67.083871" lon="18.063359">
				<ele>840.000000</ele>
			</trkpt>
			<trkpt lat="67.083759" lon="18.062057">
				<ele>840.000000</ele>
			</trkpt>
			<trkpt lat="67.083668" lon="18.061671">
				<ele>840.000000</ele>
			</trkpt>
			<trkpt lat="67.083616" lon="18.060575">
				<ele>840.000000</ele>
			</trkpt>
			<trkpt lat="67.083305" lon="18.057512">
				<ele>840.000000</ele>
			</trkpt>
			<trkpt lat="67.082784" lon="18.054574">
				<ele>840.000000</ele>
			</trkpt>
			<trkpt lat="67.082794" lon="18.054143">
				<ele>840.000000</ele>
			</trkpt>
			<trkpt lat="67.082532" lon="18.052885">
				<ele>840.000000</ele>
			</trkpt>
			<trkpt lat="67.082199" lon="18.052014">
				<ele>838.000000</ele>
			</trkpt>
			<trkpt lat="67.082045" lon="18.050990">
				<ele>836.000000</ele>
			</trkpt>
			<trkpt lat="67.081486" lon="18.049616">
				<ele>833.000000</ele>
			</trkpt>
			<trkpt lat="67.080482" lon="18.047316">
				<ele>830.000000</ele>
			</trkpt>
			<trkpt lat="67.079565" lon="18.044980">
				<ele>830.000000</ele>
			</trkpt>
			<trkpt lat="67.079093" lon="18.041998">
				<ele>831.000000</ele>
			</trkpt>
			<trkpt lat="67.078757" lon="18.040362">
				<ele>833.000000</ele>
			</trkpt>
			<trkpt lat="67.078257" lon="18.038081">
				<ele>836.000000</ele>
			</trkpt>
			<trkpt lat="67.077816" lon="18.035511">
				<ele>839.000000</ele>
			</trkpt>
			<trkpt lat="67.077672" lon="18.033527">
				<ele>846.000000</ele>
			</trkpt>
			<trkpt lat="67.077658" lon="18.032081">
				<ele>852.000000</ele>
			</trkpt>
			<trkpt lat="67.077578" lon="18.029322">
				<ele>860.000000</ele>
			</trkpt>
			<trkpt lat="67.077560" lon="18.028452">
				<ele>860.000000</ele>
			</trkpt>
			<trkpt lat="67.077421" lon="18.027230">
				<ele>860.000000</ele>
			</trkpt>
			<trkpt lat="67.077424" lon="18.025307">
				<ele>860.000000</ele>
			</trkpt>
			<trkpt lat="67.077134" lon="18.022450">
				<ele>848.000000</ele>
			</trkpt>
			<trkpt lat="67.076979" lon="18.021418">
				<ele>846.000000</ele>
			</trkpt>
			<trkpt lat="67.076661" lon="18.020986">
				<ele>844.000000</ele>
			</trkpt>
			<trkpt lat="67.076479" lon="18.019900">
				<ele>842.000000</ele>
			</trkpt>
			<trkpt lat="67.076126" lon="18.018282">
				<ele>836.000000</ele>
			</trkpt>
			<trkpt lat="67.075706" lon="18.017123">
				<ele>828.000000</ele>
			</trkpt>
			<trkpt lat="67.075510" lon="18.015902">
				<ele>819.000000</ele>
			</trkpt>
			<trkpt lat="67.075485" lon="18.015200">
				<ele>812.000000</ele>
			</trkpt>
			<trkpt lat="67.075451" lon="18.014447">
				<ele>803.000000</ele>
			</trkpt>
			<trkpt lat="67.075482" lon="18.009577">
				<ele>752.000000</ele>
			</trkpt>
			<trkpt lat="67.075188" lon="18.007799">
				<ele>738.000000</ele>
			</trkpt>
			<trkpt lat="67.074887" lon="18.006128">
				<ele>726.000000</ele>
			</trkpt>
			<trkpt lat="67.074684" lon="18.005068">
				<ele>719.000000</ele>
			</trkpt>
			<trkpt lat="67.074673" lon="18.004233">
				<ele>715.000000</ele>
			</trkpt>
			<trkpt lat="67.074268" lon="18.002391">
				<ele>705.000000</ele>
			</trkpt>
			<trkpt lat="67.073886" lon="18.001143">
				<ele>698.000000</ele>
			</trkpt>
			<trkpt lat="67.073421" lon="17.999040">
				<ele>688.000000</ele>
			</trkpt>
			<trkpt lat="67.072966" lon="17.996399">
				<ele>672.000000</ele>
			</trkpt>
			<trkpt lat="67.072567" lon="17.994639">
				<ele>663.000000</ele>
			</trkpt>
			<trkpt lat="67.072164" lon="17.993111">
				<ele>656.000000</ele>
			</trkpt>
			<trkpt lat="67.071916" lon="17.991791">
				<ele>649.000000</ele>
			</trkpt>
			<trkpt lat="67.071451" lon="17.990713">
				<ele>643.000000</ele>
			</trkpt>
			<trkpt lat="67.071115" lon="17.989329">
				<ele>637.000000</ele>
			</trkpt>
			<trkpt lat="67.070443" lon="17.988359">
				<ele>630.000000</ele>
			</trkpt>
			<trkpt lat="67.070134" lon="17.987111">
				<ele>626.000000</ele>
			</trkpt>
			<trkpt lat="67.069617" lon="17.985287">
				<ele>620.000000</ele>
			</trkpt>
			<trkpt lat="67.069235" lon="17.983572">
				<ele>611.000000</ele>
			</trkpt>
			<trkpt lat="67.069210" lon="17.983320">
				<ele>610.000000</ele>
			</trkpt>
			<trkpt lat="67.069147" lon="17.982943">
				<ele>609.000000</ele>
			</trkpt>
			<trkpt lat="67.068591" lon="17.982943">
				<ele>604.000000</ele>
			</trkpt>
			<trkpt lat="67.067919" lon="17.982430">
				<ele>596.000000</ele>
			</trkpt>
			<trkpt lat="67.067751" lon="17.982027">
				<ele>592.000000</ele>
			</trkpt>
			<trkpt lat="67.067373" lon="17.981685">
				<ele>587.000000</ele>
			</trkpt>
			<trkpt lat="67.067100" lon="17.980796">
				<ele>582.000000</ele>
			</trkpt>
			<trkpt lat="67.066946" lon="17.980130">
				<ele>578.000000</ele>
			</trkpt>
			<trkpt lat="67.066694" lon="17.979807">
				<ele>576.000000</ele>
			</trkpt>
			<trkpt lat="67.066586" lon="17.979394">
				<ele>574.000000</ele>
			</trkpt>
			<trkpt lat="67.066260" lon="17.978828">
				<ele>570.000000</ele>
			</trkpt>
			<trkpt lat="67.065805" lon="17.978702">
				<ele>568.000000</ele>
			</trkpt>
			<trkpt lat="67.065735" lon="17.978343">
				<ele>567.000000</ele>
			</trkpt>
			<trkpt lat="67.065609" lon="17.978073">
				<ele>567.000000</ele>
			</trkpt>
			<trkpt lat="67.065483" lon="17.978172">
				<ele>566.000000</ele>
			</trkpt>
			<trkpt lat="67.065046" lon="17.977364">
				<ele>564.000000</ele>
			</trkpt>
			<trkpt lat="67.064513" lon="17.976914">
				<ele>561.000000</ele>
			</trkpt>
			<trkpt lat="67.064264" lon="17.976914">
				<ele>560.000000</ele>
			</trkpt>
			<trkpt lat="67.063778" lon="17.976870">
				<ele>556.000000</ele>
			</trkpt>
			<trkpt lat="67.063460" lon="17.976322">
				<ele>553.000000</ele>
			</trkpt>
			<trkpt lat="67.063110" lon="17.976062">
				<ele>551.000000</ele>
			</trkpt>
			<trkpt lat="67.061930" lon="17.973178">
				<ele>546.000000</ele>
			</trkpt>
			<trkpt lat="67.060574" lon="17.972396">
				<ele>543.000000</ele>
			</trkpt>
			<trkpt lat="67.059181" lon="17.968722">
				<ele>537.000000</ele>
			</trkpt>
			<trkpt lat="67.058604" lon="17.968012">
				<ele>535.000000</ele>
			</trkpt>
			<trkpt lat="67.057822" lon="17.967698">
				<ele>531.000000</ele>
			</trkpt>
			<trkpt lat="67.056821" lon="17.967536">
				<ele>529.000000</ele>
			</trkpt>
			<trkpt lat="67.055802" lon="17.967141">
				<ele>527.000000</ele>
			</trkpt>
			<trkpt lat="67.054989" lon="17.964617">
				<ele>525.000000</ele>
			</trkpt>
			<trkpt lat="67.054352" lon="17.961832">
				<ele>523.000000</ele>
			</trkpt>
			<trkpt lat="67.053869" lon="17.960224">
				<ele>522.000000</ele>
			</trkpt>
			<trkpt lat="67.052899" lon="17.959685">
				<ele>520.000000</ele>
			</trkpt>
			<trkpt lat="67.051792" lon="17.959496">
				<ele>517.000000</ele>
			</trkpt>
			<trkpt lat="67.051627" lon="17.958508">
				<ele>516.000000</ele>
			</trkpt>
			<trkpt lat="67.051224" lon="17.957879">
				<ele>515.000000</ele>
			</trkpt>
			<trkpt lat="67.049929" lon="17.956892">
				<ele>512.000000</ele>
			</trkpt>
			<trkpt lat="67.049410" lon="17.956613">
				<ele>510.000000</ele>
			</trkpt>
			<trkpt lat="67.048923" lon="17.955714">
				<ele>510.000000</ele>
			</trkpt>
			<trkpt lat="67.047686" lon="17.953953">
				<ele>509.000000</ele>
			</trkpt>
			<trkpt lat="67.046965" lon="17.953164">
				<ele>507.000000</ele>
			</trkpt>
			<trkpt lat="67.047056" lon="17.952840">
				<ele>507.000000</ele>
			</trkpt>
			<trkpt lat="67.047031" lon="17.952158">
				<ele>507.000000</ele>
			</trkpt>
			<trkpt lat="67.046685" lon="17.950846">
				<ele>506.000000</ele>
			</trkpt>
			<trkpt lat="67.046009" lon="17.950198">
				<ele>505.000000</ele>
			</trkpt>
			<trkpt lat="67.045763" lon="17.949642">
				<ele>504.000000</ele>
			</trkpt>
			<trkpt lat="67.045500" lon="17.949669">
				<ele>504.000000</ele>
			</trkpt>
			<trkpt lat="67.045494" lon="17.949372">
				<ele>504.000000</ele>
			</trkpt>
			<trkpt lat="67.045434" lon="17.949363">
				<ele>504.000000</ele>
			</trkpt>
			<trkpt lat="67.045339" lon="17.949588">
				<ele>504.000000</ele>
			</trkpt>
			<trkpt lat="67.044705" lon="17.948833">
				<ele>503.000000</ele>
			</trkpt>
			<trkpt lat="67.044285" lon="17.948061">
				<ele>502.000000</ele>
			</trkpt>
			<trkpt lat="67.044018" lon="17.947522">
				<ele>501.000000</ele>
			</trkpt>
			<trkpt lat="67.043882" lon="17.946166">
				<ele>500.000000</ele>
			</trkpt>
			<trkpt lat="67.043440" lon="17.942967">
				<ele>500.000000</ele>
			</trkpt>
			<trkpt lat="67.043798" lon="17.942051">
				<ele>500.000000</ele>
			</trkpt>
			<trkpt lat="67.043815" lon="17.940632">
				<ele>501.000000</ele>
			</trkpt>
			<trkpt lat="67.043763" lon="17.938332">
				<ele>507.000000</ele>
			</trkpt>
			<trkpt lat="67.043640" lon="17.937560">
				<ele>509.000000</ele>
			</trkpt>
			<trkpt lat="67.043300" lon="17.936814">
				<ele>511.000000</ele>
			</trkpt>
			<trkpt lat="67.042757" lon="17.935520">
				<ele>515.000000</ele>
			</trkpt>
			<trkpt lat="67.041198" lon="17.935071">
				<ele>520.000000</ele>
			</trkpt>
			<trkpt lat="67.040935" lon="17.934990">
				<ele>520.000000</ele>
			</trkpt>
			<trkpt lat="67.040732" lon="17.934298">
				<ele>520.000000</ele>
			</trkpt>
			<trkpt lat="67.040059" lon="17.933212">
				<ele>520.000000</ele>
			</trkpt>
			<trkpt lat="67.039498" lon="17.930679">
				<ele>520.000000</ele>
			</trkpt>
			<trkpt lat="67.039439" lon="17.930076">
				<ele>520.000000</ele>
			</trkpt>
			<trkpt lat="67.038892" lon="17.928145">
				<ele>520.000000</ele>
			</trkpt>
			<trkpt lat="67.038398" lon="17.926285">
				<ele>520.000000</ele>
			</trkpt>
			<trkpt lat="67.037749" lon="17.924534">
				<ele>520.000000</ele>
			</trkpt>
			<trkpt lat="67.037287" lon="17.923304">
				<ele>520.000000</ele>
			</trkpt>
			<trkpt lat="67.036940" lon="17.921776">
				<ele>520.000000</ele>
			</trkpt>
			<trkpt lat="67.036572" lon="17.918857">
				<ele>520.000000</ele>
			</trkpt>
			<trkpt lat="67.035703" lon="17.910601">
				<ele>520.000000</ele>
			</trkpt>
			<trkpt lat="67.034974" lon="17.906442">
				<ele>520.000000</ele>
			</trkpt>
			<trkpt lat="67.034662" lon="17.902966">
				<ele>520.000000</ele>
			</trkpt>
			<trkpt lat="67.034466" lon="17.902247">
				<ele>520.000000</ele>
			</trkpt>
			<trkpt lat="67.034066" lon="17.901375">
				<ele>520.000000</ele>
			</trkpt>
			<trkpt lat="67.032815" lon="17.900001">
				<ele>511.000000</ele>
			</trkpt>
			<trkpt lat="67.032233" lon="17.899175">
				<ele>510.000000</ele>
			</trkpt>
			<trkpt lat="67.031553" lon="17.898618">
				<ele>510.000000</ele>
			</trkpt>
			<trkpt lat="67.031244" lon="17.898259">
				<ele>510.000000</ele>
			</trkpt>
			<trkpt lat="67.031139" lon="17.898007">
				<ele>510.000000</ele>
			</trkpt>
			<trkpt lat="67.031069" lon="17.897827">
				<ele>510.000000</ele>
			</trkpt>
			<trkpt lat="67.030947" lon="17.897557">
				<ele>510.000000</ele>
			</trkpt>
			<trkpt lat="67.030613" lon="17.896651">
				<ele>510.000000</ele>
			</trkpt>
			<trkpt lat="67.030810" lon="17.895383">
				<ele>510.000000</ele>
			</trkpt>
			<trkpt lat="67.031016" lon="17.892662">
				<ele>510.000000</ele>
			</trkpt>
			<trkpt lat="67.031076" lon="17.891710">
				<ele>510.000000</ele>
			</trkpt>
			<trkpt lat="67.030943" lon="17.890047">
				<ele>510.000000</ele>
			</trkpt>
			<trkpt lat="67.030684" lon="17.889122">
				<ele>511.000000</ele>
			</trkpt>
			<trkpt lat="67.030550" lon="17.887074">
				<ele>515.000000</ele>
			</trkpt>
			<trkpt lat="67.030371" lon="17.885718">
				<ele>518.000000</ele>
			</trkpt>
			<trkpt lat="67.030484" lon="17.883814">
				<ele>520.000000</ele>
			</trkpt>
			<trkpt lat="67.030519" lon="17.882565">
				<ele>520.000000</ele>
			</trkpt>
			<trkpt lat="67.030452" lon="17.881856">
				<ele>520.000000</ele>
			</trkpt>
			<trkpt lat="67.030424" lon="17.880785">
				<ele>520.000000</ele>
			</trkpt>
			<trkpt lat="67.030302" lon="17.879879">
				<ele>521.000000</ele>
			</trkpt>
			<trkpt lat="67.029965" lon="17.878190">
				<ele>521.000000</ele>
			</trkpt>
			<trkpt lat="67.029909" lon="17.876869">
				<ele>522.000000</ele>
			</trkpt>
			<trkpt lat="67.029814" lon="17.875424">
				<ele>522.000000</ele>
			</trkpt>
			<trkpt lat="67.029811" lon="17.871300">
				<ele>524.000000</ele>
			</trkpt>
			<trkpt lat="67.029730" lon="17.870627">
				<ele>524.000000</ele>
			</trkpt>
			<trkpt lat="67.029653" lon="17.870151">
				<ele>524.000000</ele>
			</trkpt>
			<trkpt lat="67.029551" lon="17.869971">
				<ele>524.000000</ele>
			</trkpt>
			<trkpt lat="67.029512" lon="17.869198">
				<ele>524.000000</ele>
			</trkpt>
			<trkpt lat="67.029302" lon="17.868596">
				<ele>525.000000</ele>
			</trkpt>
			<trkpt lat="67.028720" lon="17.867572">
				<ele>525.000000</ele>
			</trkpt>
			<trkpt lat="67.028587" lon="17.866403">
				<ele>526.000000</ele>
			</trkpt>
			<trkpt lat="67.028566" lon="17.866206">
				<ele>526.000000</ele>
			</trkpt>
			<trkpt lat="67.028395" lon="17.864455">
				<ele>526.000000</ele>
			</trkpt>
			<trkpt lat="67.028387" lon="17.864374">
				<ele>526.000000</ele>
			</trkpt>
			<trkpt lat="67.028054" lon="17.863583">
				<ele>527.000000</ele>
			</trkpt>
			<trkpt lat="67.027872" lon="17.862740">
				<ele>527.000000</ele>
			</trkpt>
			<trkpt lat="67.027662" lon="17.861589">
				<ele>528.000000</ele>
			</trkpt>
			<trkpt lat="67.027182" lon="17.860061">
				<ele>528.000000</ele>
			</trkpt>
			<trkpt lat="67.026207" lon="17.859002">
				<ele>529.000000</ele>
			</trkpt>
			<trkpt lat="67.025912" lon="17.858508">
				<ele>530.000000</ele>
			</trkpt>
			<trkpt lat="67.025614" lon="17.858355">
				<ele>530.000000</ele>
			</trkpt>
			<trkpt lat="67.025277" lon="17.858103">
				<ele>530.000000</ele>
			</trkpt>
			<trkpt lat="67.024839" lon="17.856874">
				<ele>530.000000</ele>
			</trkpt>
			<trkpt lat="67.023910" lon="17.855723">
				<ele>530.000000</ele>
			</trkpt>
			<trkpt lat="67.023685" lon="17.854671">
				<ele>530.000000</ele>
			</trkpt>
			<trkpt lat="67.023209" lon="17.852184">
				<ele>530.000000</ele>
			</trkpt>
			<trkpt lat="67.023001" lon="17.850782">
				<ele>530.000000</ele>
			</trkpt>
			<trkpt lat="67.021816" lon="17.848662">
				<ele>533.000000</ele>
			</trkpt>
			<trkpt lat="67.021248" lon="17.847440">
				<ele>536.000000</ele>
			</trkpt>
			<trkpt lat="67.020624" lon="17.846794">
				<ele>538.000000</ele>
			</trkpt>
			<trkpt lat="67.019901" lon="17.846425">
				<ele>542.000000</ele>
			</trkpt>
			<trkpt lat="67.019593" lon="17.845222">
				<ele>547.000000</ele>
			</trkpt>
			<trkpt lat="67.019126" lon="17.844071">
				<ele>553.000000</ele>
			</trkpt>
			<trkpt lat="67.018857" lon="17.843847">
				<ele>556.000000</ele>
			</trkpt>
			<trkpt lat="67.018629" lon="17.843003">
				<ele>559.000000</ele>
			</trkpt>
			<trkpt lat="67.018025" lon="17.842490">
				<ele>565.000000</ele>
			</trkpt>
			<trkpt lat="67.017517" lon="17.841386">
				<ele>571.000000</ele>
			</trkpt>
			<trkpt lat="67.017033" lon="17.840505">
				<ele>572.000000</ele>
			</trkpt>
			<trkpt lat="67.016110" lon="17.838350">
				<ele>576.000000</ele>
			</trkpt>
			<trkpt lat="67.015643" lon="17.837074">
				<ele>578.000000</ele>
			</trkpt>
			<trkpt lat="67.015356" lon="17.836624">
				<ele>579.000000</ele>
			</trkpt>
			<trkpt lat="67.015026" lon="17.836643">
				<ele>579.000000</ele>
			</trkpt>
			<trkpt lat="67.014430" lon="17.836005">
				<ele>580.000000</ele>
			</trkpt>
			<trkpt lat="67.013914" lon="17.834855">
				<ele>580.000000</ele>
			</trkpt>
			<trkpt lat="67.013128" lon="17.832825">
				<ele>580.000000</ele>
			</trkpt>
			<trkpt lat="67.012942" lon="17.832268">
				<ele>580.000000</ele>
			</trkpt>
			<trkpt lat="67.012700" lon="17.831666">
				<ele>580.000000</ele>
			</trkpt>
			<trkpt lat="67.012406" lon="17.831217">
				<ele>580.000000</ele>
			</trkpt>
			<trkpt lat="67.011823" lon="17.830165">
				<ele>580.000000</ele>
			</trkpt>
			<trkpt lat="67.011192" lon="17.828899">
				<ele>580.000000</ele>
			</trkpt>
			<trkpt lat="67.010781" lon="17.827418">
				<ele>579.000000</ele>
			</trkpt>
			<trkpt lat="67.009701" lon="17.826806">
				<ele>578.000000</ele>
			</trkpt>
			<trkpt lat="67.008603" lon="17.824156">
				<ele>576.000000</ele>
			</trkpt>
			<trkpt lat="67.008350" lon="17.821802">
				<ele>574.000000</ele>
			</trkpt>
			<trkpt lat="67.007662" lon="17.819781">
				<ele>573.000000</ele>
			</trkpt>
			<trkpt lat="67.007009" lon="17.819827">
				<ele>572.000000</ele>
			</trkpt>
			<trkpt lat="67.006339" lon="17.818146">
				<ele>570.000000</ele>
			</trkpt>
			<trkpt lat="67.006020" lon="17.815146">
				<ele>564.000000</ele>
			</trkpt>
			<trkpt lat="67.005578" lon="17.812793">
				<ele>559.000000</ele>
			</trkpt>
			<trkpt lat="67.005438" lon="17.808625">
				<ele>552.000000</ele>
			</trkpt>
			<trkpt lat="67.004595" lon="17.806854">
				<ele>548.000000</ele>
			</trkpt>
			<trkpt lat="67.004111" lon="17.805238">
				<ele>546.000000</ele>
			</trkpt>
			<trkpt lat="67.003928" lon="17.803082">
				<ele>543.000000</ele>
			</trkpt>
			<trkpt lat="67.003307" lon="17.801285">
				<ele>541.000000</ele>
			</trkpt>
			<trkpt lat="67.002837" lon="17.799075">
				<ele>537.000000</ele>
			</trkpt>
			<trkpt lat="67.002739" lon="17.797629">
				<ele>535.000000</ele>
			</trkpt>
			<trkpt lat="67.002496" lon="17.794243">
				<ele>531.000000</ele>
			</trkpt>
			<trkpt lat="67.002311" lon="17.793497">
				<ele>530.000000</ele>
			</trkpt>
			<trkpt lat="67.002041" lon="17.793308">
				<ele>528.000000</ele>
			</trkpt>
			<trkpt lat="67.001949" lon="17.793344">
				<ele>528.000000</ele>
			</trkpt>
			<trkpt lat="67.001774" lon="17.793245">
				<ele>527.000000</ele>
			</trkpt>
			<trkpt lat="67.001282" lon="17.792841">
				<ele>524.000000</ele>
			</trkpt>
			<trkpt lat="67.000959" lon="17.792526">
				<ele>523.000000</ele>
			</trkpt>
			<trkpt lat="67.000864" lon="17.792482">
				<ele>522.000000</ele>
			</trkpt>
			<trkpt lat="67.000759" lon="17.792545">
				<ele>522.000000</ele>
			</trkpt>
			<trkpt lat="67.000545" lon="17.792805">
				<ele>520.000000</ele>
			</trkpt>
			<trkpt lat="67.000394" lon="17.793075">
				<ele>520.000000</ele>
			</trkpt>
			<trkpt lat="67.000239" lon="17.793002">
				<ele>519.000000</ele>
			</trkpt>
			<trkpt lat="67.000156" lon="17.792635">
				<ele>518.000000</ele>
			</trkpt>
			<trkpt lat="67.000043" lon="17.792482">
				<ele>517.000000</ele>
			</trkpt>
			<trkpt lat="66.999808" lon="17.792535">
				<ele>516.000000</ele>
			</trkpt>
			<trkpt lat="66.999633" lon="17.792572">
				<ele>515.000000</ele>
			</trkpt>
			<trkpt lat="66.999555" lon="17.792464">
				<ele>515.000000</ele>
			</trkpt>
			<trkpt lat="66.999436" lon="17.792392">
				<ele>514.000000</ele>
			</trkpt>
			<trkpt lat="66.999240" lon="17.792248">
				<ele>513.000000</ele>
			</trkpt>
			<trkpt lat="66.999120" lon="17.792096">
				<ele>512.000000</ele>
			</trkpt>
			<trkpt lat="66.998948" lon="17.791906">
				<ele>512.000000</ele>
			</trkpt>
			<trkpt lat="66.998797" lon="17.791547">
				<ele>510.000000</ele>
			</trkpt>
			<trkpt lat="66.998604" lon="17.790901">
				<ele>510.000000</ele>
			</trkpt>
			<trkpt lat="66.998464" lon="17.790658">
				<ele>510.000000</ele>
			</trkpt>
			<trkpt lat="66.998340" lon="17.790559">
				<ele>510.000000</ele>
			</trkpt>
			<trkpt lat="66.998288" lon="17.790604">
				<ele>510.000000</ele>
			</trkpt>
			<trkpt lat="66.998204" lon="17.790694">
				<ele>510.000000</ele>
			</trkpt>
			<trkpt lat="66.998137" lon="17.790235">
				<ele>510.000000</ele>
			</trkpt>
			<trkpt lat="66.998042" lon="17.790164">
				<ele>510.000000</ele>
			</trkpt>
			<trkpt lat="66.997663" lon="17.789589">
				<ele>510.000000</ele>
			</trkpt>
			<trkpt lat="66.997193" lon="17.789041">
				<ele>510.000000</ele>
			</trkpt>
			<trkpt lat="66.996771" lon="17.788861">
				<ele>510.000000</ele>
			</trkpt>
			<trkpt lat="66.996435" lon="17.788574">
				<ele>510.000000</ele>
			</trkpt>
			<trkpt lat="66.996333" lon="17.788314">
				<ele>510.000000</ele>
			</trkpt>
			<trkpt lat="66.996266" lon="17.788027">
				<ele>510.000000</ele>
			</trkpt>
			<trkpt lat="66.996108" lon="17.787675">
				<ele>510.000000</ele>
			</trkpt>
			<trkpt lat="66.995975" lon="17.787136">
				<ele>510.000000</ele>
			</trkpt>
			<trkpt lat="66.995918" lon="17.786535">
				<ele>510.000000</ele>
			</trkpt>
			<trkpt lat="66.995855" lon="17.786086">
				<ele>510.000000</ele>
			</trkpt>
			<trkpt lat="66.995788" lon="17.785870">
				<ele>510.000000</ele>
			</trkpt>
			<trkpt lat="66.995739" lon="17.785816">
				<ele>510.000000</ele>
			</trkpt>
			<trkpt lat="66.995525" lon="17.785547">
				<ele>510.000000</ele>
			</trkpt>
			<trkpt lat="66.995308" lon="17.785035">
				<ele>510.000000</ele>
			</trkpt>
			<trkpt lat="66.995065" lon="17.784675">
				<ele>510.000000</ele>
			</trkpt>
			<trkpt lat="66.994746" lon="17.784451">
				<ele>510.000000</ele>
			</trkpt>
			<trkpt lat="66.994528" lon="17.784092">
				<ele>510.000000</ele>
			</trkpt>
			<trkpt lat="66.994353" lon="17.783580">
				<ele>510.000000</ele>
			</trkpt>
			<trkpt lat="66.994142" lon="17.783103">
				<ele>510.000000</ele>
			</trkpt>
			<trkpt lat="66.993966" lon="17.782358">
				<ele>510.000000</ele>
			</trkpt>
			<trkpt lat="66.993840" lon="17.781432">
				<ele>510.000000</ele>
			</trkpt>
			<trkpt lat="66.993700" lon="17.780803">
				<ele>510.000000</ele>
			</trkpt>
			<trkpt lat="66.993510" lon="17.780291">
				<ele>510.000000</ele>
			</trkpt>
			<trkpt lat="66.993240" lon="17.779914">
				<ele>510.000000</ele>
			</trkpt>
			<trkpt lat="66.992966" lon="17.779672">
				<ele>510.000000</ele>
			</trkpt>
			<trkpt lat="66.992710" lon="17.779582">
				<ele>510.000000</ele>
			</trkpt>
			<trkpt lat="66.992418" lon="17.779411">
				<ele>510.000000</ele>
			</trkpt>
			<trkpt lat="66.992218" lon="17.779069">
				<ele>510.000000</ele>
			</trkpt>
			<trkpt lat="66.991972" lon="17.778729">
				<ele>510.000000</ele>
			</trkpt>
			<trkpt lat="66.991456" lon="17.778423">
				<ele>510.000000</ele>
			</trkpt>
			<trkpt lat="66.989760" lon="17.777184">
				<ele>510.000000</ele>
			</trkpt>
			<trkpt lat="66.989578" lon="17.776878">
				<ele>510.000000</ele>
			</trkpt>
			<trkpt lat="66.989188" lon="17.776582">
				<ele>510.000000</ele>
			</trkpt>
			<trkpt lat="66.988840" lon="17.776177">
				<ele>510.000000</ele>
			</trkpt>
			<trkpt lat="66.988591" lon="17.775467">
				<ele>510.000000</ele>
			</trkpt>
			<trkpt lat="66.988475" lon="17.775207">
				<ele>510.000000</ele>
			</trkpt>
			<trkpt lat="66.988159" lon="17.774884">
				<ele>510.000000</ele>
			</trkpt>
			<trkpt lat="66.987945" lon="17.774803">
				<ele>510.000000</ele>
			</trkpt>
			<trkpt lat="66.987724" lon="17.774578">
				<ele>510.000000</ele>
			</trkpt>
			<trkpt lat="66.987555" lon="17.774300">
				<ele>510.000000</ele>
			</trkpt>
			<trkpt lat="66.987421" lon="17.773832">
				<ele>510.000000</ele>
			</trkpt>
			<trkpt lat="66.987397" lon="17.773465">
				<ele>510.000000</ele>
			</trkpt>
			<trkpt lat="66.987309" lon="17.773186">
				<ele>510.000000</ele>
			</trkpt>
			<trkpt lat="66.987264" lon="17.772836">
				<ele>510.000000</ele>
			</trkpt>
			<trkpt lat="66.987270" lon="17.772440">
				<ele>510.000000</ele>
			</trkpt>
			<trkpt lat="66.987218" lon="17.772180">
				<ele>510.000000</ele>
			</trkpt>
			<trkpt lat="66.987140" lon="17.771721">
				<ele>510.000000</ele>
			</trkpt>
			<trkpt lat="66.987021" lon="17.771119">
				<ele>510.000000</ele>
			</trkpt>
			<trkpt lat="66.986821" lon="17.770815">
				<ele>510.000000</ele>
			</trkpt>
			<trkpt lat="66.986417" lon="17.770383">
				<ele>510.000000</ele>
			</trkpt>
			<trkpt lat="66.986132" lon="17.770213">
				<ele>510.000000</ele>
			</trkpt>
			<trkpt lat="66.985820" lon="17.769890">
				<ele>510.000000</ele>
			</trkpt>
			<trkpt lat="66.985680" lon="17.769413">
				<ele>510.000000</ele>
			</trkpt>
			<trkpt lat="66.985528" lon="17.768613">
				<ele>510.000000</ele>
			</trkpt>
			<trkpt lat="66.985402" lon="17.767913">
				<ele>510.000000</ele>
			</trkpt>
			<trkpt lat="66.985360" lon="17.767123">
				<ele>510.000000</ele>
			</trkpt>
			<trkpt lat="66.985251" lon="17.766475">
				<ele>510.000000</ele>
			</trkpt>
			<trkpt lat="66.985093" lon="17.766045">
				<ele>510.000000</ele>
			</trkpt>
			<trkpt lat="66.984878" lon="17.765784">
				<ele>510.000000</ele>
			</trkpt>
			<trkpt lat="66.984612" lon="17.765703">
				<ele>511.000000</ele>
			</trkpt>
			<trkpt lat="66.984478" lon="17.765523">
				<ele>512.000000</ele>
			</trkpt>
			<trkpt lat="66.984299" lon="17.765316">
				<ele>512.000000</ele>
			</trkpt>
			<trkpt lat="66.984007" lon="17.765227">
				<ele>513.000000</ele>
			</trkpt>
			<trkpt lat="66.983519" lon="17.765253">
				<ele>515.000000</ele>
			</trkpt>
			<trkpt lat="66.983319" lon="17.765083">
				<ele>516.000000</ele>
			</trkpt>
			<trkpt lat="66.983017" lon="17.764653">
				<ele>517.000000</ele>
			</trkpt>
			<trkpt lat="66.982248" lon="17.763897">
				<ele>520.000000</ele>
			</trkpt>
			<trkpt lat="66.982006" lon="17.763789">
				<ele>520.000000</ele>
			</trkpt>
			<trkpt lat="66.981819" lon="17.763897">
				<ele>520.000000</ele>
			</trkpt>
			<trkpt lat="66.981658" lon="17.763951">
				<ele>520.000000</ele>
			</trkpt>
			<trkpt lat="66.981444" lon="17.763978">
				<ele>520.000000</ele>
			</trkpt>
			<trkpt lat="66.981342" lon="17.763879">
				<ele>520.000000</ele>
			</trkpt>
			<trkpt lat="66.981008" lon="17.763619">
				<ele>520.000000</ele>
			</trkpt>
			<trkpt lat="66.980316" lon="17.762630">
				<ele>520.000000</ele>
			</trkpt>
			<trkpt lat="66.980056" lon="17.762479">
				<ele>520.000000</ele>
			</trkpt>
			<trkpt lat="66.979828" lon="17.762020">
				<ele>520.000000</ele>
			</trkpt>
			<trkpt lat="66.979543" lon="17.761705">
				<ele>520.000000</ele>
			</trkpt>
			<trkpt lat="66.979427" lon="17.761391">
				<ele>519.000000</ele>
			</trkpt>
			<trkpt lat="66.979023" lon="17.760565">
				<ele>519.000000</ele>
			</trkpt>
			<trkpt lat="66.978454" lon="17.759559">
				<ele>518.000000</ele>
			</trkpt>
			<trkpt lat="66.977832" lon="17.758903">
				<ele>517.000000</ele>
			</trkpt>
			<trkpt lat="66.977713" lon="17.758471">
				<ele>517.000000</ele>
			</trkpt>
			<trkpt lat="66.977418" lon="17.758095">
				<ele>517.000000</ele>
			</trkpt>
			<trkpt lat="66.977284" lon="17.757771">
				<ele>516.000000</ele>
			</trkpt>
			<trkpt lat="66.977182" lon="17.757339">
				<ele>516.000000</ele>
			</trkpt>
			<trkpt lat="66.976999" lon="17.757016">
				<ele>516.000000</ele>
			</trkpt>
			<trkpt lat="66.976796" lon="17.756837">
				<ele>516.000000</ele>
			</trkpt>
			<trkpt lat="66.976684" lon="17.756701">
				<ele>515.000000</ele>
			</trkpt>
			<trkpt lat="66.976602" lon="17.756315">
				<ele>515.000000</ele>
			</trkpt>
			<trkpt lat="66.976539" lon="17.755965">
				<ele>515.000000</ele>
			</trkpt>
			<trkpt lat="66.976392" lon="17.755714">
				<ele>515.000000</ele>
			</trkpt>
			<trkpt lat="66.976191" lon="17.755444">
				<ele>515.000000</ele>
			</trkpt>
			<trkpt lat="66.976047" lon="17.755381">
				<ele>514.000000</ele>
			</trkpt>
			<trkpt lat="66.975910" lon="17.755399">
				<ele>514.000000</ele>
			</trkpt>
			<trkpt lat="66.975784" lon="17.755328">
				<ele>514.000000</ele>
			</trkpt>
			<trkpt lat="66.975640" lon="17.755229">
				<ele>514.000000</ele>
			</trkpt>
			<trkpt lat="66.975465" lon="17.755211">
				<ele>514.000000</ele>
			</trkpt>
			<trkpt lat="66.975275" lon="17.755292">
				<ele>514.000000</ele>
			</trkpt>
			<trkpt lat="66.975151" lon="17.755255">
				<ele>513.000000</ele>
			</trkpt>
			<trkpt lat="66.974905" lon="17.755265">
				<ele>513.000000</ele>
			</trkpt>
			<trkpt lat="66.974776" lon="17.755246">
				<ele>513.000000</ele>
			</trkpt>
			<trkpt lat="66.974624" lon="17.755022">
				<ele>513.000000</ele>
			</trkpt>
			<trkpt lat="66.974417" lon="17.754546">
				<ele>512.000000</ele>
			</trkpt>
			<trkpt lat="66.974217" lon="17.753989">
				<ele>512.000000</ele>
			</trkpt>
			<trkpt lat="66.974048" lon="17.753342">
				<ele>512.000000</ele>
			</trkpt>
			<trkpt lat="66.973876" lon="17.752875">
				<ele>511.000000</ele>
			</trkpt>
			<trkpt lat="66.973564" lon="17.752498">
				<ele>511.000000</ele>
			</trkpt>
			<trkpt lat="66.972917" lon="17.752139">
				<ele>510.000000</ele>
			</trkpt>
			<trkpt lat="66.972671" lon="17.751877">
				<ele>510.000000</ele>
			</trkpt>
			<trkpt lat="66.972502" lon="17.751473">
				<ele>508.000000</ele>
			</trkpt>
			<trkpt lat="66.972284" lon="17.750710">
				<ele>506.000000</ele>
			</trkpt>
			<trkpt lat="66.972151" lon="17.750342">
				<ele>505.000000</ele>
			</trkpt>
			<trkpt lat="66.971982" lon="17.750036">
				<ele>504.000000</ele>
			</trkpt>
			<trkpt lat="66.971543" lon="17.749650">
				<ele>501.000000</ele>
			</trkpt>
			<trkpt lat="66.971314" lon="17.749200">
				<ele>499.000000</ele>
			</trkpt>
			<trkpt lat="66.971156" lon="17.748877">
				<ele>497.000000</ele>
			</trkpt>
			<trkpt lat="66.971029" lon="17.748384">
				<ele>496.000000</ele>
			</trkpt>
			<trkpt lat="66.970893" lon="17.748087">
				<ele>494.000000</ele>
			</trkpt>
			<trkpt lat="66.970717" lon="17.747737">
				<ele>492.000000</ele>
			</trkpt>
			<trkpt lat="66.970604" lon="17.747566">
				<ele>491.000000</ele>
			</trkpt>
			<trkpt lat="66.970394" lon="17.747323">
				<ele>490.000000</ele>
			</trkpt>
			<trkpt lat="66.970270" lon="17.746982">
				<ele>489.000000</ele>
			</trkpt>
			<trkpt lat="66.970154" lon="17.746426">
				<ele>488.000000</ele>
			</trkpt>
			<trkpt lat="66.970004" lon="17.746066">
				<ele>487.000000</ele>
			</trkpt>
			<trkpt lat="66.969751" lon="17.745724">
				<ele>486.000000</ele>
			</trkpt>
			<trkpt lat="66.969002" lon="17.745068">
				<ele>484.000000</ele>
			</trkpt>
			<trkpt lat="66.968791" lon="17.744701">
				<ele>483.000000</ele>
			</trkpt>
			<trkpt lat="66.968538" lon="17.744368">
				<ele>482.000000</ele>
			</trkpt>
			<trkpt lat="66.968345" lon="17.743865">
				<ele>481.000000</ele>
			</trkpt>
			<trkpt lat="66.968208" lon="17.743613">
				<ele>480.000000</ele>
			</trkpt>
			<trkpt lat="66.967916" lon="17.743443">
				<ele>477.000000</ele>
			</trkpt>
			<trkpt lat="66.967800" lon="17.743380">
				<ele>476.000000</ele>
			</trkpt>
			<trkpt lat="66.967670" lon="17.743210">
				<ele>474.000000</ele>
			</trkpt>
			<trkpt lat="66.967593" lon="17.742904">
				<ele>473.000000</ele>
			</trkpt>
			<trkpt lat="66.967526" lon="17.742554">
				<ele>471.000000</ele>
			</trkpt>
			<trkpt lat="66.967336" lon="17.742168">
				<ele>469.000000</ele>
			</trkpt>
			<trkpt lat="66.967223" lon="17.741789">
				<ele>467.000000</ele>
			</trkpt>
			<trkpt lat="66.967006" lon="17.741296">
				<ele>464.000000</ele>
			</trkpt>
			<trkpt lat="66.966861" lon="17.741036">
				<ele>463.000000</ele>
			</trkpt>
			<trkpt lat="66.966739" lon="17.740847">
				<ele>461.000000</ele>
			</trkpt>
			<trkpt lat="66.966647" lon="17.740649">
				<ele>460.000000</ele>
			</trkpt>
			<trkpt lat="66.966602" lon="17.740460">
				<ele>459.000000</ele>
			</trkpt>
			<trkpt lat="66.966580" lon="17.740290">
				<ele>459.000000</ele>
			</trkpt>
			<trkpt lat="66.966513" lon="17.740137">
				<ele>458.000000</ele>
			</trkpt>
			<trkpt lat="66.966430" lon="17.740074">
				<ele>457.000000</ele>
			</trkpt>
			<trkpt lat="66.966345" lon="17.740038">
				<ele>456.000000</ele>
			</trkpt>
			<trkpt lat="66.966264" lon="17.739912">
				<ele>455.000000</ele>
			</trkpt>
			<trkpt lat="66.966124" lon="17.739724">
				<ele>453.000000</ele>
			</trkpt>
			<trkpt lat="66.965983" lon="17.739589">
				<ele>451.000000</ele>
			</trkpt>
			<trkpt lat="66.965814" lon="17.739311">
				<ele>449.000000</ele>
			</trkpt>
			<trkpt lat="66.965723" lon="17.739193">
				<ele>448.000000</ele>
			</trkpt>
			<trkpt lat="66.965579" lon="17.738889">
				<ele>445.000000</ele>
			</trkpt>
			<trkpt lat="66.965466" lon="17.738592">
				<ele>443.000000</ele>
			</trkpt>
			<trkpt lat="66.965420" lon="17.738403">
				<ele>442.000000</ele>
			</trkpt>
			<trkpt lat="66.965354" lon="17.738250">
				<ele>441.000000</ele>
			</trkpt>
			<trkpt lat="66.965284" lon="17.738116">
				<ele>440.000000</ele>
			</trkpt>
			<trkpt lat="66.965111" lon="17.738044">
				<ele>438.000000</ele>
			</trkpt>
			<trkpt lat="66.965034" lon="17.737900">
				<ele>437.000000</ele>
			</trkpt>
			<trkpt lat="66.964992" lon="17.737657">
				<ele>435.000000</ele>
			</trkpt>
			<trkpt lat="66.964942" lon="17.737271">
				<ele>433.000000</ele>
			</trkpt>
			<trkpt lat="66.964911" lon="17.737101">
				<ele>433.000000</ele>
			</trkpt>
			<trkpt lat="66.964830" lon="17.736831">
				<ele>431.000000</ele>
			</trkpt>
			<trkpt lat="66.964707" lon="17.736481">
				<ele>429.000000</ele>
			</trkpt>
			<trkpt lat="66.964559" lon="17.736202">
				<ele>428.000000</ele>
			</trkpt>
			<trkpt lat="66.964500" lon="17.735906">
				<ele>427.000000</ele>
			</trkpt>
			<trkpt lat="66.964359" lon="17.735583">
				<ele>426.000000</ele>
			</trkpt>
			<trkpt lat="66.964229" lon="17.735447">
				<ele>425.000000</ele>
			</trkpt>
			<trkpt lat="66.964039" lon="17.734873">
				<ele>423.000000</ele>
			</trkpt>
			<trkpt lat="66.963867" lon="17.734415">
				<ele>421.000000</ele>
			</trkpt>
			<trkpt lat="66.963814" lon="17.734046">
				<ele>420.000000</ele>
			</trkpt>
			<trkpt lat="66.963684" lon="17.733112">
				<ele>416.000000</ele>
			</trkpt>
			<trkpt lat="66.963694" lon="17.732457">
				<ele>414.000000</ele>
			</trkpt>
			<trkpt lat="66.963716" lon="17.732088">
				<ele>412.000000</ele>
			</trkpt>
			<trkpt lat="66.963663" lon="17.731809">
				<ele>411.000000</ele>
			</trkpt>
			<trkpt lat="66.963543" lon="17.731315">
				<ele>409.000000</ele>
			</trkpt>
			<trkpt lat="66.963448" lon="17.730912">
				<ele>407.000000</ele>
			</trkpt>
			<trkpt lat="66.963318" lon="17.730489">
				<ele>405.000000</ele>
			</trkpt>
			<trkpt lat="66.963202" lon="17.730174">
				<ele>403.000000</ele>
			</trkpt>
			<trkpt lat="66.963006" lon="17.729896">
				<ele>401.000000</ele>
			</trkpt>
			<trkpt lat="66.962840" lon="17.729627">
				<ele>399.000000</ele>
			</trkpt>
			<trkpt lat="66.962675" lon="17.729214">
				<ele>397.000000</ele>
			</trkpt>
			<trkpt lat="66.962408" lon="17.728872">
				<ele>394.000000</ele>
			</trkpt>
			<trkpt lat="66.962011" lon="17.728270">
				<ele>389.000000</ele>
			</trkpt>
			<trkpt lat="66.961856" lon="17.728046">
				<ele>387.000000</ele>
			</trkpt>
			<trkpt lat="66.961789" lon="17.727830">
				<ele>385.000000</ele>
			</trkpt>
			<trkpt lat="66.961663" lon="17.727354">
				<ele>383.000000</ele>
			</trkpt>
			<trkpt lat="66.961554" lon="17.727031">
				<ele>381.000000</ele>
			</trkpt>
			<trkpt lat="66.961466" lon="17.726788">
				<ele>379.000000</ele>
			</trkpt>
			<trkpt lat="66.961339" lon="17.726491">
				<ele>378.000000</ele>
			</trkpt>
			<trkpt lat="66.961269" lon="17.726239">
				<ele>376.000000</ele>
			</trkpt>
			<trkpt lat="66.961170" lon="17.725826">
				<ele>375.000000</ele>
			</trkpt>
			<trkpt lat="66.961065" lon="17.725467">
				<ele>373.000000</ele>
			</trkpt>
			<trkpt lat="66.961026" lon="17.725396">
				<ele>372.000000</ele>
			</trkpt>
			<trkpt lat="66.960952" lon="17.725296">
				<ele>372.000000</ele>
			</trkpt>
			<trkpt lat="66.960851" lon="17.725099">
				<ele>370.000000</ele>
			</trkpt>
			<trkpt lat="66.960612" lon="17.724811">
				<ele>368.000000</ele>
			</trkpt>
			<trkpt lat="66.960492" lon="17.724667">
				<ele>366.000000</ele>
			</trkpt>
			<trkpt lat="66.960401" lon="17.724515">
				<ele>365.000000</ele>
			</trkpt>
			<trkpt lat="66.960309" lon="17.724425">
				<ele>364.000000</ele>
			</trkpt>
			<trkpt lat="66.960179" lon="17.724380">
				<ele>363.000000</ele>
			</trkpt>
			<trkpt lat="66.959985" lon="17.724191">
				<ele>360.000000</ele>
			</trkpt>
			<trkpt lat="66.959894" lon="17.724004">
				<ele>359.000000</ele>
			</trkpt>
			<trkpt lat="66.959747" lon="17.723608">
				<ele>358.000000</ele>
			</trkpt>
			<trkpt lat="66.959617" lon="17.723105">
				<ele>356.000000</ele>
			</trkpt>
			<trkpt lat="66.959518" lon="17.722943">
				<ele>355.000000</ele>
			</trkpt>
			<trkpt lat="66.959363" lon="17.722782">
				<ele>353.000000</ele>
			</trkpt>
			<trkpt lat="66.959065" lon="17.722279">
				<ele>350.000000</ele>
			</trkpt>
			<trkpt lat="66.958998" lon="17.721928">
				<ele>350.000000</ele>
			</trkpt>
			<trkpt lat="66.958977" lon="17.721631">
				<ele>349.000000</ele>
			</trkpt>
			<trkpt lat="66.958787" lon="17.721623">
				<ele>349.000000</ele>
			</trkpt>
			<trkpt lat="66.958551" lon="17.721614">
				<ele>348.000000</ele>
			</trkpt>
			<trkpt lat="66.958344" lon="17.721560">
				<ele>348.000000</ele>
			</trkpt>
			<trkpt lat="66.958175" lon="17.721497">
				<ele>347.000000</ele>
			</trkpt>
			<trkpt lat="66.957806" lon="17.721075">
				<ele>346.000000</ele>
			</trkpt>
			<trkpt lat="66.957574" lon="17.720895">
				<ele>345.000000</ele>
			</trkpt>
			<trkpt lat="66.957257" lon="17.721111">
				<ele>344.000000</ele>
			</trkpt>
			<trkpt lat="66.957099" lon="17.721065">
				<ele>344.000000</ele>
			</trkpt>
			<trkpt lat="66.956909" lon="17.720788">
				<ele>343.000000</ele>
			</trkpt>
			<trkpt lat="66.956670" lon="17.720518">
				<ele>343.000000</ele>
			</trkpt>
			<trkpt lat="66.956445" lon="17.720428">
				<ele>342.000000</ele>
			</trkpt>
			<trkpt lat="66.956224" lon="17.720346">
				<ele>341.000000</ele>
			</trkpt>
			<trkpt lat="66.955942" lon="17.720346">
				<ele>341.000000</ele>
			</trkpt>
			<trkpt lat="66.955647" lon="17.720482">
				<ele>340.000000</ele>
			</trkpt>
			<trkpt lat="66.955331" lon="17.720545">
				<ele>338.000000</ele>
			</trkpt>
			<trkpt lat="66.954799" lon="17.720616">
				<ele>336.000000</ele>
			</trkpt>
			<trkpt lat="66.954676" lon="17.720608">
				<ele>335.000000</ele>
			</trkpt>
			<trkpt lat="66.954588" lon="17.720635">
				<ele>335.000000</ele>
			</trkpt>
			<trkpt lat="66.954448" lon="17.720536">
				<ele>334.000000</ele>
			</trkpt>
			<trkpt lat="66.954254" lon="17.720428">
				<ele>333.000000</ele>
			</trkpt>
			<trkpt lat="66.953889" lon="17.720365">
				<ele>331.000000</ele>
			</trkpt>
			<trkpt lat="66.953695" lon="17.720266">
				<ele>330.000000</ele>
			</trkpt>
			<trkpt lat="66.953537" lon="17.720230">
				<ele>329.000000</ele>
			</trkpt>
			<trkpt lat="66.953417" lon="17.720230">
				<ele>328.000000</ele>
			</trkpt>
			<trkpt lat="66.953340" lon="17.720222">
				<ele>328.000000</ele>
			</trkpt>
			<trkpt lat="66.953252" lon="17.720222">
				<ele>327.000000</ele>
			</trkpt>
			<trkpt lat="66.953168" lon="17.720338">
				<ele>326.000000</ele>
			</trkpt>
			<trkpt lat="66.953108" lon="17.720499">
				<ele>325.000000</ele>
			</trkpt>
			<trkpt lat="66.952264" lon="17.719520">
				<ele>320.000000</ele>
			</trkpt>
			<trkpt lat="66.952197" lon="17.719503">
				<ele>320.000000</ele>
			</trkpt>
			<trkpt lat="66.952144" lon="17.719547">
				<ele>320.000000</ele>
			</trkpt>
			<trkpt lat="66.952050" lon="17.719817">
				<ele>320.000000</ele>
			</trkpt>
			<trkpt lat="66.952011" lon="17.719916">
				<ele>320.000000</ele>
			</trkpt>
			<trkpt lat="66.952137" lon="17.720222">
				<ele>320.000000</ele>
			</trkpt>
			<trkpt lat="66.952267" lon="17.720706">
				<ele>320.000000</ele>
			</trkpt>
			<trkpt lat="66.952285" lon="17.720949">
				<ele>320.000000</ele>
			</trkpt>
			<trkpt lat="66.952299" lon="17.721147">
				<ele>320.000000</ele>
			</trkpt>
			<trkpt lat="66.952349" lon="17.721954">
				<ele>320.000000</ele>
			</trkpt>
			<trkpt lat="66.952387" lon="17.722520">
				<ele>321.000000</ele>
			</trkpt>
			<trkpt lat="66.952408" lon="17.722872">
				<ele>323.000000</ele>
			</trkpt>
			<trkpt lat="66.952489" lon="17.723562">
				<ele>326.000000</ele>
			</trkpt>
			<trkpt lat="66.952675" lon="17.724120">
				<ele>328.000000</ele>
			</trkpt>
			<trkpt lat="66.952890" lon="17.724749">
				<ele>331.000000</ele>
			</trkpt>
			<trkpt lat="66.952918" lon="17.724811">
				<ele>331.000000</ele>
			</trkpt>
			<trkpt lat="66.953076" lon="17.725180">
				<ele>332.000000</ele>
			</trkpt>
			<trkpt lat="66.953108" lon="17.725333">
				<ele>333.000000</ele>
			</trkpt>
			<trkpt lat="66.953143" lon="17.725512">
				<ele>333.000000</ele>
			</trkpt>
			<trkpt lat="66.953189" lon="17.725935">
				<ele>334.000000</ele>
			</trkpt>
			<trkpt lat="66.953224" lon="17.726482">
				<ele>335.000000</ele>
			</trkpt>
			<trkpt lat="66.953210" lon="17.726950">
				<ele>335.000000</ele>
			</trkpt>
			<trkpt lat="66.953168" lon="17.727516">
				<ele>336.000000</ele>
			</trkpt>
			<trkpt lat="66.953147" lon="17.727820">
				<ele>337.000000</ele>
			</trkpt>
			<trkpt lat="66.953129" lon="17.728136">
				<ele>338.000000</ele>
			</trkpt>
			<trkpt lat="66.953101" lon="17.729231">
				<ele>341.000000</ele>
			</trkpt>
			<trkpt lat="66.953112" lon="17.730040">
				<ele>343.000000</ele>
			</trkpt>
			<trkpt lat="66.953195" lon="17.730560">
				<ele>344.000000</ele>
			</trkpt>
			<trkpt lat="66.953316" lon="17.731109">
				<ele>345.000000</ele>
			</trkpt>
			<trkpt lat="66.953382" lon="17.731675">
				<ele>346.000000</ele>
			</trkpt>
			<trkpt lat="66.953417" lon="17.731845">
				<ele>346.000000</ele>
			</trkpt>
			<trkpt lat="66.953389" lon="17.732285">
				<ele>347.000000</ele>
			</trkpt>
			<trkpt lat="66.953382" lon="17.732340">
				<ele>348.000000</ele>
			</trkpt>
			<trkpt lat="66.953358" lon="17.732465">
				<ele>348.000000</ele>
			</trkpt>
			<trkpt lat="66.953336" lon="17.732581">
				<ele>348.000000</ele>
			</trkpt>
			<trkpt lat="66.953308" lon="17.732807">
				<ele>349.000000</ele>
			</trkpt>
			<trkpt lat="66.953294" lon="17.733049">
				<ele>349.000000</ele>
			</trkpt>
			<trkpt lat="66.953259" lon="17.733579">
				<ele>351.000000</ele>
			</trkpt>
			<trkpt lat="66.953214" lon="17.734028">
				<ele>352.000000</ele>
			</trkpt>
			<trkpt lat="66.953203" lon="17.734252">
				<ele>353.000000</ele>
			</trkpt>
			<trkpt lat="66.953206" lon="17.734468">
				<ele>353.000000</ele>
			</trkpt>
			<trkpt lat="66.953256" lon="17.734791">
				<ele>354.000000</ele>
			</trkpt>
			<trkpt lat="66.953259" lon="17.734810">
				<ele>354.000000</ele>
			</trkpt>
			<trkpt lat="66.953287" lon="17.734954">
				<ele>355.000000</ele>
			</trkpt>
			<trkpt lat="66.953189" lon="17.735233">
				<ele>355.000000</ele>
			</trkpt>
			<trkpt lat="66.953076" lon="17.735439">
				<ele>355.000000</ele>
			</trkpt>
			<trkpt lat="66.952904" lon="17.735780">
				<ele>355.000000</ele>
			</trkpt>
			<trkpt lat="66.952823" lon="17.735996">
				<ele>356.000000</ele>
			</trkpt>
			<trkpt lat="66.952805" lon="17.736095">
				<ele>356.000000</ele>
			</trkpt>
			<trkpt lat="66.952781" lon="17.736220">
				<ele>356.000000</ele>
			</trkpt>
			<trkpt lat="66.952749" lon="17.736463">
				<ele>357.000000</ele>
			</trkpt>
			<trkpt lat="66.952763" lon="17.737065">
				<ele>358.000000</ele>
			</trkpt>
			<trkpt lat="66.952746" lon="17.737271">
				<ele>359.000000</ele>
			</trkpt>
			<trkpt lat="66.952774" lon="17.737765">
				<ele>360.000000</ele>
			</trkpt>
			<trkpt lat="66.952827" lon="17.738134">
				<ele>360.000000</ele>
			</trkpt>
			<trkpt lat="66.952844" lon="17.738304">
				<ele>360.000000</ele>
			</trkpt>
			<trkpt lat="66.952943" lon="17.738520">
				<ele>362.000000</ele>
			</trkpt>
			<trkpt lat="66.953051" lon="17.739481">
				<ele>366.000000</ele>
			</trkpt>
			<trkpt lat="66.953098" lon="17.739778">
				<ele>367.000000</ele>
			</trkpt>
			<trkpt lat="66.953220" lon="17.740101">
				<ele>369.000000</ele>
			</trkpt>
			<trkpt lat="66.953228" lon="17.740370">
				<ele>370.000000</ele>
			</trkpt>
			<trkpt lat="66.953178" lon="17.741080">
				<ele>373.000000</ele>
			</trkpt>
			<trkpt lat="66.953224" lon="17.741367">
				<ele>375.000000</ele>
			</trkpt>
			<trkpt lat="66.953407" lon="17.742051">
				<ele>379.000000</ele>
			</trkpt>
			<trkpt lat="66.953523" lon="17.742598">
				<ele>383.000000</ele>
			</trkpt>
			<trkpt lat="66.953600" lon="17.743110">
				<ele>386.000000</ele>
			</trkpt>
			<trkpt lat="66.953615" lon="17.743560">
				<ele>389.000000</ele>
			</trkpt>
			<trkpt lat="66.953723" lon="17.744099">
				<ele>393.000000</ele>
			</trkpt>
			<trkpt lat="66.953910" lon="17.744826">
				<ele>399.000000</ele>
			</trkpt>
			<trkpt lat="66.954012" lon="17.745248">
				<ele>402.000000</ele>
			</trkpt>
			<trkpt lat="66.954177" lon="17.745590">
				<ele>406.000000</ele>
			</trkpt>
			<trkpt lat="66.954356" lon="17.746066">
				<ele>410.000000</ele>
			</trkpt>
			<trkpt lat="66.954522" lon="17.746577">
				<ele>415.000000</ele>
			</trkpt>
			<trkpt lat="66.954655" lon="17.747171">
				<ele>419.000000</ele>
			</trkpt>
			<trkpt lat="66.954792" lon="17.748007">
				<ele>427.000000</ele>
			</trkpt>
			<trkpt lat="66.954852" lon="17.748707">
				<ele>433.000000</ele>
			</trkpt>
			<trkpt lat="66.954887" lon="17.749435">
				<ele>438.000000</ele>
			</trkpt>
			<trkpt lat="66.954887" lon="17.750081">
				<ele>443.000000</ele>
			</trkpt>
			<trkpt lat="66.955031" lon="17.751231">
				<ele>453.000000</ele>
			</trkpt>
			<trkpt lat="66.955046" lon="17.751976">
				<ele>458.000000</ele>
			</trkpt>
			<trkpt lat="66.955193" lon="17.753001">
				<ele>465.000000</ele>
			</trkpt>
			<trkpt lat="66.955200" lon="17.753701">
				<ele>470.000000</ele>
			</trkpt>
			<trkpt lat="66.955281" lon="17.754267">
				<ele>473.000000</ele>
			</trkpt>
			<trkpt lat="66.955274" lon="17.754590">
				<ele>475.000000</ele>
			</trkpt>
			<trkpt lat="66.955116" lon="17.755093">
				<ele>478.000000</ele>
			</trkpt>
			<trkpt lat="66.955113" lon="17.755103">
				<ele>478.000000</ele>
			</trkpt>
			<trkpt lat="66.955060" lon="17.755273">
				<ele>479.000000</ele>
			</trkpt>
			<trkpt lat="66.954820" lon="17.756018">
				<ele>482.000000</ele>
			</trkpt>
			<trkpt lat="66.954616" lon="17.756827">
				<ele>486.000000</ele>
			</trkpt>
			<trkpt lat="66.954378" lon="17.757600">
				<ele>490.000000</ele>
			</trkpt>
			<trkpt lat="66.954142" lon="17.758292">
				<ele>494.000000</ele>
			</trkpt>
			<trkpt lat="66.953938" lon="17.758777">
				<ele>497.000000</ele>
			</trkpt>
			<trkpt lat="66.953745" lon="17.759217">
				<ele>500.000000</ele>
			</trkpt>
			<trkpt lat="66.953674" lon="17.759739">
				<ele>503.000000</ele>
			</trkpt>
			<trkpt lat="66.953579" lon="17.760555">
				<ele>509.000000</ele>
			</trkpt>
			<trkpt lat="66.953463" lon="17.761374">
				<ele>512.000000</ele>
			</trkpt>
			<trkpt lat="66.953519" lon="17.762226">
				<ele>515.000000</ele>
			</trkpt>
			<trkpt lat="66.953568" lon="17.762882">
				<ele>517.000000</ele>
			</trkpt>
			<trkpt lat="66.953533" lon="17.763232">
				<ele>518.000000</ele>
			</trkpt>
			<trkpt lat="66.953330" lon="17.763708">
				<ele>521.000000</ele>
			</trkpt>
			<trkpt lat="66.953200" lon="17.764167">
				<ele>524.000000</ele>
			</trkpt>
			<trkpt lat="66.953112" lon="17.764643">
				<ele>527.000000</ele>
			</trkpt>
			<trkpt lat="66.953041" lon="17.765389">
				<ele>531.000000</ele>
			</trkpt>
			<trkpt lat="66.953062" lon="17.765955">
				<ele>536.000000</ele>
			</trkpt>
			<trkpt lat="66.953065" lon="17.766700">
				<ele>542.000000</ele>
			</trkpt>
			<trkpt lat="66.953065" lon="17.767087">
				<ele>546.000000</ele>
			</trkpt>
			<trkpt lat="66.952963" lon="17.767509">
				<ele>550.000000</ele>
			</trkpt>
			<trkpt lat="66.952978" lon="17.768020">
				<ele>552.000000</ele>
			</trkpt>
			<trkpt lat="66.952978" lon="17.768731">
				<ele>555.000000</ele>
			</trkpt>
			<trkpt lat="66.952953" lon="17.769485">
				<ele>558.000000</ele>
			</trkpt>
			<trkpt lat="66.952844" lon="17.770240">
				<ele>561.000000</ele>
			</trkpt>
			<trkpt lat="66.952791" lon="17.771335">
				<ele>567.000000</ele>
			</trkpt>
			<trkpt lat="66.952890" lon="17.772440">
				<ele>573.000000</ele>
			</trkpt>
			<trkpt lat="66.952939" lon="17.773186">
				<ele>578.000000</ele>
			</trkpt>
			<trkpt lat="66.952932" lon="17.773679">
				<ele>582.000000</ele>
			</trkpt>
			<trkpt lat="66.952847" lon="17.774561">
				<ele>588.000000</ele>
			</trkpt>
			<trkpt lat="66.952819" lon="17.775377">
				<ele>596.000000</ele>
			</trkpt>
			<trkpt lat="66.952819" lon="17.776096">
				<ele>603.000000</ele>
			</trkpt>
			<trkpt lat="66.952833" lon="17.776689">
				<ele>608.000000</ele>
			</trkpt>
			<trkpt lat="66.952739" lon="17.777274">
				<ele>614.000000</ele>
			</trkpt>
			<trkpt lat="66.952584" lon="17.777740">
				<ele>619.000000</ele>
			</trkpt>
			<trkpt lat="66.952524" lon="17.778019">
				<ele>621.000000</ele>
			</trkpt>
			<trkpt lat="66.952584" lon="17.778980">
				<ele>627.000000</ele>
			</trkpt>
			<trkpt lat="66.952587" lon="17.779482">
				<ele>630.000000</ele>
			</trkpt>
			<trkpt lat="66.952567" lon="17.780390">
				<ele>636.000000</ele>
			</trkpt>
			<trkpt lat="66.952584" lon="17.781109">
				<ele>641.000000</ele>
			</trkpt>
			<trkpt lat="66.952777" lon="17.781864">
				<ele>647.000000</ele>
			</trkpt>
			<trkpt lat="66.952921" lon="17.782421">
				<ele>651.000000</ele>
			</trkpt>
			<trkpt lat="66.953090" lon="17.782798">
				<ele>655.000000</ele>
			</trkpt>
			<trkpt lat="66.953090" lon="17.783103">
				<ele>657.000000</ele>
			</trkpt>
			<trkpt lat="66.953122" lon="17.783830">
				<ele>661.000000</ele>
			</trkpt>
			<trkpt lat="66.953210" lon="17.784837">
				<ele>666.000000</ele>
			</trkpt>
			<trkpt lat="66.953474" lon="17.785654">
				<ele>672.000000</ele>
			</trkpt>
			<trkpt lat="66.953667" lon="17.786211">
				<ele>675.000000</ele>
			</trkpt>
			<trkpt lat="66.953794" lon="17.786786">
				<ele>678.000000</ele>
			</trkpt>
			<trkpt lat="66.953857" lon="17.787191">
				<ele>680.000000</ele>
			</trkpt>
			<trkpt lat="66.954005" lon="17.787406">
				<ele>682.000000</ele>
			</trkpt>
			<trkpt lat="66.954068" lon="17.788107">
				<ele>685.000000</ele>
			</trkpt>
			<trkpt lat="66.954110" lon="17.788943">
				<ele>689.000000</ele>
			</trkpt>
			<trkpt lat="66.954110" lon="17.789931">
				<ele>695.000000</ele>
			</trkpt>
			<trkpt lat="66.954065" lon="17.790910">
				<ele>700.000000</ele>
			</trkpt>
			<trkpt lat="66.954054" lon="17.792113">
				<ele>710.000000</ele>
			</trkpt>
			<trkpt lat="66.954047" lon="17.792994">
				<ele>720.000000</ele>
			</trkpt>
			<trkpt lat="66.953969" lon="17.793856">
				<ele>729.000000</ele>
			</trkpt>
			<trkpt lat="66.953762" lon="17.794206">
				<ele>734.000000</ele>
			</trkpt>
			<trkpt lat="66.953301" lon="17.794548">
				<ele>743.000000</ele>
			</trkpt>
			<trkpt lat="66.952770" lon="17.795114">
				<ele>752.000000</ele>
			</trkpt>
			<trkpt lat="66.952264" lon="17.795841">
				<ele>759.000000</ele>
			</trkpt>
			<trkpt lat="66.951993" lon="17.796488">
				<ele>764.000000</ele>
			</trkpt>
			<trkpt lat="66.951754" lon="17.796929">
				<ele>768.000000</ele>
			</trkpt>
			<trkpt lat="66.951606" lon="17.797216">
				<ele>770.000000</ele>
			</trkpt>
			<trkpt lat="66.951462" lon="17.797539">
				<ele>772.000000</ele>
			</trkpt>
			<trkpt lat="66.951315" lon="17.797935">
				<ele>773.000000</ele>
			</trkpt>
			<trkpt lat="66.951163" lon="17.798177">
				<ele>774.000000</ele>
			</trkpt>
			<trkpt lat="66.951079" lon="17.799309">
				<ele>778.000000</ele>
			</trkpt>
			<trkpt lat="66.951054" lon="17.800036">
				<ele>780.000000</ele>
			</trkpt>
			<trkpt lat="66.950695" lon="17.801168">
				<ele>780.000000</ele>
			</trkpt>
			<trkpt lat="66.950411" lon="17.801941">
				<ele>780.000000</ele>
			</trkpt>
			<trkpt lat="66.950291" lon="17.802588">
				<ele>780.000000</ele>
			</trkpt>
			<trkpt lat="66.950013" lon="17.803378">
				<ele>780.000000</ele>
			</trkpt>
			<trkpt lat="66.949918" lon="17.803998">
				<ele>780.000000</ele>
			</trkpt>
			<trkpt lat="66.949967" lon="17.804797">
				<ele>780.000000</ele>
			</trkpt>
			<trkpt lat="66.949949" lon="17.805625">
				<ele>778.000000</ele>
			</trkpt>
			<trkpt lat="66.950052" lon="17.806038">
				<ele>777.000000</ele>
			</trkpt>
			<trkpt lat="66.949918" lon="17.806612">
				<ele>775.000000</ele>
			</trkpt>
			<trkpt lat="66.949809" lon="17.807196">
				<ele>774.000000</ele>
			</trkpt>
			<trkpt lat="66.948430" lon="17.810152">
				<ele>752.000000</ele>
			</trkpt>
			<trkpt lat="66.946896" lon="17.815164">
				<ele>720.000000</ele>
			</trkpt>
			<trkpt lat="66.946000" lon="17.817418">
				<ele>720.000000</ele>
			</trkpt>
			<trkpt lat="66.944409" lon="17.819970">
				<ele>720.000000</ele>
			</trkpt>
			<trkpt lat="66.942795" lon="17.824776">
				<ele>720.000000</ele>
			</trkpt>
			<trkpt lat="66.941989" lon="17.830957">
				<ele>729.000000</ele>
			</trkpt>
			<trkpt lat="66.941451" lon="17.837137">
				<ele>735.000000</ele>
			</trkpt>
			<trkpt lat="66.940687" lon="17.842994">
				<ele>740.000000</ele>
			</trkpt>
			<trkpt lat="66.939973" lon="17.846748">
				<ele>738.000000</ele>
			</trkpt>
			<trkpt lat="66.938829" lon="17.851042">
				<ele>730.000000</ele>
			</trkpt>
			<trkpt lat="66.938291" lon="17.855849">
				<ele>730.000000</ele>
			</trkpt>
			<trkpt lat="66.938024" lon="17.861346">
				<ele>733.000000</ele>
			</trkpt>
			<trkpt lat="66.937865" lon="17.864625">
				<ele>740.000000</ele>
			</trkpt>
			<trkpt lat="66.937418" lon="17.867176">
				<ele>742.000000</ele>
			</trkpt>
			<trkpt lat="66.936880" lon="17.871300">
				<ele>744.000000</ele>
			</trkpt>
			<trkpt lat="66.935937" lon="17.875072">
				<ele>747.000000</ele>
			</trkpt>
			<trkpt lat="66.934838" lon="17.878011">
				<ele>749.000000</ele>
			</trkpt>
			<trkpt lat="66.933920" lon="17.880741">
				<ele>768.000000</ele>
			</trkpt>
			<trkpt lat="66.933023" lon="17.883158">
				<ele>787.000000</ele>
			</trkpt>
			<trkpt lat="66.931699" lon="17.886751">
				<ele>803.000000</ele>
			</trkpt>
			<trkpt lat="66.930333" lon="17.889859">
				<ele>810.000000</ele>
			</trkpt>
			<trkpt lat="66.927507" lon="17.896210">
				<ele>810.000000</ele>
			</trkpt>
			<trkpt lat="66.926116" lon="17.899794">
				<ele>830.000000</ele>
			</trkpt>
			<trkpt lat="66.924883" lon="17.906675">
				<ele>800.000000</ele>
			</trkpt>
			<trkpt lat="66.924271" lon="17.910781">
				<ele>809.000000</ele>
			</trkpt>
			<trkpt lat="66.923905" lon="17.912272">
				<ele>810.000000</ele>
			</trkpt>
			<trkpt lat="66.923662" lon="17.916755">
				<ele>800.000000</ele>
			</trkpt>
			<trkpt lat="66.924183" lon="17.917769">
				<ele>784.000000</ele>
			</trkpt>
			<trkpt lat="66.924204" lon="17.918507">
				<ele>777.000000</ele>
			</trkpt>
			<trkpt lat="66.924810" lon="17.919136">
				<ele>762.000000</ele>
			</trkpt>
			<trkpt lat="66.925341" lon="17.919673">
				<ele>750.000000</ele>
			</trkpt>
			<trkpt lat="66.927546" lon="17.920725">
				<ele>700.000000</ele>
			</trkpt>
			<trkpt lat="66.927778" lon="17.923052">
				<ele>660.000000</ele>
			</trkpt>
			<trkpt lat="66.927485" lon="17.923545">
				<ele>653.000000</ele>
			</trkpt>
			<trkpt lat="66.927292" lon="17.926313">
				<ele>623.000000</ele>
			</trkpt>
			<trkpt lat="66.927151" lon="17.927237">
				<ele>616.000000</ele>
			</trkpt>
			<trkpt lat="66.927010" lon="17.930202">
				<ele>594.000000</ele>
			</trkpt>
			<trkpt lat="66.926898" lon="17.933778">
				<ele>565.000000</ele>
			</trkpt>
			<trkpt lat="66.926634" lon="17.940596">
				<ele>536.000000</ele>
			</trkpt>
			<trkpt lat="66.926109" lon="17.942330">
				<ele>530.000000</ele>
			</trkpt>
			<trkpt lat="66.926031" lon="17.944477">
				<ele>525.000000</ele>
			</trkpt>
			<trkpt lat="66.925672" lon="17.947900">
				<ele>519.000000</ele>
			</trkpt>
			<trkpt lat="66.925257" lon="17.953909">
				<ele>514.000000</ele>
			</trkpt>
			<trkpt lat="66.923863" lon="17.957089">
				<ele>510.000000</ele>
			</trkpt>
			<trkpt lat="66.923813" lon="17.960261">
				<ele>510.000000</ele>
			</trkpt>
			<trkpt lat="66.922891" lon="17.960817">
				<ele>510.000000</ele>
			</trkpt>
			<trkpt lat="66.922591" lon="17.961248">
				<ele>510.000000</ele>
			</trkpt>
			<trkpt lat="66.921736" lon="17.963395">
				<ele>510.000000</ele>
			</trkpt>
			<trkpt lat="66.921616" lon="17.963844">
				<ele>510.000000</ele>
			</trkpt>
			<trkpt lat="66.921528" lon="17.964446">
				<ele>510.000000</ele>
			</trkpt>
			<trkpt lat="66.921539" lon="17.965102">
				<ele>519.000000</ele>
			</trkpt>
			<trkpt lat="66.921271" lon="17.965892">
				<ele>518.000000</ele>
			</trkpt>
			<trkpt lat="66.919496" lon="17.971337">
				<ele>515.000000</ele>
			</trkpt>
			<trkpt lat="66.918549" lon="17.974435">
				<ele>514.000000</ele>
			</trkpt>
			<trkpt lat="66.917348" lon="17.977993">
				<ele>512.000000</ele>
			</trkpt>
			<trkpt lat="66.916552" lon="17.979583">
				<ele>511.000000</ele>
			</trkpt>
			<trkpt lat="66.914164" lon="17.983670">
				<ele>500.000000</ele>
			</trkpt>
			<trkpt lat="66.913519" lon="17.983931">
				<ele>494.000000</ele>
			</trkpt>
			<trkpt lat="66.912054" lon="17.984470">
				<ele>484.000000</ele>
			</trkpt>
			<trkpt lat="66.910800" lon="17.985557">
				<ele>473.000000</ele>
			</trkpt>
			<trkpt lat="66.910334" lon="17.985278">
				<ele>470.000000</ele>
			</trkpt>
			<trkpt lat="66.909482" lon="17.984802">
				<ele>470.000000</ele>
			</trkpt>
			<trkpt lat="66.908115" lon="17.984811">
				<ele>467.000000</ele>
			</trkpt>
			<trkpt lat="66.906403" lon="17.986931">
				<ele>449.000000</ele>
			</trkpt>
			<trkpt lat="66.902865" lon="17.991459">
				<ele>417.000000</ele>
			</trkpt>
			<trkpt lat="66.900680" lon="17.992186">
				<ele>390.000000</ele>
			</trkpt>
			<trkpt lat="66.899588" lon="17.992689">
				<ele>377.000000</ele>
			</trkpt>
			<trkpt lat="66.898333" lon="17.995124">
				<ele>366.000000</ele>
			</trkpt>
			<trkpt lat="66.896588" lon="17.998627">
				<ele>349.000000</ele>
			</trkpt>
			<trkpt lat="66.896440" lon="17.998681">
				<ele>349.000000</ele>
			</trkpt>
			<trkpt lat="66.896327" lon="17.998860">
				<ele>348.000000</ele>
			</trkpt>
			<trkpt lat="66.895720" lon="18.000728">
				<ele>344.000000</ele>
			</trkpt>
			<trkpt lat="66.895108" lon="18.001969">
				<ele>341.000000</ele>
			</trkpt>
			<trkpt lat="66.894705" lon="18.003523">
				<ele>339.000000</ele>
			</trkpt>
			<trkpt lat="66.894564" lon="18.006263">
				<ele>338.000000</ele>
			</trkpt>
			<trkpt lat="66.894561" lon="18.007718">
				<ele>337.000000</ele>
			</trkpt>
			<trkpt lat="66.894410" lon="18.009640">
				<ele>336.000000</ele>
			</trkpt>
			<trkpt lat="66.894353" lon="18.011707">
				<ele>334.000000</ele>
			</trkpt>
			<trkpt lat="66.894135" lon="18.013692">
				<ele>333.000000</ele>
			</trkpt>
			<trkpt lat="66.893891" lon="18.014779">
				<ele>332.000000</ele>
			</trkpt>
			<trkpt lat="66.893376" lon="18.017689">
				<ele>331.000000</ele>
			</trkpt>
			<trkpt lat="66.892996" lon="18.018498">
				<ele>330.000000</ele>
			</trkpt>
			<trkpt lat="66.892640" lon="18.019540">
				<ele>329.000000</ele>
			</trkpt>
			<trkpt lat="66.892164" lon="18.020223">
				<ele>328.000000</ele>
			</trkpt>
			<trkpt lat="66.890591" lon="18.024445">
				<ele>324.000000</ele>
			</trkpt>
			<trkpt lat="66.890468" lon="18.025001">
				<ele>324.000000</ele>
			</trkpt>
			<trkpt lat="66.890337" lon="18.026366">
				<ele>323.000000</ele>
			</trkpt>
			<trkpt lat="66.890274" lon="18.026636">
				<ele>323.000000</ele>
			</trkpt>
			<trkpt lat="66.889614" lon="18.028343">
				<ele>321.000000</ele>
			</trkpt>
			<trkpt lat="66.889347" lon="18.028523">
				<ele>321.000000</ele>
			</trkpt>
			<trkpt lat="66.888906" lon="18.028513">
				<ele>320.000000</ele>
			</trkpt>
			<trkpt lat="66.888387" lon="18.028919">
				<ele>318.000000</ele>
			</trkpt>
			<trkpt lat="66.888218" lon="18.028928">
				<ele>318.000000</ele>
			</trkpt>
			<trkpt lat="66.887675" lon="18.028586">
				<ele>316.000000</ele>
			</trkpt>
			<trkpt lat="66.887266" lon="18.028712">
				<ele>314.000000</ele>
			</trkpt>
			<trkpt lat="66.887100" lon="18.028613">
				<ele>313.000000</ele>
			</trkpt>
			<trkpt lat="66.886946" lon="18.028550">
				<ele>313.000000</ele>
			</trkpt>
			<trkpt lat="66.886755" lon="18.028756">
				<ele>312.000000</ele>
			</trkpt>
			<trkpt lat="66.886635" lon="18.028909">
				<ele>312.000000</ele>
			</trkpt>
			<trkpt lat="66.886406" lon="18.029116">
				<ele>311.000000</ele>
			</trkpt>
			<trkpt lat="66.886131" lon="18.029232">
				<ele>310.000000</ele>
			</trkpt>
			<trkpt lat="66.886007" lon="18.029008">
				<ele>310.000000</ele>
			</trkpt>
			<trkpt lat="66.885775" lon="18.028630">
				<ele>310.000000</ele>
			</trkpt>
			<trkpt lat="66.885609" lon="18.028370">
				<ele>310.000000</ele>
			</trkpt>
			<trkpt lat="66.885422" lon="18.029735">
				<ele>310.000000</ele>
			</trkpt>
			<trkpt lat="66.884801" lon="18.034119">
				<ele>310.000000</ele>
			</trkpt>
			<trkpt lat="66.884410" lon="18.036976">
				<ele>310.000000</ele>
			</trkpt>
			<trkpt lat="66.883994" lon="18.040354">
				<ele>310.000000</ele>
			</trkpt>
			<trkpt lat="66.883817" lon="18.042824">
				<ele>310.000000</ele>
			</trkpt>
			<trkpt lat="66.883796" lon="18.045205">
				<ele>310.000000</ele>
			</trkpt>
			<trkpt lat="66.883983" lon="18.048851">
				<ele>310.000000</ele>
			</trkpt>
			<trkpt lat="66.884219" lon="18.052310">
				<ele>310.000000</ele>
			</trkpt>
			<trkpt lat="66.884491" lon="18.056227">
				<ele>310.000000</ele>
			</trkpt>
			<trkpt lat="66.884819" lon="18.061122">
				<ele>310.000000</ele>
			</trkpt>
			<trkpt lat="66.885122" lon="18.065453">
				<ele>310.000000</ele>
			</trkpt>
			<trkpt lat="66.885369" lon="18.069225">
				<ele>310.000000</ele>
			</trkpt>
			<trkpt lat="66.885468" lon="18.071472">
				<ele>310.000000</ele>
			</trkpt>
			<trkpt lat="66.885478" lon="18.073573">
				<ele>310.000000</ele>
			</trkpt>
			<trkpt lat="66.885327" lon="18.075999">
				<ele>310.000000</ele>
			</trkpt>
			<trkpt lat="66.885305" lon="18.076206">
				<ele>310.000000</ele>
			</trkpt>
			<trkpt lat="66.885129" lon="18.077940">
				<ele>310.000000</ele>
			</trkpt>
			<trkpt lat="66.885083" lon="18.078236">
				<ele>310.000000</ele>
			</trkpt>
			<trkpt lat="66.884752" lon="18.080265">
				<ele>310.000000</ele>
			</trkpt>
			<trkpt lat="66.884466" lon="18.081963">
				<ele>310.000000</ele>
			</trkpt>
			<trkpt lat="66.884184" lon="18.083644">
				<ele>310.000000</ele>
			</trkpt>
			<trkpt lat="66.884015" lon="18.084892">
				<ele>310.000000</ele>
			</trkpt>
			<trkpt lat="66.883870" lon="18.086797">
				<ele>310.000000</ele>
			</trkpt>
			<trkpt lat="66.883799" lon="18.089160">
				<ele>310.000000</ele>
			</trkpt>
			<trkpt lat="66.883715" lon="18.092384">
				<ele>310.000000</ele>
			</trkpt>
			<trkpt lat="66.883599" lon="18.094963">
				<ele>310.000000</ele>
			</trkpt>
			<trkpt lat="66.883443" lon="18.097091">
				<ele>310.000000</ele>
			</trkpt>
			<trkpt lat="66.883218" lon="18.099274">
				<ele>310.000000</ele>
			</trkpt>
			<trkpt lat="66.882989" lon="18.101897">
				<ele>310.000000</ele>
			</trkpt>
			<trkpt lat="66.882908" lon="18.104421">
				<ele>310.000000</ele>
			</trkpt>
			<trkpt lat="66.882956" lon="18.106379">
				<ele>310.000000</ele>
			</trkpt>
			<trkpt lat="66.883056" lon="18.108473">
				<ele>310.000000</ele>
			</trkpt>
			<trkpt lat="66.883158" lon="18.110306">
				<ele>310.000000</ele>
			</trkpt>
			<trkpt lat="66.883221" lon="18.111438">
				<ele>310.000000</ele>
			</trkpt>
			<trkpt lat="66.883362" lon="18.113755">
				<ele>310.000000</ele>
			</trkpt>
			<trkpt lat="66.883440" lon="18.115247">
				<ele>310.000000</ele>
			</trkpt>
			<trkpt lat="66.883504" lon="18.116459">
				<ele>310.000000</ele>
			</trkpt>
			<trkpt lat="66.883634" lon="18.118705">
				<ele>310.000000</ele>
			</trkpt>
			<trkpt lat="66.883644" lon="18.118849">
				<ele>310.000000</ele>
			</trkpt>
			<trkpt lat="66.883813" lon="18.121660">
				<ele>310.000000</ele>
			</trkpt>
			<trkpt lat="66.883983" lon="18.124482">
				<ele>310.000000</ele>
			</trkpt>
			<trkpt lat="66.884043" lon="18.125407">
				<ele>310.000000</ele>
			</trkpt>
			<trkpt lat="66.884057" lon="18.125613">
				<ele>310.000000</ele>
			</trkpt>
			<trkpt lat="66.884078" lon="18.127849">
				<ele>310.000000</ele>
			</trkpt>
			<trkpt lat="66.884043" lon="18.129153">
				<ele>310.000000</ele>
			</trkpt>
			<trkpt lat="66.884036" lon="18.129377">
				<ele>310.000000</ele>
			</trkpt>
			<trkpt lat="66.884025" lon="18.129709">
				<ele>310.000000</ele>
			</trkpt>
			<trkpt lat="66.883930" lon="18.131434">
				<ele>310.000000</ele>
			</trkpt>
			<trkpt lat="66.883733" lon="18.133302">
				<ele>310.000000</ele>
			</trkpt>
			<trkpt lat="66.883471" lon="18.134965">
				<ele>310.000000</ele>
			</trkpt>
			<trkpt lat="66.883165" lon="18.136420">
				<ele>310.000000</ele>
			</trkpt>
			<trkpt lat="66.883123" lon="18.136627">
				<ele>310.000000</ele>
			</trkpt>
			<trkpt lat="66.882456" lon="18.139581">
				<ele>310.000000</ele>
			</trkpt>
			<trkpt lat="66.882297" lon="18.140265">
				<ele>310.000000</ele>
			</trkpt>
			<trkpt lat="66.881976" lon="18.141665">
				<ele>310.000000</ele>
			</trkpt>
			<trkpt lat="66.881489" lon="18.143759">
				<ele>310.000000</ele>
			</trkpt>
			<trkpt lat="66.880164" lon="18.149562">
				<ele>310.000000</ele>
			</trkpt>
			<trkpt lat="66.879190" lon="18.153820">
				<ele>310.000000</ele>
			</trkpt>
			<trkpt lat="66.878569" lon="18.156578">
				<ele>310.000000</ele>
			</trkpt>
			<trkpt lat="66.878160" lon="18.158483">
				<ele>310.000000</ele>
			</trkpt>
			<trkpt lat="66.877937" lon="18.160243">
				<ele>310.000000</ele>
			</trkpt>
			<trkpt lat="66.877715" lon="18.162624">
				<ele>310.000000</ele>
			</trkpt>
			<trkpt lat="66.877616" lon="18.164888">
				<ele>310.000000</ele>
			</trkpt>
			<trkpt lat="66.877581" lon="18.167502">
				<ele>310.000000</ele>
			</trkpt>
			<trkpt lat="66.877412" lon="18.170547">
				<ele>310.000000</ele>
			</trkpt>
			<trkpt lat="66.877020" lon="18.173870">
				<ele>310.000000</ele>
			</trkpt>
			<trkpt lat="66.876777" lon="18.176710">
				<ele>310.000000</ele>
			</trkpt>
			<trkpt lat="66.876710" lon="18.178794">
				<ele>310.000000</ele>
			</trkpt>
			<trkpt lat="66.876734" lon="18.181264">
				<ele>310.000000</ele>
			</trkpt>
			<trkpt lat="66.876936" lon="18.183931">
				<ele>310.000000</ele>
			</trkpt>
			<trkpt lat="66.877235" lon="18.187210">
				<ele>310.000000</ele>
			</trkpt>
			<trkpt lat="66.877677" lon="18.191864">
				<ele>310.000000</ele>
			</trkpt>
			<trkpt lat="66.877931" lon="18.194908">
				<ele>310.000000</ele>
			</trkpt>
			<trkpt lat="66.878015" lon="18.197082">
				<ele>310.000000</ele>
			</trkpt>
			<trkpt lat="66.878019" lon="18.199158">
				<ele>310.000000</ele>
			</trkpt>
			<trkpt lat="66.877959" lon="18.201000">
				<ele>310.000000</ele>
			</trkpt>
			<trkpt lat="66.877817" lon="18.203254">
				<ele>310.000000</ele>
			</trkpt>
			<trkpt lat="66.877772" lon="18.203676">
				<ele>310.000000</ele>
			</trkpt>
			<trkpt lat="66.877497" lon="18.206174">
				<ele>310.000000</ele>
			</trkpt>
			<trkpt lat="66.877052" lon="18.210405">
				<ele>310.000000</ele>
			</trkpt>
			<trkpt lat="66.876650" lon="18.214133">
				<ele>310.000000</ele>
			</trkpt>
			<trkpt lat="66.876572" lon="18.214906">
				<ele>310.000000</ele>
			</trkpt>
			<trkpt lat="66.876442" lon="18.216181">
				<ele>310.000000</ele>
			</trkpt>
			<trkpt lat="66.876329" lon="18.217888">
				<ele>310.000000</ele>
			</trkpt>
			<trkpt lat="66.876318" lon="18.220070">
				<ele>310.000000</ele>
			</trkpt>
			<trkpt lat="66.876424" lon="18.222244">
				<ele>310.000000</ele>
			</trkpt>
			<trkpt lat="66.876625" lon="18.224131">
				<ele>310.000000</ele>
			</trkpt>
			<trkpt lat="66.876900" lon="18.225819">
				<ele>310.000000</ele>
			</trkpt>
			<trkpt lat="66.877249" lon="18.227401">
				<ele>310.000000</ele>
			</trkpt>
			<trkpt lat="66.877959" lon="18.230464">
				<ele>310.000000</ele>
			</trkpt>
			<trkpt lat="66.878731" lon="18.233788">
				<ele>310.000000</ele>
			</trkpt>
			<trkpt lat="66.879409" lon="18.236771">
				<ele>310.000000</ele>
			</trkpt>
			<trkpt lat="66.879835" lon="18.238559">
				<ele>310.000000</ele>
			</trkpt>
			<trkpt lat="66.880050" lon="18.239475">
				<ele>309.000000</ele>
			</trkpt>
			<trkpt lat="66.880375" lon="18.240930">
				<ele>308.000000</ele>
			</trkpt>
			<trkpt lat="66.880495" lon="18.241450">
				<ele>308.000000</ele>
			</trkpt>
			<trkpt lat="66.880907" lon="18.243203">
				<ele>307.000000</ele>
			</trkpt>
			<trkpt lat="66.881278" lon="18.244855">
				<ele>306.000000</ele>
			</trkpt>
			<trkpt lat="66.881648" lon="18.246769">
				<ele>305.000000</ele>
			</trkpt>
			<trkpt lat="66.881923" lon="18.248628">
				<ele>304.000000</ele>
			</trkpt>
			<trkpt lat="66.882209" lon="18.250784">
				<ele>303.000000</ele>
			</trkpt>
			<trkpt lat="66.882431" lon="18.253308">
				<ele>302.000000</ele>
			</trkpt>
			<trkpt lat="66.882484" lon="18.253847">
				<ele>302.000000</ele>
			</trkpt>
			<trkpt lat="66.882664" lon="18.255681">
				<ele>301.000000</ele>
			</trkpt>
			<trkpt lat="66.882893" lon="18.257243">
				<ele>300.000000</ele>
			</trkpt>
			<trkpt lat="66.883140" lon="18.258420">
				<ele>300.000000</ele>
			</trkpt>
			<trkpt lat="66.883323" lon="18.259057">
				<ele>300.000000</ele>
			</trkpt>
			<trkpt lat="66.883662" lon="18.260036">
				<ele>300.000000</ele>
			</trkpt>
			<trkpt lat="66.884537" lon="18.262283">
				<ele>300.000000</ele>
			</trkpt>
			<trkpt lat="66.887739" lon="18.270286">
				<ele>300.000000</ele>
			</trkpt>
			<trkpt lat="66.888162" lon="18.271329">
				<ele>300.000000</ele>
			</trkpt>
			<trkpt lat="66.888197" lon="18.271418">
				<ele>300.000000</ele>
			</trkpt>
			<trkpt lat="66.888564" lon="18.272326">
				<ele>300.000000</ele>
			</trkpt>
			<trkpt lat="66.889311" lon="18.274248">
				<ele>300.000000</ele>
			</trkpt>
			<trkpt lat="66.889414" lon="18.274508">
				<ele>300.000000</ele>
			</trkpt>
			<trkpt lat="66.889438" lon="18.274571">
				<ele>300.000000</ele>
			</trkpt>
			<trkpt lat="66.890003" lon="18.275955">
				<ele>300.000000</ele>
			</trkpt>
			<trkpt lat="66.890591" lon="18.277455">
				<ele>300.000000</ele>
			</trkpt>
			<trkpt lat="66.890634" lon="18.277581">
				<ele>300.000000</ele>
			</trkpt>
			<trkpt lat="66.890930" lon="18.278552">
				<ele>300.000000</ele>
			</trkpt>
			<trkpt lat="66.891092" lon="18.279162">
				<ele>300.000000</ele>
			</trkpt>
			<trkpt lat="66.891212" lon="18.279674">
				<ele>300.000000</ele>
			</trkpt>
			<trkpt lat="66.891335" lon="18.280240">
				<ele>301.000000</ele>
			</trkpt>
			<trkpt lat="66.891420" lon="18.280663">
				<ele>301.000000</ele>
			</trkpt>
			<trkpt lat="66.891497" lon="18.281120">
				<ele>301.000000</ele>
			</trkpt>
			<trkpt lat="66.891561" lon="18.281516">
				<ele>301.000000</ele>
			</trkpt>
			<trkpt lat="66.891582" lon="18.281642">
				<ele>301.000000</ele>
			</trkpt>
			<trkpt lat="66.891635" lon="18.282001">
				<ele>302.000000</ele>
			</trkpt>
			<trkpt lat="66.891747" lon="18.282953">
				<ele>302.000000</ele>
			</trkpt>
			<trkpt lat="66.891800" lon="18.283483">
				<ele>302.000000</ele>
			</trkpt>
			<trkpt lat="66.891847" lon="18.284022">
				<ele>303.000000</ele>
			</trkpt>
			<trkpt lat="66.891892" lon="18.284687">
				<ele>303.000000</ele>
			</trkpt>
			<trkpt lat="66.891928" lon="18.285441">
				<ele>303.000000</ele>
			</trkpt>
			<trkpt lat="66.891942" lon="18.285944">
				<ele>303.000000</ele>
			</trkpt>
			<trkpt lat="66.891945" lon="18.286384">
				<ele>304.000000</ele>
			</trkpt>
			<trkpt lat="66.891942" lon="18.286968">
				<ele>304.000000</ele>
			</trkpt>
			<trkpt lat="66.891910" lon="18.287894">
				<ele>304.000000</ele>
			</trkpt>
			<trkpt lat="66.891892" lon="18.288343">
				<ele>305.000000</ele>
			</trkpt>
			<trkpt lat="66.891730" lon="18.290498">
				<ele>306.000000</ele>
			</trkpt>
			<trkpt lat="66.891505" lon="18.292924">
				<ele>307.000000</ele>
			</trkpt>
			<trkpt lat="66.891272" lon="18.295708">
				<ele>308.000000</ele>
			</trkpt>
			<trkpt lat="66.891163" lon="18.297919">
				<ele>309.000000</ele>
			</trkpt>
			<trkpt lat="66.891155" lon="18.299366">
				<ele>310.000000</ele>
			</trkpt>
			<trkpt lat="66.891212" lon="18.300901">
				<ele>311.000000</ele>
			</trkpt>
			<trkpt lat="66.891275" lon="18.301754">
				<ele>312.000000</ele>
			</trkpt>
			<trkpt lat="66.891335" lon="18.302437">
				<ele>312.000000</ele>
			</trkpt>
			<trkpt lat="66.891458" lon="18.303327">
				<ele>313.000000</ele>
			</trkpt>
			<trkpt lat="66.891723" lon="18.304773">
				<ele>314.000000</ele>
			</trkpt>
			<trkpt lat="66.891875" lon="18.305501">
				<ele>315.000000</ele>
			</trkpt>
			<trkpt lat="66.891987" lon="18.305985">
				<ele>315.000000</ele>
			</trkpt>
			<trkpt lat="66.892189" lon="18.306750">
				<ele>316.000000</ele>
			</trkpt>
			<trkpt lat="66.892312" lon="18.307180">
				<ele>317.000000</ele>
			</trkpt>
			<trkpt lat="66.892435" lon="18.307566">
				<ele>317.000000</ele>
			</trkpt>
			<trkpt lat="66.892622" lon="18.308106">
				<ele>318.000000</ele>
			</trkpt>
			<trkpt lat="66.893031" lon="18.309165">
				<ele>319.000000</ele>
			</trkpt>
			<trkpt lat="66.893884" lon="18.311438">
				<ele>323.000000</ele>
			</trkpt>
			<trkpt lat="66.895541" lon="18.316011">
				<ele>330.000000</ele>
			</trkpt>
			<trkpt lat="66.896264" lon="18.318023">
				<ele>330.000000</ele>
			</trkpt>
			<trkpt lat="66.896951" lon="18.319910">
				<ele>330.000000</ele>
			</trkpt>
			<trkpt lat="66.897476" lon="18.321149">
				<ele>330.000000</ele>
			</trkpt>
			<trkpt lat="66.897758" lon="18.321948">
				<ele>330.000000</ele>
			</trkpt>
			<trkpt lat="66.898618" lon="18.324455">
				<ele>330.000000</ele>
			</trkpt>
			<trkpt lat="66.899496" lon="18.326449">
				<ele>330.000000</ele>
			</trkpt>
			<trkpt lat="66.900077" lon="18.327482">
				<ele>330.000000</ele>
			</trkpt>
			<trkpt lat="66.900335" lon="18.327941">
				<ele>330.000000</ele>
			</trkpt>
			<trkpt lat="66.901166" lon="18.329099">
				<ele>330.000000</ele>
			</trkpt>
			<trkpt lat="66.902009" lon="18.329988">
				<ele>330.000000</ele>
			</trkpt>
			<trkpt lat="66.902893" lon="18.330690">
				<ele>330.000000</ele>
			</trkpt>
			<trkpt lat="66.903795" lon="18.331093">
				<ele>330.000000</ele>
			</trkpt>
			<trkpt lat="66.904673" lon="18.331283">
				<ele>327.000000</ele>
			</trkpt>
			<trkpt lat="66.905148" lon="18.331291">
				<ele>325.000000</ele>
			</trkpt>
			<trkpt lat="66.905317" lon="18.331291">
				<ele>324.000000</ele>
			</trkpt>
			<trkpt lat="66.906213" lon="18.331111">
				<ele>320.000000</ele>
			</trkpt>
			<trkpt lat="66.906255" lon="18.331093">
				<ele>320.000000</ele>
			</trkpt>
			<trkpt lat="66.907114" lon="18.330725">
				<ele>316.000000</ele>
			</trkpt>
			<trkpt lat="66.907847" lon="18.330159">
				<ele>313.000000</ele>
			</trkpt>
			<trkpt lat="66.907985" lon="18.330025">
				<ele>312.000000</ele>
			</trkpt>
			<trkpt lat="66.909207" lon="18.328830">
				<ele>306.000000</ele>
			</trkpt>
			<trkpt lat="66.909750" lon="18.328623">
				<ele>304.000000</ele>
			</trkpt>
			<trkpt lat="66.910278" lon="18.328713">
				<ele>302.000000</ele>
			</trkpt>
			<trkpt lat="66.910754" lon="18.328992">
				<ele>300.000000</ele>
			</trkpt>
			<trkpt lat="66.911053" lon="18.329323">
				<ele>300.000000</ele>
			</trkpt>
			<trkpt lat="66.911254" lon="18.329593">
				<ele>300.000000</ele>
			</trkpt>
			<trkpt lat="66.911427" lon="18.329908">
				<ele>300.000000</ele>
			</trkpt>
			<trkpt lat="66.911575" lon="18.330187">
				<ele>300.000000</ele>
			</trkpt>
			<trkpt lat="66.911775" lon="18.330627">
				<ele>300.000000</ele>
			</trkpt>
			<trkpt lat="66.911983" lon="18.331256">
				<ele>300.000000</ele>
			</trkpt>
			<trkpt lat="66.912174" lon="18.331920">
				<ele>302.000000</ele>
			</trkpt>
			<trkpt lat="66.912315" lon="18.332539">
				<ele>303.000000</ele>
			</trkpt>
			<trkpt lat="66.912501" lon="18.334004">
				<ele>307.000000</ele>
			</trkpt>
			<trkpt lat="66.912554" lon="18.336204">
				<ele>310.000000</ele>
			</trkpt>
			<trkpt lat="66.912441" lon="18.337508">
				<ele>310.000000</ele>
			</trkpt>
			<trkpt lat="66.912142" lon="18.339726">
				<ele>310.000000</ele>
			</trkpt>
			<trkpt lat="66.911539" lon="18.344146">
				<ele>310.000000</ele>
			</trkpt>
			<trkpt lat="66.910532" lon="18.351638">
				<ele>310.000000</ele>
			</trkpt>
			<trkpt lat="66.910617" lon="18.351737">
				<ele>310.000000</ele>
			</trkpt>
			<trkpt lat="66.910655" lon="18.351925">
				<ele>310.000000</ele>
			</trkpt>
			<trkpt lat="66.910648" lon="18.352204">
				<ele>311.000000</ele>
			</trkpt>
			<trkpt lat="66.910560" lon="18.352743">
				<ele>312.000000</ele>
			</trkpt>
			<trkpt lat="66.910504" lon="18.352913">
				<ele>311.000000</ele>
			</trkpt>
			<trkpt lat="66.910377" lon="18.353076">
				<ele>310.000000</ele>
			</trkpt>
			<trkpt lat="66.910338" lon="18.353093">
				<ele>310.000000</ele>
			</trkpt>
			<trkpt lat="66.910204" lon="18.354072">
				<ele>310.000000</ele>
			</trkpt>
			<trkpt lat="66.909926" lon="18.356129">
				<ele>310.000000</ele>
			</trkpt>
			<trkpt lat="66.909620" lon="18.358655">
				<ele>310.000000</ele>
			</trkpt>
			<trkpt lat="66.909235" lon="18.363423">
				<ele>310.000000</ele>
			</trkpt>
			<trkpt lat="66.907921" lon="18.380366">
				<ele>310.000000</ele>
			</trkpt>
			<trkpt lat="66.907456" lon="18.386493">
				<ele>310.000000</ele>
			</trkpt>
			<trkpt lat="66.906966" lon="18.392656">
				<ele>310.000000</ele>
			</trkpt>
			<trkpt lat="66.906177" lon="18.402780">
				<ele>310.000000</ele>
			</trkpt>
			<trkpt lat="66.906163" lon="18.403130">
				<ele>310.000000</ele>
			</trkpt>
			<trkpt lat="66.906082" lon="18.405240">
				<ele>310.000000</ele>
			</trkpt>
			<trkpt lat="66.906050" lon="18.406049">
				<ele>310.000000</ele>
			</trkpt>
			<trkpt lat="66.906047" lon="18.408825">
				<ele>310.000000</ele>
			</trkpt>
			<trkpt lat="66.906082" lon="18.409751">
				<ele>310.000000</ele>
			</trkpt>
			<trkpt lat="66.906153" lon="18.411636">
				<ele>310.000000</ele>
			</trkpt>
			<trkpt lat="66.906247" lon="18.414009">
				<ele>310.000000</ele>
			</trkpt>
			<trkpt lat="66.906255" lon="18.416020">
				<ele>310.000000</ele>
			</trkpt>
			<trkpt lat="66.906047" lon="18.420970">
				<ele>310.000000</ele>
			</trkpt>
			<trkpt lat="66.905733" lon="18.427986">
				<ele>310.000000</ele>
			</trkpt>
			<trkpt lat="66.905430" lon="18.435182">
				<ele>310.000000</ele>
			</trkpt>
			<trkpt lat="66.905272" lon="18.439268">
				<ele>310.000000</ele>
			</trkpt>
			<trkpt lat="66.905272" lon="18.441694">
				<ele>310.000000</ele>
			</trkpt>
			<trkpt lat="66.905381" lon="18.443769">
				<ele>310.000000</ele>
			</trkpt>
			<trkpt lat="66.905789" lon="18.447327">
				<ele>310.000000</ele>
			</trkpt>
			<trkpt lat="66.906364" lon="18.451639">
				<ele>311.000000</ele>
			</trkpt>
			<trkpt lat="66.906854" lon="18.454782">
				<ele>312.000000</ele>
			</trkpt>
			<trkpt lat="66.907249" lon="18.456750">
				<ele>313.000000</ele>
			</trkpt>
			<trkpt lat="66.907890" lon="18.459184">
				<ele>314.000000</ele>
			</trkpt>
			<trkpt lat="66.908623" lon="18.461987">
				<ele>316.000000</ele>
			</trkpt>
			<trkpt lat="66.909982" lon="18.467000">
				<ele>318.000000</ele>
			</trkpt>
			<trkpt lat="66.911391" lon="18.471994">
				<ele>320.000000</ele>
			</trkpt>
			<trkpt lat="66.912346" lon="18.474851">
				<ele>319.000000</ele>
			</trkpt>
			<trkpt lat="66.912998" lon="18.476864">
				<ele>318.000000</ele>
			</trkpt>
			<trkpt lat="66.913544" lon="18.478822">
				<ele>317.000000</ele>
			</trkpt>
			<trkpt lat="66.914414" lon="18.482406">
				<ele>315.000000</ele>
			</trkpt>
			<trkpt lat="66.915052" lon="18.485451">
				<ele>313.000000</ele>
			</trkpt>
			<trkpt lat="66.915520" lon="18.488190">
				<ele>312.000000</ele>
			</trkpt>
			<trkpt lat="66.915956" lon="18.491156">
				<ele>311.000000</ele>
			</trkpt>
			<trkpt lat="66.916182" lon="18.493051">
				<ele>309.000000</ele>
			</trkpt>
			<trkpt lat="66.916316" lon="18.494146">
				<ele>307.000000</ele>
			</trkpt>
			<trkpt lat="66.916577" lon="18.496617">
				<ele>302.000000</ele>
			</trkpt>
			<trkpt lat="66.916777" lon="18.499446">
				<ele>300.000000</ele>
			</trkpt>
			<trkpt lat="66.916866" lon="18.501010">
				<ele>300.000000</ele>
			</trkpt>
			<trkpt lat="66.916971" lon="18.503328">
				<ele>300.000000</ele>
			</trkpt>
			<trkpt lat="66.917207" lon="18.507775">
				<ele>300.000000</ele>
			</trkpt>
			<trkpt lat="66.917376" lon="18.511781">
				<ele>300.000000</ele>
			</trkpt>
			<trkpt lat="66.917492" lon="18.513954">
				<ele>300.000000</ele>
			</trkpt>
			<trkpt lat="66.917784" lon="18.513532">
				<ele>302.000000</ele>
			</trkpt>
			<trkpt lat="66.918000" lon="18.513379">
				<ele>303.000000</ele>
			</trkpt>
			<trkpt lat="66.918151" lon="18.513415">
				<ele>304.000000</ele>
			</trkpt>
			<trkpt lat="66.918390" lon="18.513587">
				<ele>305.000000</ele>
			</trkpt>
			<trkpt lat="66.918841" lon="18.513667">
				<ele>307.000000</ele>
			</trkpt>
			<trkpt lat="66.919243" lon="18.513918">
				<ele>310.000000</ele>
			</trkpt>
			<trkpt lat="66.919348" lon="18.513937">
				<ele>310.000000</ele>
			</trkpt>
			<trkpt lat="66.919485" lon="18.513883">
				<ele>310.000000</ele>
			</trkpt>
			<trkpt lat="66.919620" lon="18.513874">
				<ele>310.000000</ele>
			</trkpt>
			<trkpt lat="66.919739" lon="18.513891">
				<ele>310.000000</ele>
			</trkpt>
			<trkpt lat="66.920084" lon="18.514107">
				<ele>310.000000</ele>
			</trkpt>
			<trkpt lat="66.920394" lon="18.514287">
				<ele>310.000000</ele>
			</trkpt>
			<trkpt lat="66.920591" lon="18.514296">
				<ele>310.000000</ele>
			</trkpt>
			<trkpt lat="66.920873" lon="18.514233">
				<ele>310.000000</ele>
			</trkpt>
			<trkpt lat="66.921271" lon="18.514224">
				<ele>310.000000</ele>
			</trkpt>
			<trkpt lat="66.921507" lon="18.514170">
				<ele>310.000000</ele>
			</trkpt>
			<trkpt lat="66.921616" lon="18.514017">
				<ele>310.000000</ele>
			</trkpt>
			<trkpt lat="66.921743" lon="18.513667">
				<ele>310.000000</ele>
			</trkpt>
			<trkpt lat="66.921950" lon="18.513182">
				<ele>310.000000</ele>
			</trkpt>
			<trkpt lat="66.922119" lon="18.512715">
				<ele>310.000000</ele>
			</trkpt>
			<trkpt lat="66.922405" lon="18.511601">
				<ele>310.000000</ele>
			</trkpt>
			<trkpt lat="66.922602" lon="18.510757">
				<ele>310.000000</ele>
			</trkpt>
			<trkpt lat="66.922817" lon="18.509949">
				<ele>310.000000</ele>
			</trkpt>
			<trkpt lat="66.922933" lon="18.509356">
				<ele>310.000000</ele>
			</trkpt>
			<trkpt lat="66.922993" lon="18.508852">
				<ele>310.000000</ele>
			</trkpt>
			<trkpt lat="66.923056" lon="18.507954">
				<ele>310.000000</ele>
			</trkpt>
			<trkpt lat="66.923303" lon="18.505708">
				<ele>310.000000</ele>
			</trkpt>
			<trkpt lat="66.923465" lon="18.504828">
				<ele>310.000000</ele>
			</trkpt>
			<trkpt lat="66.923658" lon="18.504442">
				<ele>310.000000</ele>
			</trkpt>
			<trkpt lat="66.923971" lon="18.504083">
				<ele>310.000000</ele>
			</trkpt>
			<trkpt lat="66.924225" lon="18.504001">
				<ele>310.000000</ele>
			</trkpt>
			<trkpt lat="66.924489" lon="18.504307">
				<ele>309.000000</ele>
			</trkpt>
			<trkpt lat="66.924806" lon="18.504729">
				<ele>309.000000</ele>
			</trkpt>
			<trkpt lat="66.925592" lon="18.505528">
				<ele>306.000000</ele>
			</trkpt>
			<trkpt lat="66.925831" lon="18.505664">
				<ele>306.000000</ele>
			</trkpt>
			<trkpt lat="66.926155" lon="18.505618">
				<ele>305.000000</ele>
			</trkpt>
			<trkpt lat="66.926764" lon="18.505394">
				<ele>304.000000</ele>
			</trkpt>
			<trkpt lat="66.927189" lon="18.505312">
				<ele>303.000000</ele>
			</trkpt>
			<trkpt lat="66.927415" lon="18.505159">
				<ele>302.000000</ele>
			</trkpt>
			<trkpt lat="66.927654" lon="18.504765">
				<ele>301.000000</ele>
			</trkpt>
			<trkpt lat="66.927845" lon="18.504585">
				<ele>301.000000</ele>
			</trkpt>
			<trkpt lat="66.927947" lon="18.504630">
				<ele>300.000000</ele>
			</trkpt>
			<trkpt lat="66.928038" lon="18.504882">
				<ele>300.000000</ele>
			</trkpt>
			<trkpt lat="66.928067" lon="18.504962">
				<ele>300.000000</ele>
			</trkpt>
			<trkpt lat="66.928154" lon="18.505214">
				<ele>300.000000</ele>
			</trkpt>
			<trkpt lat="66.928380" lon="18.505754">
				<ele>301.000000</ele>
			</trkpt>
			<trkpt lat="66.928535" lon="18.506023">
				<ele>302.000000</ele>
			</trkpt>
			<trkpt lat="66.928689" lon="18.506167">
				<ele>302.000000</ele>
			</trkpt>
			<trkpt lat="66.928805" lon="18.506112">
				<ele>302.000000</ele>
			</trkpt>
			<trkpt lat="66.928940" lon="18.505995">
				<ele>303.000000</ele>
			</trkpt>
			<trkpt lat="66.929225" lon="18.505691">
				<ele>304.000000</ele>
			</trkpt>
			<trkpt lat="66.929471" lon="18.505331">
				<ele>305.000000</ele>
			</trkpt>
			<trkpt lat="66.929791" lon="18.505222">
				<ele>306.000000</ele>
			</trkpt>
			<trkpt lat="66.929981" lon="18.504882">
				<ele>306.000000</ele>
			</trkpt>
			<trkpt lat="66.930090" lon="18.504801">
				<ele>307.000000</ele>
			</trkpt>
			<trkpt lat="66.930206" lon="18.504819">
				<ele>307.000000</ele>
			</trkpt>
			<trkpt lat="66.930298" lon="18.504926">
				<ele>307.000000</ele>
			</trkpt>
			<trkpt lat="66.930379" lon="18.505133">
				<ele>308.000000</ele>
			</trkpt>
			<trkpt lat="66.930414" lon="18.505412">
				<ele>308.000000</ele>
			</trkpt>
			<trkpt lat="66.930456" lon="18.505851">
				<ele>309.000000</ele>
			</trkpt>
			<trkpt lat="66.930548" lon="18.506454">
				<ele>309.000000</ele>
			</trkpt>
			<trkpt lat="66.930685" lon="18.506966">
				<ele>310.000000</ele>
			</trkpt>
			<trkpt lat="66.930826" lon="18.507262">
				<ele>310.000000</ele>
			</trkpt>
			<trkpt lat="66.931013" lon="18.507433">
				<ele>310.000000</ele>
			</trkpt>
			<trkpt lat="66.931326" lon="18.507603">
				<ele>310.000000</ele>
			</trkpt>
			<trkpt lat="66.931484" lon="18.507775">
				<ele>310.000000</ele>
			</trkpt>
			<trkpt lat="66.931702" lon="18.507918">
				<ele>310.000000</ele>
			</trkpt>
			<trkpt lat="66.931833" lon="18.508098">
				<ele>310.000000</ele>
			</trkpt>
			<trkpt lat="66.931918" lon="18.508412">
				<ele>310.000000</ele>
			</trkpt>
			<trkpt lat="66.931966" lon="18.508700">
				<ele>310.000000</ele>
			</trkpt>
			<trkpt lat="66.932051" lon="18.509094">
				<ele>310.000000</ele>
			</trkpt>
			<trkpt lat="66.932213" lon="18.509679">
				<ele>310.000000</ele>
			</trkpt>
			<trkpt lat="66.932396" lon="18.510173">
				<ele>310.000000</ele>
			</trkpt>
			<trkpt lat="66.932632" lon="18.510425">
				<ele>310.000000</ele>
			</trkpt>
			<trkpt lat="66.932738" lon="18.510604">
				<ele>310.000000</ele>
			</trkpt>
			<trkpt lat="66.932811" lon="18.510874">
				<ele>310.000000</ele>
			</trkpt>
			<trkpt lat="66.932846" lon="18.511188">
				<ele>310.000000</ele>
			</trkpt>
			<trkpt lat="66.932850" lon="18.511520">
				<ele>310.000000</ele>
			</trkpt>
			<trkpt lat="66.932874" lon="18.511960">
				<ele>310.000000</ele>
			</trkpt>
			<trkpt lat="66.932941" lon="18.512356">
				<ele>310.000000</ele>
			</trkpt>
			<trkpt lat="66.933033" lon="18.512544">
				<ele>310.000000</ele>
			</trkpt>
			<trkpt lat="66.933220" lon="18.512706">
				<ele>310.000000</ele>
			</trkpt>
			<trkpt lat="66.933466" lon="18.512868">
				<ele>311.000000</ele>
			</trkpt>
			<trkpt lat="66.933660" lon="18.513048">
				<ele>311.000000</ele>
			</trkpt>
			<trkpt lat="66.933892" lon="18.513649">
				<ele>311.000000</ele>
			</trkpt>
			<trkpt lat="66.933983" lon="18.513730">
				<ele>311.000000</ele>
			</trkpt>
			<trkpt lat="66.934195" lon="18.513667">
				<ele>312.000000</ele>
			</trkpt>
			<trkpt lat="66.934448" lon="18.513551">
				<ele>312.000000</ele>
			</trkpt>
			<trkpt lat="66.934621" lon="18.513532">
				<ele>312.000000</ele>
			</trkpt>
			<trkpt lat="66.934905" lon="18.513811">
				<ele>313.000000</ele>
			</trkpt>
			<trkpt lat="66.935405" lon="18.513721">
				<ele>314.000000</ele>
			</trkpt>
			<trkpt lat="66.935968" lon="18.513434">
				<ele>314.000000</ele>
			</trkpt>
			<trkpt lat="66.936123" lon="18.513344">
				<ele>315.000000</ele>
			</trkpt>
			<trkpt lat="66.936200" lon="18.513236">
				<ele>315.000000</ele>
			</trkpt>
			<trkpt lat="66.936296" lon="18.513038">
				<ele>315.000000</ele>
			</trkpt>
			<trkpt lat="66.936412" lon="18.512733">
				<ele>315.000000</ele>
			</trkpt>
			<trkpt lat="66.936482" lon="18.512607">
				<ele>315.000000</ele>
			</trkpt>
			<trkpt lat="66.936686" lon="18.512473">
				<ele>316.000000</ele>
			</trkpt>
			<trkpt lat="66.936859" lon="18.512572">
				<ele>316.000000</ele>
			</trkpt>
			<trkpt lat="66.937091" lon="18.512886">
				<ele>316.000000</ele>
			</trkpt>
			<trkpt lat="66.937474" lon="18.513587">
				<ele>317.000000</ele>
			</trkpt>
			<trkpt lat="66.937686" lon="18.514296">
				<ele>318.000000</ele>
			</trkpt>
			<trkpt lat="66.937703" lon="18.514907">
				<ele>318.000000</ele>
			</trkpt>
			<trkpt lat="66.937657" lon="18.515463">
				<ele>318.000000</ele>
			</trkpt>
			<trkpt lat="66.937678" lon="18.515985">
				<ele>318.000000</ele>
			</trkpt>
			<trkpt lat="66.937823" lon="18.516954">
				<ele>319.000000</ele>
			</trkpt>
			<trkpt lat="66.937897" lon="18.517907">
				<ele>320.000000</ele>
			</trkpt>
			<trkpt lat="66.937953" lon="18.518482">
				<ele>320.000000</ele>
			</trkpt>
			<trkpt lat="66.937932" lon="18.518788">
				<ele>320.000000</ele>
			</trkpt>
			<trkpt lat="66.937837" lon="18.519147">
				<ele>320.000000</ele>
			</trkpt>
			<trkpt lat="66.937689" lon="18.519614">
				<ele>320.000000</ele>
			</trkpt>
			<trkpt lat="66.937664" lon="18.520386">
				<ele>322.000000</ele>
			</trkpt>
			<trkpt lat="66.937763" lon="18.521186">
				<ele>325.000000</ele>
			</trkpt>
			<trkpt lat="66.938122" lon="18.522157">
				<ele>329.000000</ele>
			</trkpt>
			<trkpt lat="66.938280" lon="18.522641">
				<ele>330.000000</ele>
			</trkpt>
			<trkpt lat="66.938351" lon="18.523899">
				<ele>330.000000</ele>
			</trkpt>
			<trkpt lat="66.938467" lon="18.525273">
				<ele>330.000000</ele>
			</trkpt>
			<trkpt lat="66.938614" lon="18.526036">
				<ele>330.000000</ele>
			</trkpt>
			<trkpt lat="66.938805" lon="18.527231">
				<ele>330.000000</ele>
			</trkpt>
			<trkpt lat="66.938984" lon="18.527770">
				<ele>330.000000</ele>
			</trkpt>
			<trkpt lat="66.939178" lon="18.528103">
				<ele>330.000000</ele>
			</trkpt>
			<trkpt lat="66.939385" lon="18.528759">
				<ele>330.000000</ele>
			</trkpt>
			<trkpt lat="66.939762" lon="18.530654">
				<ele>328.000000</ele>
			</trkpt>
			<trkpt lat="66.940114" lon="18.532271">
				<ele>326.000000</ele>
			</trkpt>
			<trkpt lat="66.940360" lon="18.533726">
				<ele>324.000000</ele>
			</trkpt>
			<trkpt lat="66.940462" lon="18.534526">
				<ele>323.000000</ele>
			</trkpt>
			<trkpt lat="66.940588" lon="18.534939">
				<ele>322.000000</ele>
			</trkpt>
			<trkpt lat="66.940817" lon="18.535353">
				<ele>321.000000</ele>
			</trkpt>
			<trkpt lat="66.941077" lon="18.535793">
				<ele>320.000000</ele>
			</trkpt>
			<trkpt lat="66.941172" lon="18.536160">
				<ele>319.000000</ele>
			</trkpt>
			<trkpt lat="66.941144" lon="18.536700">
				<ele>317.000000</ele>
			</trkpt>
			<trkpt lat="66.941271" lon="18.537948">
				<ele>314.000000</ele>
			</trkpt>
			<trkpt lat="66.941443" lon="18.539107">
				<ele>311.000000</ele>
			</trkpt>
			<trkpt lat="66.941616" lon="18.539466">
				<ele>310.000000</ele>
			</trkpt>
			<trkpt lat="66.941750" lon="18.539835">
				<ele>310.000000</ele>
			</trkpt>
			<trkpt lat="66.941883" lon="18.540239">
				<ele>310.000000</ele>
			</trkpt>
			<trkpt lat="66.942094" lon="18.540357">
				<ele>310.000000</ele>
			</trkpt>
			<trkpt lat="66.942555" lon="18.540581">
				<ele>310.000000</ele>
			</trkpt>
			<trkpt lat="66.942907" lon="18.540778">
				<ele>310.000000</ele>
			</trkpt>
			<trkpt lat="66.942956" lon="18.540868">
				<ele>310.000000</ele>
			</trkpt>
			<trkpt lat="66.942984" lon="18.541003">
				<ele>310.000000</ele>
			</trkpt>
			<trkpt lat="66.942960" lon="18.541363">
				<ele>310.000000</ele>
			</trkpt>
			<trkpt lat="66.942932" lon="18.541785">
				<ele>310.000000</ele>
			</trkpt>
			<trkpt lat="66.942802" lon="18.543213">
				<ele>310.000000</ele>
			</trkpt>
			<trkpt lat="66.942724" lon="18.544227">
				<ele>310.000000</ele>
			</trkpt>
			<trkpt lat="66.942717" lon="18.544892">
				<ele>310.000000</ele>
			</trkpt>
			<trkpt lat="66.942738" lon="18.545405">
				<ele>310.000000</ele>
			</trkpt>
			<trkpt lat="66.942809" lon="18.545747">
				<ele>310.000000</ele>
			</trkpt>
			<trkpt lat="66.942995" lon="18.546133">
				<ele>310.000000</ele>
			</trkpt>
			<trkpt lat="66.943051" lon="18.546284">
				<ele>310.000000</ele>
			</trkpt>
			<trkpt lat="66.943136" lon="18.546563">
				<ele>310.000000</ele>
			</trkpt>
			<trkpt lat="66.943178" lon="18.547013">
				<ele>310.000000</ele>
			</trkpt>
			<trkpt lat="66.943161" lon="18.547552">
				<ele>310.000000</ele>
			</trkpt>
			<trkpt lat="66.943073" lon="18.548458">
				<ele>310.000000</ele>
			</trkpt>
			<trkpt lat="66.942858" lon="18.549600">
				<ele>310.000000</ele>
			</trkpt>
			<trkpt lat="66.942636" lon="18.550282">
				<ele>310.000000</ele>
			</trkpt>
			<trkpt lat="66.942397" lon="18.550947">
				<ele>310.000000</ele>
			</trkpt>
			<trkpt lat="66.942249" lon="18.551693">
				<ele>310.000000</ele>
			</trkpt>
			<trkpt lat="66.942031" lon="18.552896">
				<ele>311.000000</ele>
			</trkpt>
			<trkpt lat="66.941750" lon="18.553714">
				<ele>311.000000</ele>
			</trkpt>
			<trkpt lat="66.941510" lon="18.554379">
				<ele>311.000000</ele>
			</trkpt>
			<trkpt lat="66.941296" lon="18.555573">
				<ele>312.000000</ele>
			</trkpt>
			<trkpt lat="66.940958" lon="18.557163">
				<ele>313.000000</ele>
			</trkpt>
			<trkpt lat="66.940719" lon="18.558484">
				<ele>313.000000</ele>
			</trkpt>
			<trkpt lat="66.940694" lon="18.559500">
				<ele>313.000000</ele>
			</trkpt>
			<trkpt lat="66.940828" lon="18.560307">
				<ele>314.000000</ele>
			</trkpt>
			<trkpt lat="66.941152" lon="18.561269">
				<ele>314.000000</ele>
			</trkpt>
			<trkpt lat="66.941412" lon="18.561961">
				<ele>315.000000</ele>
			</trkpt>
			<trkpt lat="66.941531" lon="18.562957">
				<ele>315.000000</ele>
			</trkpt>
			<trkpt lat="66.941602" lon="18.563712">
				<ele>315.000000</ele>
			</trkpt>
			<trkpt lat="66.942615" lon="18.564961">
				<ele>316.000000</ele>
			</trkpt>
			<trkpt lat="66.944212" lon="18.567018">
				<ele>318.000000</ele>
			</trkpt>
			<trkpt lat="66.945560" lon="18.568653">
				<ele>319.000000</ele>
			</trkpt>
			<trkpt lat="66.946506" lon="18.569624">
				<ele>321.000000</ele>
			</trkpt>
			<trkpt lat="66.947509" lon="18.570324">
				<ele>325.000000</ele>
			</trkpt>
			<trkpt lat="66.947741" lon="18.570431">
				<ele>326.000000</ele>
			</trkpt>
			<trkpt lat="66.948293" lon="18.570639">
				<ele>328.000000</ele>
			</trkpt>
			<trkpt lat="66.948574" lon="18.570719">
				<ele>329.000000</ele>
			</trkpt>
			<trkpt lat="66.949049" lon="18.570790">
				<ele>331.000000</ele>
			</trkpt>
			<trkpt lat="66.949489" lon="18.570782">
				<ele>334.000000</ele>
			</trkpt>
			<trkpt lat="66.949861" lon="18.570756">
				<ele>335.000000</ele>
			</trkpt>
			<trkpt lat="66.950425" lon="18.570620">
				<ele>338.000000</ele>
			</trkpt>
			<trkpt lat="66.950850" lon="18.570450">
				<ele>340.000000</ele>
			</trkpt>
			<trkpt lat="66.951571" lon="18.570081">
				<ele>345.000000</ele>
			</trkpt>
			<trkpt lat="66.952591" lon="18.569534">
				<ele>353.000000</ele>
			</trkpt>
			<trkpt lat="66.953421" lon="18.569093">
				<ele>356.000000</ele>
			</trkpt>
			<trkpt lat="66.954286" lon="18.568608">
				<ele>358.000000</ele>
			</trkpt>
			<trkpt lat="66.955608" lon="18.567970">
				<ele>361.000000</ele>
			</trkpt>
			<trkpt lat="66.956199" lon="18.567629">
				<ele>362.000000</ele>
			</trkpt>
			<trkpt lat="66.956371" lon="18.567540">
				<ele>362.000000</ele>
			</trkpt>
			<trkpt lat="66.957025" lon="18.567180">
				<ele>366.000000</ele>
			</trkpt>
			<trkpt lat="66.957718" lon="18.566829">
				<ele>370.000000</ele>
			</trkpt>
			<trkpt lat="66.958927" lon="18.566156">
				<ele>376.000000</ele>
			</trkpt>
			<trkpt lat="66.959465" lon="18.565895">
				<ele>379.000000</ele>
			</trkpt>
			<trkpt lat="66.960517" lon="18.565311">
				<ele>387.000000</ele>
			</trkpt>
			<trkpt lat="66.961030" lon="18.564997">
				<ele>391.000000</ele>
			</trkpt>
			<trkpt lat="66.961431" lon="18.564800">
				<ele>393.000000</ele>
			</trkpt>
			<trkpt lat="66.961860" lon="18.564584">
				<ele>396.000000</ele>
			</trkpt>
			<trkpt lat="66.962253" lon="18.564413">
				<ele>398.000000</ele>
			</trkpt>
			<trkpt lat="66.962559" lon="18.564350">
				<ele>401.000000</ele>
			</trkpt>
			<trkpt lat="66.962977" lon="18.564278">
				<ele>405.000000</ele>
			</trkpt>
			<trkpt lat="66.963617" lon="18.564207">
				<ele>411.000000</ele>
			</trkpt>
			<trkpt lat="66.964102" lon="18.564188">
				<ele>416.000000</ele>
			</trkpt>
			<trkpt lat="66.964577" lon="18.564144">
				<ele>420.000000</ele>
			</trkpt>
			<trkpt lat="66.965052" lon="18.564117">
				<ele>425.000000</ele>
			</trkpt>
			<trkpt lat="66.966475" lon="18.564045">
				<ele>440.000000</ele>
			</trkpt>
			<trkpt lat="66.967501" lon="18.563919">
				<ele>443.000000</ele>
			</trkpt>
			<trkpt lat="66.968131" lon="18.563892">
				<ele>444.000000</ele>
			</trkpt>
			<trkpt lat="66.968686" lon="18.563838">
				<ele>446.000000</ele>
			</trkpt>
			<trkpt lat="66.968998" lon="18.564314">
				<ele>446.000000</ele>
			</trkpt>
			<trkpt lat="66.969793" lon="18.565563">
				<ele>445.000000</ele>
			</trkpt>
			<trkpt lat="66.970229" lon="18.566272">
				<ele>444.000000</ele>
			</trkpt>
			<trkpt lat="66.970633" lon="18.566901">
				<ele>444.000000</ele>
			</trkpt>
			<trkpt lat="66.971001" lon="18.567503">
				<ele>444.000000</ele>
			</trkpt>
			<trkpt lat="66.971381" lon="18.568079">
				<ele>443.000000</ele>
			</trkpt>
			<trkpt lat="66.971694" lon="18.568500">
				<ele>443.000000</ele>
			</trkpt>
			<trkpt lat="66.971996" lon="18.568832">
				<ele>443.000000</ele>
			</trkpt>
			<trkpt lat="66.972218" lon="18.569003">
				<ele>443.000000</ele>
			</trkpt>
			<trkpt lat="66.972607" lon="18.569282">
				<ele>442.000000</ele>
			</trkpt>
			<trkpt lat="66.972896" lon="18.569417">
				<ele>442.000000</ele>
			</trkpt>
			<trkpt lat="66.973462" lon="18.570863">
				<ele>441.000000</ele>
			</trkpt>
			<trkpt lat="66.973763" lon="18.571653">
				<ele>441.000000</ele>
			</trkpt>
			<trkpt lat="66.973936" lon="18.571922">
				<ele>441.000000</ele>
			</trkpt>
			<trkpt lat="66.974115" lon="18.572085">
				<ele>441.000000</ele>
			</trkpt>
			<trkpt lat="66.974343" lon="18.572138">
				<ele>441.000000</ele>
			</trkpt>
			<trkpt lat="66.974526" lon="18.572085">
				<ele>440.000000</ele>
			</trkpt>
			<trkpt lat="66.974730" lon="18.571950">
				<ele>440.000000</ele>
			</trkpt>
			<trkpt lat="66.975485" lon="18.571186">
				<ele>436.000000</ele>
			</trkpt>
			<trkpt lat="66.975672" lon="18.570989">
				<ele>434.000000</ele>
			</trkpt>
			<trkpt lat="66.975770" lon="18.570880">
				<ele>433.000000</ele>
			</trkpt>
			<trkpt lat="66.975756" lon="18.571205">
				<ele>432.000000</ele>
			</trkpt>
			<trkpt lat="66.975095" lon="18.573180">
				<ele>418.000000</ele>
			</trkpt>
			<trkpt lat="66.974765" lon="18.573935">
				<ele>414.000000</ele>
			</trkpt>
			<trkpt lat="66.974400" lon="18.574654">
				<ele>409.000000</ele>
			</trkpt>
			<trkpt lat="66.974386" lon="18.574771">
				<ele>407.000000</ele>
			</trkpt>
			<trkpt lat="66.974453" lon="18.574834">
				<ele>406.000000</ele>
			</trkpt>
			<trkpt lat="66.974751" lon="18.574735">
				<ele>400.000000</ele>
			</trkpt>
			<trkpt lat="66.974909" lon="18.574869">
				<ele>400.000000</ele>
			</trkpt>
			<trkpt lat="66.975109" lon="18.575400">
				<ele>400.000000</ele>
			</trkpt>
			<trkpt lat="66.975194" lon="18.576001">
				<ele>400.000000</ele>
			</trkpt>
			<trkpt lat="66.975412" lon="18.575840">
				<ele>400.000000</ele>
			</trkpt>
			<trkpt lat="66.975791" lon="18.575696">
				<ele>407.000000</ele>
			</trkpt>
			<trkpt lat="66.975953" lon="18.575633">
				<ele>410.000000</ele>
			</trkpt>
			<trkpt lat="66.976132" lon="18.575696">
				<ele>417.000000</ele>
			</trkpt>
			<trkpt lat="66.976244" lon="18.575813">
				<ele>421.000000</ele>
			</trkpt>
			<trkpt lat="66.976321" lon="18.575983">
				<ele>424.000000</ele>
			</trkpt>
			<trkpt lat="66.976389" lon="18.576235">
				<ele>427.000000</ele>
			</trkpt>
			<trkpt lat="66.976497" lon="18.576685">
				<ele>431.000000</ele>
			</trkpt>
			<trkpt lat="66.976704" lon="18.577851">
				<ele>439.000000</ele>
			</trkpt>
			<trkpt lat="66.976820" lon="18.578553">
				<ele>444.000000</ele>
			</trkpt>
			<trkpt lat="66.976930" lon="18.578993">
				<ele>447.000000</ele>
			</trkpt>
			<trkpt lat="66.977024" lon="18.579396">
				<ele>450.000000</ele>
			</trkpt>
			<trkpt lat="66.977070" lon="18.579909">
				<ele>454.000000</ele>
			</trkpt>
			<trkpt lat="66.977154" lon="18.580178">
				<ele>457.000000</ele>
			</trkpt>
			<trkpt lat="66.977291" lon="18.580690">
				<ele>462.000000</ele>
			</trkpt>
			<trkpt lat="66.977498" lon="18.581130">
				<ele>469.000000</ele>
			</trkpt>
			<trkpt lat="66.977650" lon="18.581409">
				<ele>470.000000</ele>
			</trkpt>
			<trkpt lat="66.977724" lon="18.581454">
				<ele>470.000000</ele>
			</trkpt>
			<trkpt lat="66.977818" lon="18.581419">
				<ele>470.000000</ele>
			</trkpt>
			<trkpt lat="66.977909" lon="18.581517">
				<ele>470.000000</ele>
			</trkpt>
			<trkpt lat="66.978015" lon="18.581606">
				<ele>470.000000</ele>
			</trkpt>
			<trkpt lat="66.978050" lon="18.582011">
				<ele>472.000000</ele>
			</trkpt>
			<trkpt lat="66.978078" lon="18.582308">
				<ele>472.000000</ele>
			</trkpt>
			<trkpt lat="66.978025" lon="18.582685">
				<ele>478.000000</ele>
			</trkpt>
			<trkpt lat="66.977997" lon="18.582738">
				<ele>478.000000</ele>
			</trkpt>
			<trkpt lat="66.977962" lon="18.582792">
				<ele>478.000000</ele>
			</trkpt>
			<trkpt lat="66.977906" lon="18.582874">
				<ele>478.000000</ele>
			</trkpt>
			<trkpt lat="66.977822" lon="18.582901">
				<ele>478.000000</ele>
			</trkpt>
			<trkpt lat="66.977695" lon="18.582945">
				<ele>477.000000</ele>
			</trkpt>
			<trkpt lat="66.977639" lon="18.582937">
				<ele>477.000000</ele>
			</trkpt>
			<trkpt lat="66.977446" lon="18.582918">
				<ele>476.000000</ele>
			</trkpt>
			<trkpt lat="66.977614" lon="18.583268">
				<ele>482.000000</ele>
			</trkpt>
			<trkpt lat="66.977881" lon="18.583646">
				<ele>487.000000</ele>
			</trkpt>
			<trkpt lat="66.978068" lon="18.583897">
				<ele>489.000000</ele>
			</trkpt>
			<trkpt lat="66.978212" lon="18.584069">
				<ele>490.000000</ele>
			</trkpt>
			<trkpt lat="66.978310" lon="18.584203">
				<ele>490.000000</ele>
			</trkpt>
			<trkpt lat="66.978433" lon="18.584283">
				<ele>490.000000</ele>
			</trkpt>
			<trkpt lat="66.978612" lon="18.584310">
				<ele>490.000000</ele>
			</trkpt>
			<trkpt lat="66.978763" lon="18.584239">
				<ele>490.000000</ele>
			</trkpt>
			<trkpt lat="66.978900" lon="18.584130">
				<ele>490.000000</ele>
			</trkpt>
			<trkpt lat="66.979086" lon="18.583987">
				<ele>490.000000</ele>
			</trkpt>
			<trkpt lat="66.979185" lon="18.583880">
				<ele>490.000000</ele>
			</trkpt>
			<trkpt lat="66.979368" lon="18.583619">
				<ele>490.000000</ele>
			</trkpt>
			<trkpt lat="66.979592" lon="18.583251">
				<ele>490.000000</ele>
			</trkpt>
			<trkpt lat="66.979796" lon="18.582891">
				<ele>490.000000</ele>
			</trkpt>
			<trkpt lat="66.980084" lon="18.582415">
				<ele>490.000000</ele>
			</trkpt>
			<trkpt lat="66.980302" lon="18.582101">
				<ele>490.000000</ele>
			</trkpt>
			<trkpt lat="66.980407" lon="18.581985">
				<ele>490.000000</ele>
			</trkpt>
			<trkpt lat="66.980484" lon="18.581876">
				<ele>490.000000</ele>
			</trkpt>
			<trkpt lat="66.980579" lon="18.581796">
				<ele>490.000000</ele>
			</trkpt>
			<trkpt lat="66.980692" lon="18.581750">
				<ele>490.000000</ele>
			</trkpt>
			<trkpt lat="66.980783" lon="18.581688">
				<ele>490.000000</ele>
			</trkpt>
			<trkpt lat="66.980980" lon="18.581633">
				<ele>490.000000</ele>
			</trkpt>
			<trkpt lat="66.981113" lon="18.581562">
				<ele>490.000000</ele>
			</trkpt>
			<trkpt lat="66.981419" lon="18.581472">
				<ele>490.000000</ele>
			</trkpt>
			<trkpt lat="66.981714" lon="18.581337">
				<ele>490.000000</ele>
			</trkpt>
			<trkpt lat="66.982020" lon="18.581256">
				<ele>490.000000</ele>
			</trkpt>
			<trkpt lat="66.982293" lon="18.581247">
				<ele>490.000000</ele>
			</trkpt>
			<trkpt lat="66.982588" lon="18.581274">
				<ele>490.000000</ele>
			</trkpt>
			<trkpt lat="66.982884" lon="18.581364">
				<ele>490.000000</ele>
			</trkpt>
			<trkpt lat="66.983172" lon="18.581490">
				<ele>490.000000</ele>
			</trkpt>
			<trkpt lat="66.983453" lon="18.581688">
				<ele>490.000000</ele>
			</trkpt>
			<trkpt lat="66.983649" lon="18.581867">
				<ele>490.000000</ele>
			</trkpt>
			<trkpt lat="66.983867" lon="18.582119">
				<ele>490.000000</ele>
			</trkpt>
			<trkpt lat="66.984092" lon="18.582442">
				<ele>490.000000</ele>
			</trkpt>
			<trkpt lat="66.984338" lon="18.582838">
				<ele>490.000000</ele>
			</trkpt>
			<trkpt lat="66.984514" lon="18.583161">
				<ele>490.000000</ele>
			</trkpt>
			<trkpt lat="66.984707" lon="18.583574">
				<ele>490.000000</ele>
			</trkpt>
			<trkpt lat="66.984897" lon="18.583996">
				<ele>490.000000</ele>
			</trkpt>
			<trkpt lat="66.985037" lon="18.584338">
				<ele>490.000000</ele>
			</trkpt>
			<trkpt lat="66.985173" lon="18.584876">
				<ele>490.000000</ele>
			</trkpt>
			<trkpt lat="66.985314" lon="18.585380">
				<ele>490.000000</ele>
			</trkpt>
			<trkpt lat="66.985399" lon="18.585712">
				<ele>490.000000</ele>
			</trkpt>
			<trkpt lat="66.985507" lon="18.586224">
				<ele>490.000000</ele>
			</trkpt>
			<trkpt lat="66.985648" lon="18.586933">
				<ele>490.000000</ele>
			</trkpt>
			<trkpt lat="66.986066" lon="18.589413">
				<ele>490.000000</ele>
			</trkpt>
			<trkpt lat="66.986287" lon="18.590797">
				<ele>490.000000</ele>
			</trkpt>
			<trkpt lat="66.986421" lon="18.591578">
				<ele>490.000000</ele>
			</trkpt>
			<trkpt lat="66.986625" lon="18.592503">
				<ele>490.000000</ele>
			</trkpt>
			<trkpt lat="66.986926" lon="18.593627">
				<ele>490.000000</ele>
			</trkpt>
			<trkpt lat="66.987179" lon="18.594417">
				<ele>490.000000</ele>
			</trkpt>
			<trkpt lat="66.987495" lon="18.595432">
				<ele>490.000000</ele>
			</trkpt>
			<trkpt lat="66.987857" lon="18.596528">
				<ele>490.000000</ele>
			</trkpt>
			<trkpt lat="66.988387" lon="18.598216">
				<ele>490.000000</ele>
			</trkpt>
			<trkpt lat="66.988707" lon="18.599187">
				<ele>490.000000</ele>
			</trkpt>
			<trkpt lat="66.988907" lon="18.599816">
				<ele>490.000000</ele>
			</trkpt>
			<trkpt lat="66.989019" lon="18.600256">
				<ele>490.000000</ele>
			</trkpt>
			<trkpt lat="66.989160" lon="18.600975">
				<ele>490.000000</ele>
			</trkpt>
			<trkpt lat="66.989262" lon="18.601585">
				<ele>490.000000</ele>
			</trkpt>
			<trkpt lat="66.989328" lon="18.602053">
				<ele>490.000000</ele>
			</trkpt>
			<trkpt lat="66.989405" lon="18.602646">
				<ele>490.000000</ele>
			</trkpt>
			<trkpt lat="66.989472" lon="18.603193">
				<ele>490.000000</ele>
			</trkpt>
			<trkpt lat="66.989507" lon="18.603552">
				<ele>490.000000</ele>
			</trkpt>
			<trkpt lat="66.989529" lon="18.604137">
				<ele>490.000000</ele>
			</trkpt>
			<trkpt lat="66.989535" lon="18.605726">
				<ele>490.000000</ele>
			</trkpt>
			<trkpt lat="66.989521" lon="18.606615">
				<ele>490.000000</ele>
			</trkpt>
			<trkpt lat="66.989504" lon="18.607290">
				<ele>490.000000</ele>
			</trkpt>
			<trkpt lat="66.989521" lon="18.608368">
				<ele>490.000000</ele>
			</trkpt>
			<trkpt lat="66.989570" lon="18.609095">
				<ele>490.000000</ele>
			</trkpt>
			<trkpt lat="66.989620" lon="18.609652">
				<ele>490.000000</ele>
			</trkpt>
			<trkpt lat="66.989662" lon="18.610011">
				<ele>490.000000</ele>
			</trkpt>
			<trkpt lat="66.989767" lon="18.610712">
				<ele>490.000000</ele>
			</trkpt>
			<trkpt lat="66.989897" lon="18.611502">
				<ele>490.000000</ele>
			</trkpt>
			<trkpt lat="66.990217" lon="18.612688">
				<ele>490.000000</ele>
			</trkpt>
			<trkpt lat="66.990357" lon="18.613164">
				<ele>490.000000</ele>
			</trkpt>
			<trkpt lat="66.990561" lon="18.613695">
				<ele>491.000000</ele>
			</trkpt>
			<trkpt lat="66.990719" lon="18.614089">
				<ele>491.000000</ele>
			</trkpt>
			<trkpt lat="66.990887" lon="18.614413">
				<ele>492.000000</ele>
			</trkpt>
			<trkpt lat="66.991084" lon="18.614772">
				<ele>492.000000</ele>
			</trkpt>
			<trkpt lat="66.991256" lon="18.615060">
				<ele>492.000000</ele>
			</trkpt>
			<trkpt lat="66.991467" lon="18.615374">
				<ele>493.000000</ele>
			</trkpt>
			<trkpt lat="66.991617" lon="18.615573">
				<ele>493.000000</ele>
			</trkpt>
			<trkpt lat="66.991839" lon="18.615787">
				<ele>494.000000</ele>
			</trkpt>
			<trkpt lat="66.992071" lon="18.615976">
				<ele>494.000000</ele>
			</trkpt>
			<trkpt lat="66.992348" lon="18.616139">
				<ele>495.000000</ele>
			</trkpt>
			<trkpt lat="66.992569" lon="18.616236">
				<ele>495.000000</ele>
			</trkpt>
			<trkpt lat="66.992790" lon="18.616282">
				<ele>496.000000</ele>
			</trkpt>
			<trkpt lat="66.993060" lon="18.616326">
				<ele>496.000000</ele>
			</trkpt>
			<trkpt lat="66.993352" lon="18.616345">
				<ele>497.000000</ele>
			</trkpt>
			<trkpt lat="66.993549" lon="18.616290">
				<ele>497.000000</ele>
			</trkpt>
			<trkpt lat="66.993700" lon="18.616210">
				<ele>497.000000</ele>
			</trkpt>
			<trkpt lat="66.994114" lon="18.615932">
				<ele>498.000000</ele>
			</trkpt>
			<trkpt lat="66.994852" lon="18.615366">
				<ele>500.000000</ele>
			</trkpt>
			<trkpt lat="66.995578" lon="18.614844">
				<ele>500.000000</ele>
			</trkpt>
			<trkpt lat="66.996494" lon="18.614126">
				<ele>500.000000</ele>
			</trkpt>
			<trkpt lat="66.997066" lon="18.613703">
				<ele>500.000000</ele>
			</trkpt>
			<trkpt lat="66.997716" lon="18.613200">
				<ele>499.000000</ele>
			</trkpt>
			<trkpt lat="66.997919" lon="18.613066">
				<ele>499.000000</ele>
			</trkpt>
			<trkpt lat="66.998509" lon="18.612581">
				<ele>499.000000</ele>
			</trkpt>
			<trkpt lat="66.998829" lon="18.612365">
				<ele>499.000000</ele>
			</trkpt>
			<trkpt lat="66.999285" lon="18.612041">
				<ele>499.000000</ele>
			</trkpt>
			<trkpt lat="66.999710" lon="18.611709">
				<ele>499.000000</ele>
			</trkpt>
			<trkpt lat="66.999910" lon="18.611575">
				<ele>498.000000</ele>
			</trkpt>
			<trkpt lat="67.000380" lon="18.611296">
				<ele>498.000000</ele>
			</trkpt>
			<trkpt lat="67.000626" lon="18.611179">
				<ele>498.000000</ele>
			</trkpt>
			<trkpt lat="67.000931" lon="18.611009">
				<ele>498.000000</ele>
			</trkpt>
			<trkpt lat="67.001142" lon="18.610919">
				<ele>498.000000</ele>
			</trkpt>
			<trkpt lat="67.001475" lon="18.610775">
				<ele>498.000000</ele>
			</trkpt>
			<trkpt lat="67.001633" lon="18.610712">
				<ele>498.000000</ele>
			</trkpt>
			<trkpt lat="67.001770" lon="18.610667">
				<ele>498.000000</ele>
			</trkpt>
			<trkpt lat="67.002079" lon="18.610577">
				<ele>498.000000</ele>
			</trkpt>
			<trkpt lat="67.003233" lon="18.610290">
				<ele>497.000000</ele>
			</trkpt>
			<trkpt lat="67.004079" lon="18.610128">
				<ele>497.000000</ele>
			</trkpt>
			<trkpt lat="67.004406" lon="18.610074">
				<ele>497.000000</ele>
			</trkpt>
			<trkpt lat="67.004511" lon="18.610038">
				<ele>497.000000</ele>
			</trkpt>
			<trkpt lat="67.004627" lon="18.610003">
				<ele>496.000000</ele>
			</trkpt>
			<trkpt lat="67.004935" lon="18.609931">
				<ele>496.000000</ele>
			</trkpt>
			<trkpt lat="67.005223" lon="18.609877">
				<ele>496.000000</ele>
			</trkpt>
			<trkpt lat="67.005521" lon="18.609831">
				<ele>496.000000</ele>
			</trkpt>
			<trkpt lat="67.005918" lon="18.609814">
				<ele>496.000000</ele>
			</trkpt>
			<trkpt lat="67.006213" lon="18.609805">
				<ele>496.000000</ele>
			</trkpt>
			<trkpt lat="67.006546" lon="18.609805">
				<ele>496.000000</ele>
			</trkpt>
			<trkpt lat="67.006890" lon="18.609823">
				<ele>496.000000</ele>
			</trkpt>
			<trkpt lat="67.007333" lon="18.609868">
				<ele>495.000000</ele>
			</trkpt>
			<trkpt lat="67.007561" lon="18.609894">
				<ele>495.000000</ele>
			</trkpt>
			<trkpt lat="67.007869" lon="18.609967">
				<ele>495.000000</ele>
			</trkpt>
			<trkpt lat="67.008318" lon="18.610057">
				<ele>495.000000</ele>
			</trkpt>
			<trkpt lat="67.008873" lon="18.610210">
				<ele>495.000000</ele>
			</trkpt>
			<trkpt lat="67.009417" lon="18.610433">
				<ele>494.000000</ele>
			</trkpt>
			<trkpt lat="67.009830" lon="18.610640">
				<ele>494.000000</ele>
			</trkpt>
			<trkpt lat="67.010192" lon="18.610839">
				<ele>494.000000</ele>
			</trkpt>
			<trkpt lat="67.010652" lon="18.611080">
				<ele>494.000000</ele>
			</trkpt>
			<trkpt lat="67.011139" lon="18.611349">
				<ele>494.000000</ele>
			</trkpt>
			<trkpt lat="67.011992" lon="18.611791">
				<ele>493.000000</ele>
			</trkpt>
			<trkpt lat="67.012423" lon="18.612032">
				<ele>493.000000</ele>
			</trkpt>
			<trkpt lat="67.012771" lon="18.612212">
				<ele>493.000000</ele>
			</trkpt>
			<trkpt lat="67.013009" lon="18.612357">
				<ele>493.000000</ele>
			</trkpt>
			<trkpt lat="67.013423" lon="18.612571">
				<ele>493.000000</ele>
			</trkpt>
			<trkpt lat="67.013882" lon="18.612797">
				<ele>493.000000</ele>
			</trkpt>
			<trkpt lat="67.014935" lon="18.613380">
				<ele>492.000000</ele>
			</trkpt>
			<trkpt lat="67.015226" lon="18.613533">
				<ele>492.000000</ele>
			</trkpt>
			<trkpt lat="67.015724" lon="18.613812">
				<ele>492.000000</ele>
			</trkpt>
			<trkpt lat="67.017674" lon="18.614862">
				<ele>491.000000</ele>
			</trkpt>
			<trkpt lat="67.018025" lon="18.615068">
				<ele>491.000000</ele>
			</trkpt>
			<trkpt lat="67.018597" lon="18.615366">
				<ele>491.000000</ele>
			</trkpt>
			<trkpt lat="67.018835" lon="18.615500">
				<ele>490.000000</ele>
			</trkpt>
			<trkpt lat="67.019579" lon="18.615886">
				<ele>490.000000</ele>
			</trkpt>
			<trkpt lat="67.019940" lon="18.616102">
				<ele>490.000000</ele>
			</trkpt>
			<trkpt lat="67.020340" lon="18.616309">
				<ele>490.000000</ele>
			</trkpt>
			<trkpt lat="67.020656" lon="18.616470">
				<ele>490.000000</ele>
			</trkpt>
			<trkpt lat="67.020943" lon="18.616641">
				<ele>490.000000</ele>
			</trkpt>
			<trkpt lat="67.021522" lon="18.616946">
				<ele>490.000000</ele>
			</trkpt>
			<trkpt lat="67.021802" lon="18.617126">
				<ele>490.000000</ele>
			</trkpt>
			<trkpt lat="67.022006" lon="18.617225">
				<ele>490.000000</ele>
			</trkpt>
			<trkpt lat="67.022062" lon="18.617242">
				<ele>490.000000</ele>
			</trkpt>
			<trkpt lat="67.022360" lon="18.617422">
				<ele>490.000000</ele>
			</trkpt>
			<trkpt lat="67.023145" lon="18.617836">
				<ele>490.000000</ele>
			</trkpt>
			<trkpt lat="67.024303" lon="18.618483">
				<ele>490.000000</ele>
			</trkpt>
			<trkpt lat="67.024558" lon="18.618609">
				<ele>490.000000</ele>
			</trkpt>
			<trkpt lat="67.024860" lon="18.618779">
				<ele>490.000000</ele>
			</trkpt>
			<trkpt lat="67.025470" lon="18.619102">
				<ele>490.000000</ele>
			</trkpt>
			<trkpt lat="67.025659" lon="18.619219">
				<ele>490.000000</ele>
			</trkpt>
			<trkpt lat="67.026112" lon="18.619471">
				<ele>490.000000</ele>
			</trkpt>
			<trkpt lat="67.026581" lon="18.619714">
				<ele>490.000000</ele>
			</trkpt>
			<trkpt lat="67.027725" lon="18.620351">
				<ele>490.000000</ele>
			</trkpt>
			<trkpt lat="67.028022" lon="18.620494">
				<ele>491.000000</ele>
			</trkpt>
			<trkpt lat="67.028401" lon="18.620666">
				<ele>491.000000</ele>
			</trkpt>
			<trkpt lat="67.028713" lon="18.620756">
				<ele>491.000000</ele>
			</trkpt>
			<trkpt lat="67.029495" lon="18.620934">
				<ele>491.000000</ele>
			</trkpt>
			<trkpt lat="67.029825" lon="18.620944">
				<ele>491.000000</ele>
			</trkpt>
			<trkpt lat="67.030154" lon="18.620934">
				<ele>491.000000</ele>
			</trkpt>
			<trkpt lat="67.030610" lon="18.620800">
				<ele>491.000000</ele>
			</trkpt>
			<trkpt lat="67.031147" lon="18.620638">
				<ele>491.000000</ele>
			</trkpt>
			<trkpt lat="67.032124" lon="18.620135">
				<ele>492.000000</ele>
			</trkpt>
			<trkpt lat="67.032289" lon="18.620001">
				<ele>492.000000</ele>
			</trkpt>
			<trkpt lat="67.033106" lon="18.619282">
				<ele>492.000000</ele>
			</trkpt>
			<trkpt lat="67.033646" lon="18.618672">
				<ele>492.000000</ele>
			</trkpt>
			<trkpt lat="67.034248" lon="18.617854">
				<ele>492.000000</ele>
			</trkpt>
			<trkpt lat="67.034428" lon="18.617594">
				<ele>492.000000</ele>
			</trkpt>
			<trkpt lat="67.034757" lon="18.617055">
				<ele>493.000000</ele>
			</trkpt>
			<trkpt lat="67.035079" lon="18.616470">
				<ele>493.000000</ele>
			</trkpt>
			<trkpt lat="67.035913" lon="18.615033">
				<ele>493.000000</ele>
			</trkpt>
			<trkpt lat="67.036197" lon="18.614512">
				<ele>493.000000</ele>
			</trkpt>
			<trkpt lat="67.036642" lon="18.613749">
				<ele>493.000000</ele>
			</trkpt>
			<trkpt lat="67.039292" lon="18.608952">
				<ele>494.000000</ele>
			</trkpt>
			<trkpt lat="67.040515" lon="18.606841">
				<ele>495.000000</ele>
			</trkpt>
			<trkpt lat="67.041268" lon="18.605466">
				<ele>495.000000</ele>
			</trkpt>
			<trkpt lat="67.041804" lon="18.604523">
				<ele>495.000000</ele>
			</trkpt>
			<trkpt lat="67.042389" lon="18.603426">
				<ele>495.000000</ele>
			</trkpt>
			<trkpt lat="67.042876" lon="18.602466">
				<ele>496.000000</ele>
			</trkpt>
			<trkpt lat="67.043269" lon="18.601667">
				<ele>496.000000</ele>
			</trkpt>
			<trkpt lat="67.043440" lon="18.601252">
				<ele>496.000000</ele>
			</trkpt>
			<trkpt lat="67.043837" lon="18.600067">
				<ele>496.000000</ele>
			</trkpt>
			<trkpt lat="67.044450" lon="18.598351">
				<ele>496.000000</ele>
			</trkpt>
			<trkpt lat="67.045767" lon="18.594749">
				<ele>497.000000</ele>
			</trkpt>
			<trkpt lat="67.045795" lon="18.594606">
				<ele>497.000000</ele>
			</trkpt>
			<trkpt lat="67.046345" lon="18.593123">
				<ele>497.000000</ele>
			</trkpt>
			<trkpt lat="67.047053" lon="18.591254">
				<ele>497.000000</ele>
			</trkpt>
			<trkpt lat="67.047354" lon="18.590491">
				<ele>497.000000</ele>
			</trkpt>
			<trkpt lat="67.047848" lon="18.589583">
				<ele>498.000000</ele>
			</trkpt>
			<trkpt lat="67.048195" lon="18.589117">
				<ele>498.000000</ele>
			</trkpt>
			<trkpt lat="67.048629" lon="18.588658">
				<ele>498.000000</ele>
			</trkpt>
			<trkpt lat="67.049004" lon="18.588354">
				<ele>498.000000</ele>
			</trkpt>
			<trkpt lat="67.049400" lon="18.588111">
				<ele>498.000000</ele>
			</trkpt>
			<trkpt lat="67.050107" lon="18.587940">
				<ele>498.000000</ele>
			</trkpt>
			<trkpt lat="67.050524" lon="18.587931">
				<ele>498.000000</ele>
			</trkpt>
			<trkpt lat="67.051841" lon="18.588182">
				<ele>499.000000</ele>
			</trkpt>
			<trkpt lat="67.053557" lon="18.588533">
				<ele>499.000000</ele>
			</trkpt>
			<trkpt lat="67.055077" lon="18.588784">
				<ele>500.000000</ele>
			</trkpt>
			<trkpt lat="67.056173" lon="18.588991">
				<ele>499.000000</ele>
			</trkpt>
			<trkpt lat="67.056831" lon="18.589099">
				<ele>496.000000</ele>
			</trkpt>
			<trkpt lat="67.057521" lon="18.589216">
				<ele>493.000000</ele>
			</trkpt>
			<trkpt lat="67.058078" lon="18.589341">
				<ele>491.000000</ele>
			</trkpt>
			<trkpt lat="67.058421" lon="18.589422">
				<ele>490.000000</ele>
			</trkpt>
			<trkpt lat="67.058474" lon="18.589440">
				<ele>490.000000</ele>
			</trkpt>
			<trkpt lat="67.058708" lon="18.589493">
				<ele>490.000000</ele>
			</trkpt>
			<trkpt lat="67.059121" lon="18.589530">
				<ele>490.000000</ele>
			</trkpt>
			<trkpt lat="67.059608" lon="18.589646">
				<ele>490.000000</ele>
			</trkpt>
			<trkpt lat="67.059696" lon="18.589673">
				<ele>490.000000</ele>
			</trkpt>
			<trkpt lat="67.060116" lon="18.589755">
				<ele>490.000000</ele>
			</trkpt>
			<trkpt lat="67.060799" lon="18.590051">
				<ele>490.000000</ele>
			</trkpt>
			<trkpt lat="67.061030" lon="18.590168">
				<ele>490.000000</ele>
			</trkpt>
			<trkpt lat="67.061622" lon="18.590438">
				<ele>490.000000</ele>
			</trkpt>
			<trkpt lat="67.061933" lon="18.590644">
				<ele>490.000000</ele>
			</trkpt>
			<trkpt lat="67.062402" lon="18.590985">
				<ele>490.000000</ele>
			</trkpt>
			<trkpt lat="67.062913" lon="18.591407">
				<ele>490.000000</ele>
			</trkpt>
			<trkpt lat="67.063918" lon="18.592216">
				<ele>490.000000</ele>
			</trkpt>
			<trkpt lat="67.064916" lon="18.592872">
				<ele>490.000000</ele>
			</trkpt>
			<trkpt lat="67.065185" lon="18.593006">
				<ele>490.000000</ele>
			</trkpt>
			<trkpt lat="67.065686" lon="18.593177">
				<ele>490.000000</ele>
			</trkpt>
			<trkpt lat="67.065984" lon="18.593302">
				<ele>490.000000</ele>
			</trkpt>
			<trkpt lat="67.066523" lon="18.593599">
				<ele>490.000000</ele>
			</trkpt>
			<trkpt lat="67.066851" lon="18.593725">
				<ele>490.000000</ele>
			</trkpt>
			<trkpt lat="67.067163" lon="18.593788">
				<ele>490.000000</ele>
			</trkpt>
			<trkpt lat="67.067639" lon="18.593698">
				<ele>490.000000</ele>
			</trkpt>
			<trkpt lat="67.067790" lon="18.593545">
				<ele>490.000000</ele>
			</trkpt>
			<trkpt lat="67.067958" lon="18.593338">
				<ele>490.000000</ele>
			</trkpt>
			<trkpt lat="67.068133" lon="18.593195">
				<ele>490.000000</ele>
			</trkpt>
			<trkpt lat="67.068311" lon="18.593096">
				<ele>490.000000</ele>
			</trkpt>
			<trkpt lat="67.068472" lon="18.593042">
				<ele>490.000000</ele>
			</trkpt>
			<trkpt lat="67.068710" lon="18.593141">
				<ele>490.000000</ele>
			</trkpt>
			<trkpt lat="67.068899" lon="18.593267">
				<ele>490.000000</ele>
			</trkpt>
			<trkpt lat="67.069256" lon="18.593725">
				<ele>490.000000</ele>
			</trkpt>
			<trkpt lat="67.069428" lon="18.593761">
				<ele>490.000000</ele>
			</trkpt>
			<trkpt lat="67.069623" lon="18.593654">
				<ele>490.000000</ele>
			</trkpt>
			<trkpt lat="67.069820" lon="18.593392">
				<ele>490.000000</ele>
			</trkpt>
			<trkpt lat="67.070173" lon="18.592530">
				<ele>490.000000</ele>
			</trkpt>
			<trkpt lat="67.070565" lon="18.591604">
				<ele>490.000000</ele>
			</trkpt>
			<trkpt lat="67.070919" lon="18.590887">
				<ele>490.000000</ele>
			</trkpt>
			<trkpt lat="67.071524" lon="18.589404">
				<ele>490.000000</ele>
			</trkpt>
			<trkpt lat="67.071685" lon="18.589027">
				<ele>490.000000</ele>
			</trkpt>
			<trkpt lat="67.071825" lon="18.588865">
				<ele>490.000000</ele>
			</trkpt>
			<trkpt lat="67.072252" lon="18.588425">
				<ele>490.000000</ele>
			</trkpt>
			<trkpt lat="67.073263" lon="18.587455">
				<ele>490.000000</ele>
			</trkpt>
			<trkpt lat="67.074337" lon="18.586233">
				<ele>492.000000</ele>
			</trkpt>
			<trkpt lat="67.074443" lon="18.585793">
				<ele>490.000000</ele>
			</trkpt>
			<trkpt lat="67.074604" lon="18.585442">
				<ele>490.000000</ele>
			</trkpt>
			<trkpt lat="67.074834" lon="18.585101">
				<ele>490.000000</ele>
			</trkpt>
			<trkpt lat="67.074894" lon="18.585038">
				<ele>490.000000</ele>
			</trkpt>
			<trkpt lat="67.075080" lon="18.584805">
				<ele>490.000000</ele>
			</trkpt>
			<trkpt lat="67.075436" lon="18.584526">
				<ele>491.000000</ele>
			</trkpt>
			<trkpt lat="67.076241" lon="18.583736">
				<ele>491.000000</ele>
			</trkpt>
			<trkpt lat="67.077214" lon="18.582847">
				<ele>492.000000</ele>
			</trkpt>
			<trkpt lat="67.077896" lon="18.582235">
				<ele>493.000000</ele>
			</trkpt>
			<trkpt lat="67.078603" lon="18.581543">
				<ele>494.000000</ele>
			</trkpt>
			<trkpt lat="67.078708" lon="18.581356">
				<ele>494.000000</ele>
			</trkpt>
			<trkpt lat="67.078753" lon="18.581140">
				<ele>494.000000</ele>
			</trkpt>
			<trkpt lat="67.078746" lon="18.580861">
				<ele>494.000000</ele>
			</trkpt>
			<trkpt lat="67.078680" lon="18.580484">
				<ele>494.000000</ele>
			</trkpt>
			<trkpt lat="67.078369" lon="18.579209">
				<ele>493.000000</ele>
			</trkpt>
			<trkpt lat="67.078306" lon="18.578956">
				<ele>493.000000</ele>
			</trkpt>
			<trkpt lat="67.078172" lon="18.578570">
				<ele>494.000000</ele>
			</trkpt>
			<trkpt lat="67.077858" lon="18.577727">
				<ele>495.000000</ele>
			</trkpt>
			<trkpt lat="67.077609" lon="18.576945">
				<ele>496.000000</ele>
			</trkpt>
			<trkpt lat="67.077525" lon="18.576719">
				<ele>497.000000</ele>
			</trkpt>
			<trkpt lat="67.077431" lon="18.576432">
				<ele>497.000000</ele>
			</trkpt>
			<trkpt lat="67.077354" lon="18.576136">
				<ele>497.000000</ele>
			</trkpt>
			<trkpt lat="67.077301" lon="18.575884">
				<ele>498.000000</ele>
			</trkpt>
			<trkpt lat="67.077287" lon="18.575660">
				<ele>498.000000</ele>
			</trkpt>
			<trkpt lat="67.077295" lon="18.575201">
				<ele>498.000000</ele>
			</trkpt>
			<trkpt lat="67.077298" lon="18.575031">
				<ele>498.000000</ele>
			</trkpt>
			<trkpt lat="67.077333" lon="18.574006">
				<ele>499.000000</ele>
			</trkpt>
			<trkpt lat="67.077336" lon="18.573819">
				<ele>499.000000</ele>
			</trkpt>
			<trkpt lat="67.077368" lon="18.572803">
				<ele>499.000000</ele>
			</trkpt>
			<trkpt lat="67.077382" lon="18.571985">
				<ele>500.000000</ele>
			</trkpt>
			<trkpt lat="67.077410" lon="18.571599">
				<ele>500.000000</ele>
			</trkpt>
			<trkpt lat="67.077421" lon="18.571169">
				<ele>500.000000</ele>
			</trkpt>
			<trkpt lat="67.077431" lon="18.570333">
				<ele>500.000000</ele>
			</trkpt>
			<trkpt lat="67.077441" lon="18.569928">
				<ele>500.000000</ele>
			</trkpt>
			<trkpt lat="67.077438" lon="18.569614">
				<ele>500.000000</ele>
			</trkpt>
			<trkpt lat="67.077462" lon="18.569264">
				<ele>500.000000</ele>
			</trkpt>
			<trkpt lat="67.077568" lon="18.568159">
				<ele>500.000000</ele>
			</trkpt>
			<trkpt lat="67.077599" lon="18.567692">
				<ele>500.000000</ele>
			</trkpt>
			<trkpt lat="67.077612" lon="18.567351">
				<ele>500.000000</ele>
			</trkpt>
			<trkpt lat="67.077609" lon="18.567054">
				<ele>500.000000</ele>
			</trkpt>
			<trkpt lat="67.077602" lon="18.566811">
				<ele>500.000000</ele>
			</trkpt>
			<trkpt lat="67.077582" lon="18.566524">
				<ele>500.000000</ele>
			</trkpt>
			<trkpt lat="67.077529" lon="18.566245">
				<ele>500.000000</ele>
			</trkpt>
			<trkpt lat="67.077424" lon="18.565787">
				<ele>500.000000</ele>
			</trkpt>
			<trkpt lat="67.076986" lon="18.564008">
				<ele>500.000000</ele>
			</trkpt>
			<trkpt lat="67.075457" lon="18.557685">
				<ele>499.000000</ele>
			</trkpt>
			<trkpt lat="67.075178" lon="18.556561">
				<ele>498.000000</ele>
			</trkpt>
			<trkpt lat="67.074978" lon="18.555789">
				<ele>498.000000</ele>
			</trkpt>
			<trkpt lat="67.074687" lon="18.554550">
				<ele>497.000000</ele>
			</trkpt>
			<trkpt lat="67.074460" lon="18.553651">
				<ele>496.000000</ele>
			</trkpt>
			<trkpt lat="67.074250" lon="18.552743">
				<ele>496.000000</ele>
			</trkpt>
			<trkpt lat="67.074082" lon="18.552142">
				<ele>495.000000</ele>
			</trkpt>
			<trkpt lat="67.073935" lon="18.551576">
				<ele>495.000000</ele>
			</trkpt>
			<trkpt lat="67.073848" lon="18.551118">
				<ele>495.000000</ele>
			</trkpt>
			<trkpt lat="67.073753" lon="18.550687">
				<ele>494.000000</ele>
			</trkpt>
			<trkpt lat="67.073722" lon="18.550408">
				<ele>494.000000</ele>
			</trkpt>
			<trkpt lat="67.073708" lon="18.550112">
				<ele>494.000000</ele>
			</trkpt>
			<trkpt lat="67.073855" lon="18.548055">
				<ele>493.000000</ele>
			</trkpt>
			<trkpt lat="67.074019" lon="18.545961">
				<ele>492.000000</ele>
			</trkpt>
			<trkpt lat="67.074118" lon="18.544642">
				<ele>491.000000</ele>
			</trkpt>
			<trkpt lat="67.074198" lon="18.543483">
				<ele>490.000000</ele>
			</trkpt>
			<trkpt lat="67.074254" lon="18.542558">
				<ele>490.000000</ele>
			</trkpt>
			<trkpt lat="67.074289" lon="18.542315">
				<ele>490.000000</ele>
			</trkpt>
			<trkpt lat="67.074320" lon="18.541992">
				<ele>490.000000</ele>
			</trkpt>
			<trkpt lat="67.074334" lon="18.541640">
				<ele>490.000000</ele>
			</trkpt>
			<trkpt lat="67.074359" lon="18.541281">
				<ele>490.000000</ele>
			</trkpt>
			<trkpt lat="67.074400" lon="18.540895">
				<ele>490.000000</ele>
			</trkpt>
			<trkpt lat="67.074439" lon="18.540500">
				<ele>490.000000</ele>
			</trkpt>
			<trkpt lat="67.074457" lon="18.540032">
				<ele>490.000000</ele>
			</trkpt>
			<trkpt lat="67.074474" lon="18.539386">
				<ele>490.000000</ele>
			</trkpt>
			<trkpt lat="67.074527" lon="18.537984">
				<ele>490.000000</ele>
			</trkpt>
			<trkpt lat="67.074572" lon="18.536619">
				<ele>490.000000</ele>
			</trkpt>
			<trkpt lat="67.074593" lon="18.535604">
				<ele>490.000000</ele>
			</trkpt>
			<trkpt lat="67.074635" lon="18.534768">
				<ele>490.000000</ele>
			</trkpt>
			<trkpt lat="67.074684" lon="18.534149">
				<ele>490.000000</ele>
			</trkpt>
			<trkpt lat="67.074695" lon="18.533862">
				<ele>490.000000</ele>
			</trkpt>
			<trkpt lat="67.074705" lon="18.533439">
				<ele>490.000000</ele>
			</trkpt>
			<trkpt lat="67.074722" lon="18.533250">
				<ele>490.000000</ele>
			</trkpt>
			<trkpt lat="67.074796" lon="18.532837">
				<ele>490.000000</ele>
			</trkpt>
			<trkpt lat="67.074866" lon="18.532585">
				<ele>490.000000</ele>
			</trkpt>
			<trkpt lat="67.074974" lon="18.532344">
				<ele>490.000000</ele>
			</trkpt>
			<trkpt lat="67.075115" lon="18.532155">
				<ele>490.000000</ele>
			</trkpt>
			<trkpt lat="67.075317" lon="18.531751">
				<ele>490.000000</ele>
			</trkpt>
			<trkpt lat="67.075405" lon="18.531625">
				<ele>490.000000</ele>
			</trkpt>
			<trkpt lat="67.075465" lon="18.531453">
				<ele>490.000000</ele>
			</trkpt>
			<trkpt lat="67.075510" lon="18.531176">
				<ele>490.000000</ele>
			</trkpt>
			<trkpt lat="67.075545" lon="18.530771">
				<ele>490.000000</ele>
			</trkpt>
			<trkpt lat="67.075583" lon="18.530313">
				<ele>490.000000</ele>
			</trkpt>
			<trkpt lat="67.075618" lon="18.529720">
				<ele>490.000000</ele>
			</trkpt>
			<trkpt lat="67.075640" lon="18.529352">
				<ele>490.000000</ele>
			</trkpt>
			<trkpt lat="67.075692" lon="18.528768">
				<ele>490.000000</ele>
			</trkpt>
			<trkpt lat="67.075860" lon="18.526692">
				<ele>490.000000</ele>
			</trkpt>
			<trkpt lat="67.075874" lon="18.526423">
				<ele>490.000000</ele>
			</trkpt>
			<trkpt lat="67.075874" lon="18.525973">
				<ele>490.000000</ele>
			</trkpt>
			<trkpt lat="67.075860" lon="18.525669">
				<ele>490.000000</ele>
			</trkpt>
			<trkpt lat="67.075850" lon="18.525139">
				<ele>490.000000</ele>
			</trkpt>
			<trkpt lat="67.075713" lon="18.522461">
				<ele>490.000000</ele>
			</trkpt>
			<trkpt lat="67.075709" lon="18.522183">
				<ele>490.000000</ele>
			</trkpt>
			<trkpt lat="67.075727" lon="18.521950">
				<ele>490.000000</ele>
			</trkpt>
			<trkpt lat="67.075891" lon="18.520377">
				<ele>490.000000</ele>
			</trkpt>
			<trkpt lat="67.075975" lon="18.519704">
				<ele>490.000000</ele>
			</trkpt>
			<trkpt lat="67.076045" lon="18.518994">
				<ele>490.000000</ele>
			</trkpt>
			<trkpt lat="67.076175" lon="18.517899">
				<ele>490.000000</ele>
			</trkpt>
			<trkpt lat="67.076325" lon="18.516505">
				<ele>490.000000</ele>
			</trkpt>
			<trkpt lat="67.076371" lon="18.515805">
				<ele>490.000000</ele>
			</trkpt>
			<trkpt lat="67.076423" lon="18.515365">
				<ele>490.000000</ele>
			</trkpt>
			<trkpt lat="67.076507" lon="18.514952">
				<ele>490.000000</ele>
			</trkpt>
			<trkpt lat="67.076643" lon="18.514484">
				<ele>490.000000</ele>
			</trkpt>
			<trkpt lat="67.076787" lon="18.514125">
				<ele>490.000000</ele>
			</trkpt>
			<trkpt lat="67.076941" lon="18.513649">
				<ele>490.000000</ele>
			</trkpt>
			<trkpt lat="67.077193" lon="18.512931">
				<ele>490.000000</ele>
			</trkpt>
			<trkpt lat="67.077340" lon="18.512427">
				<ele>490.000000</ele>
			</trkpt>
			<trkpt lat="67.077451" lon="18.512149">
				<ele>490.000000</ele>
			</trkpt>
			<trkpt lat="67.077560" lon="18.511817">
				<ele>490.000000</ele>
			</trkpt>
			<trkpt lat="67.077711" lon="18.511341">
				<ele>490.000000</ele>
			</trkpt>
			<trkpt lat="67.077872" lon="18.510882">
				<ele>490.000000</ele>
			</trkpt>
			<trkpt lat="67.077896" lon="18.510738">
				<ele>490.000000</ele>
			</trkpt>
			<trkpt lat="67.077938" lon="18.510362">
				<ele>490.000000</ele>
			</trkpt>
			<trkpt lat="67.078019" lon="18.509356">
				<ele>490.000000</ele>
			</trkpt>
			<trkpt lat="67.078127" lon="18.508215">
				<ele>490.000000</ele>
			</trkpt>
			<trkpt lat="67.078235" lon="18.506920">
				<ele>490.000000</ele>
			</trkpt>
			<trkpt lat="67.078312" lon="18.505888">
				<ele>490.000000</ele>
			</trkpt>
			<trkpt lat="67.078396" lon="18.505035">
				<ele>490.000000</ele>
			</trkpt>
			<trkpt lat="67.078585" lon="18.502914">
				<ele>490.000000</ele>
			</trkpt>
			<trkpt lat="67.078844" lon="18.499806">
				<ele>490.000000</ele>
			</trkpt>
			<trkpt lat="67.078942" lon="18.498423">
				<ele>490.000000</ele>
			</trkpt>
			<trkpt lat="67.079068" lon="18.497012">
				<ele>490.000000</ele>
			</trkpt>
			<trkpt lat="67.079135" lon="18.496123">
				<ele>490.000000</ele>
			</trkpt>
			<trkpt lat="67.079198" lon="18.495387">
				<ele>490.000000</ele>
			</trkpt>
			<trkpt lat="67.079254" lon="18.494829">
				<ele>490.000000</ele>
			</trkpt>
			<trkpt lat="67.079324" lon="18.494353">
				<ele>490.000000</ele>
			</trkpt>
			<trkpt lat="67.079393" lon="18.493985">
				<ele>490.000000</ele>
			</trkpt>
			<trkpt lat="67.079513" lon="18.493643">
				<ele>490.000000</ele>
			</trkpt>
			<trkpt lat="67.079691" lon="18.493284">
				<ele>490.000000</ele>
			</trkpt>
			<trkpt lat="67.079911" lon="18.492907">
				<ele>490.000000</ele>
			</trkpt>
			<trkpt lat="67.080083" lon="18.492655">
				<ele>490.000000</ele>
			</trkpt>
			<trkpt lat="67.080250" lon="18.492341">
				<ele>490.000000</ele>
			</trkpt>
			<trkpt lat="67.080370" lon="18.492027">
				<ele>490.000000</ele>
			</trkpt>
			<trkpt lat="67.080517" lon="18.491559">
				<ele>490.000000</ele>
			</trkpt>
			<trkpt lat="67.080657" lon="18.491093">
				<ele>490.000000</ele>
			</trkpt>
			<trkpt lat="67.080810" lon="18.490490">
				<ele>490.000000</ele>
			</trkpt>
			<trkpt lat="67.080926" lon="18.489880">
				<ele>490.000000</ele>
			</trkpt>
			<trkpt lat="67.081024" lon="18.489475">
				<ele>490.000000</ele>
			</trkpt>
			<trkpt lat="67.081143" lon="18.488963">
				<ele>490.000000</ele>
			</trkpt>
			<trkpt lat="67.081265" lon="18.488569">
				<ele>490.000000</ele>
			</trkpt>
			<trkpt lat="67.081356" lon="18.488307">
				<ele>490.000000</ele>
			</trkpt>
			<trkpt lat="67.081461" lon="18.488137">
				<ele>490.000000</ele>
			</trkpt>
			<trkpt lat="67.081744" lon="18.487454">
				<ele>490.000000</ele>
			</trkpt>
			<trkpt lat="67.081877" lon="18.487167">
				<ele>490.000000</ele>
			</trkpt>
			<trkpt lat="67.082063" lon="18.486844">
				<ele>490.000000</ele>
			</trkpt>
			<trkpt lat="67.082283" lon="18.486422">
				<ele>490.000000</ele>
			</trkpt>
			<trkpt lat="67.082475" lon="18.486035">
				<ele>490.000000</ele>
			</trkpt>
			<trkpt lat="67.082636" lon="18.485640">
				<ele>490.000000</ele>
			</trkpt>
			<trkpt lat="67.082934" lon="18.485047">
				<ele>490.000000</ele>
			</trkpt>
			<trkpt lat="67.083228" lon="18.484391">
				<ele>490.000000</ele>
			</trkpt>
			<trkpt lat="67.083458" lon="18.483932">
				<ele>490.000000</ele>
			</trkpt>
			<trkpt lat="67.083710" lon="18.483385">
				<ele>490.000000</ele>
			</trkpt>
			<trkpt lat="67.084263" lon="18.482253">
				<ele>490.000000</ele>
			</trkpt>
			<trkpt lat="67.084662" lon="18.481418">
				<ele>490.000000</ele>
			</trkpt>
			<trkpt lat="67.084820" lon="18.481085">
				<ele>490.000000</ele>
			</trkpt>
			<trkpt lat="67.085011" lon="18.480716">
				<ele>490.000000</ele>
			</trkpt>
			<trkpt lat="67.085180" lon="18.480330">
				<ele>490.000000</ele>
			</trkpt>
			<trkpt lat="67.085546" lon="18.479594">
				<ele>490.000000</ele>
			</trkpt>
			<trkpt lat="67.085718" lon="18.479235">
				<ele>490.000000</ele>
			</trkpt>
			<trkpt lat="67.085886" lon="18.478921">
				<ele>490.000000</ele>
			</trkpt>
			<trkpt lat="67.086033" lon="18.478588">
				<ele>490.000000</ele>
			</trkpt>
			<trkpt lat="67.086515" lon="18.477590">
				<ele>490.000000</ele>
			</trkpt>
			<trkpt lat="67.086813" lon="18.476927">
				<ele>490.000000</ele>
			</trkpt>
			<trkpt lat="67.087148" lon="18.476244">
				<ele>490.000000</ele>
			</trkpt>
			<trkpt lat="67.087278" lon="18.475974">
				<ele>490.000000</ele>
			</trkpt>
			<trkpt lat="67.087838" lon="18.474869">
				<ele>490.000000</ele>
			</trkpt>
			<trkpt lat="67.088149" lon="18.474204">
				<ele>490.000000</ele>
			</trkpt>
			<trkpt lat="67.088289" lon="18.473890">
				<ele>490.000000</ele>
			</trkpt>
			<trkpt lat="67.088401" lon="18.473548">
				<ele>490.000000</ele>
			</trkpt>
			<trkpt lat="67.088477" lon="18.473189">
				<ele>490.000000</ele>
			</trkpt>
			<trkpt lat="67.088516" lon="18.472821">
				<ele>490.000000</ele>
			</trkpt>
			<trkpt lat="67.088537" lon="18.472533">
				<ele>490.000000</ele>
			</trkpt>
			<trkpt lat="67.088583" lon="18.472156">
				<ele>490.000000</ele>
			</trkpt>
			<trkpt lat="67.088638" lon="18.471797">
				<ele>490.000000</ele>
			</trkpt>
			<trkpt lat="67.088708" lon="18.471510">
				<ele>490.000000</ele>
			</trkpt>
			<trkpt lat="67.088813" lon="18.471258">
				<ele>490.000000</ele>
			</trkpt>
			<trkpt lat="67.088960" lon="18.471006">
				<ele>490.000000</ele>
			</trkpt>
			<trkpt lat="67.089317" lon="18.470512">
				<ele>490.000000</ele>
			</trkpt>
			<trkpt lat="67.089530" lon="18.470216">
				<ele>490.000000</ele>
			</trkpt>
			<trkpt lat="67.089831" lon="18.469820">
				<ele>490.000000</ele>
			</trkpt>
			<trkpt lat="67.090261" lon="18.469273">
				<ele>490.000000</ele>
			</trkpt>
			<trkpt lat="67.091128" lon="18.468059">
				<ele>490.000000</ele>
			</trkpt>
			<trkpt lat="67.091551" lon="18.467520">
				<ele>490.000000</ele>
			</trkpt>
			<trkpt lat="67.091884" lon="18.467116">
				<ele>490.000000</ele>
			</trkpt>
			<trkpt lat="67.092751" lon="18.466416">
				<ele>490.000000</ele>
			</trkpt>
			<trkpt lat="67.093062" lon="18.466182">
				<ele>490.000000</ele>
			</trkpt>
			<trkpt lat="67.093335" lon="18.465912">
				<ele>490.000000</ele>
			</trkpt>
			<trkpt lat="67.093534" lon="18.465751">
				<ele>490.000000</ele>
			</trkpt>
			<trkpt lat="67.093706" lon="18.465581">
				<ele>490.000000</ele>
			</trkpt>
			<trkpt lat="67.093905" lon="18.465258">
				<ele>490.000000</ele>
			</trkpt>
			<trkpt lat="67.094055" lon="18.465050">
				<ele>490.000000</ele>
			</trkpt>
			<trkpt lat="67.094254" lon="18.464682">
				<ele>490.000000</ele>
			</trkpt>
			<trkpt lat="67.094398" lon="18.464323">
				<ele>490.000000</ele>
			</trkpt>
			<trkpt lat="67.094506" lon="18.463954">
				<ele>490.000000</ele>
			</trkpt>
			<trkpt lat="67.094576" lon="18.463621">
				<ele>490.000000</ele>
			</trkpt>
			<trkpt lat="67.094663" lon="18.463235">
				<ele>490.000000</ele>
			</trkpt>
			<trkpt lat="67.094751" lon="18.462912">
				<ele>490.000000</ele>
			</trkpt>
			<trkpt lat="67.094898" lon="18.462526">
				<ele>490.000000</ele>
			</trkpt>
			<trkpt lat="67.095041" lon="18.462229">
				<ele>490.000000</ele>
			</trkpt>
			<trkpt lat="67.095241" lon="18.461906">
				<ele>490.000000</ele>
			</trkpt>
			<trkpt lat="67.095579" lon="18.461197">
				<ele>490.000000</ele>
			</trkpt>
			<trkpt lat="67.095852" lon="18.460640">
				<ele>490.000000</ele>
			</trkpt>
			<trkpt lat="67.096030" lon="18.460289">
				<ele>490.000000</ele>
			</trkpt>
			<trkpt lat="67.096303" lon="18.459705">
				<ele>490.000000</ele>
			</trkpt>
			<trkpt lat="67.096877" lon="18.458537">
				<ele>490.000000</ele>
			</trkpt>
			<trkpt lat="67.097355" lon="18.457541">
				<ele>490.000000</ele>
			</trkpt>
			<trkpt lat="67.097684" lon="18.456786">
				<ele>490.000000</ele>
			</trkpt>
			<trkpt lat="67.098135" lon="18.456023">
				<ele>490.000000</ele>
			</trkpt>
			<trkpt lat="67.098436" lon="18.455610">
				<ele>490.000000</ele>
			</trkpt>
			<trkpt lat="67.098632" lon="18.455312">
				<ele>490.000000</ele>
			</trkpt>
			<trkpt lat="67.098796" lon="18.455025">
				<ele>490.000000</ele>
			</trkpt>
			<trkpt lat="67.099281" lon="18.454109">
				<ele>490.000000</ele>
			</trkpt>
			<trkpt lat="67.100075" lon="18.452690">
				<ele>490.000000</ele>
			</trkpt>
			<trkpt lat="67.100271" lon="18.452178">
				<ele>490.000000</ele>
			</trkpt>
			<trkpt lat="67.100624" lon="18.451396">
				<ele>490.000000</ele>
			</trkpt>
			<trkpt lat="67.101096" lon="18.450570">
				<ele>491.000000</ele>
			</trkpt>
			<trkpt lat="67.101701" lon="18.449474">
				<ele>493.000000</ele>
			</trkpt>
			<trkpt lat="67.101868" lon="18.449159">
				<ele>494.000000</ele>
			</trkpt>
			<trkpt lat="67.102235" lon="18.448530">
				<ele>495.000000</ele>
			</trkpt>
			<trkpt lat="67.102477" lon="18.448216">
				<ele>496.000000</ele>
			</trkpt>
			<trkpt lat="67.102595" lon="18.448081">
				<ele>496.000000</ele>
			</trkpt>
			<trkpt lat="67.102707" lon="18.447973">
				<ele>497.000000</ele>
			</trkpt>
			<trkpt lat="67.103018" lon="18.447803">
				<ele>498.000000</ele>
			</trkpt>
			<trkpt lat="67.103340" lon="18.447605">
				<ele>499.000000</ele>
			</trkpt>
			<trkpt lat="67.103598" lon="18.447407">
				<ele>499.000000</ele>
			</trkpt>
			<trkpt lat="67.103780" lon="18.447327">
				<ele>500.000000</ele>
			</trkpt>
			<trkpt lat="67.103987" lon="18.447291">
				<ele>500.000000</ele>
			</trkpt>
			<trkpt lat="67.104521" lon="18.447308">
				<ele>500.000000</ele>
			</trkpt>
			<trkpt lat="67.104891" lon="18.447255">
				<ele>500.000000</ele>
			</trkpt>
			<trkpt lat="67.105433" lon="18.447291">
				<ele>500.000000</ele>
			</trkpt>
			<trkpt lat="67.105762" lon="18.447272">
				<ele>500.000000</ele>
			</trkpt>
			<trkpt lat="67.105905" lon="18.447245">
				<ele>500.000000</ele>
			</trkpt>
			<trkpt lat="67.106101" lon="18.447111">
				<ele>500.000000</ele>
			</trkpt>
			<trkpt lat="67.106380" lon="18.446842">
				<ele>500.000000</ele>
			</trkpt>
			<trkpt lat="67.106873" lon="18.446402">
				<ele>500.000000</ele>
			</trkpt>
			<trkpt lat="67.107509" lon="18.445916">
				<ele>500.000000</ele>
			</trkpt>
			<trkpt lat="67.107858" lon="18.445602">
				<ele>500.000000</ele>
			</trkpt>
			<trkpt lat="67.108247" lon="18.445278">
				<ele>500.000000</ele>
			</trkpt>
			<trkpt lat="67.108609" lon="18.444991">
				<ele>500.000000</ele>
			</trkpt>
			<trkpt lat="67.109120" lon="18.444551">
				<ele>500.000000</ele>
			</trkpt>
			<trkpt lat="67.109574" lon="18.444192">
				<ele>500.000000</ele>
			</trkpt>
			<trkpt lat="67.109832" lon="18.444002">
				<ele>500.000000</ele>
			</trkpt>
			<trkpt lat="67.110545" lon="18.443356">
				<ele>500.000000</ele>
			</trkpt>
			<trkpt lat="67.111160" lon="18.442880">
				<ele>500.000000</ele>
			</trkpt>
			<trkpt lat="67.111674" lon="18.442386">
				<ele>500.000000</ele>
			</trkpt>
			<trkpt lat="67.111786" lon="18.442331">
				<ele>500.000000</ele>
			</trkpt>
			<trkpt lat="67.111953" lon="18.442117">
				<ele>500.000000</ele>
			</trkpt>
			<trkpt lat="67.111982" lon="18.442062">
				<ele>500.000000</ele>
			</trkpt>
			<trkpt lat="67.112181" lon="18.441389">
				<ele>500.000000</ele>
			</trkpt>
			<trkpt lat="67.112537" lon="18.440068">
				<ele>500.000000</ele>
			</trkpt>
			<trkpt lat="67.112883" lon="18.438865">
				<ele>500.000000</ele>
			</trkpt>
			<trkpt lat="67.113232" lon="18.437553">
				<ele>500.000000</ele>
			</trkpt>
			<trkpt lat="67.113567" lon="18.436465">
				<ele>500.000000</ele>
			</trkpt>
			<trkpt lat="67.113879" lon="18.435325">
				<ele>500.000000</ele>
			</trkpt>
			<trkpt lat="67.114413" lon="18.433402">
				<ele>500.000000</ele>
			</trkpt>
			<trkpt lat="67.115259" lon="18.430448">
				<ele>500.000000</ele>
			</trkpt>
			<trkpt lat="67.115524" lon="18.429612">
				<ele>500.000000</ele>
			</trkpt>
			<trkpt lat="67.115768" lon="18.428624">
				<ele>500.000000</ele>
			</trkpt>
			<trkpt lat="67.116013" lon="18.427699">
				<ele>500.000000</ele>
			</trkpt>
			<trkpt lat="67.116223" lon="18.426970">
				<ele>500.000000</ele>
			</trkpt>
			<trkpt lat="67.116478" lon="18.426018">
				<ele>500.000000</ele>
			</trkpt>
			<trkpt lat="67.117072" lon="18.423934">
				<ele>500.000000</ele>
			</trkpt>
			<trkpt lat="67.117253" lon="18.423225">
				<ele>500.000000</ele>
			</trkpt>
			<trkpt lat="67.117480" lon="18.422209">
				<ele>500.000000</ele>
			</trkpt>
			<trkpt lat="67.117693" lon="18.421158">
				<ele>500.000000</ele>
			</trkpt>
			<trkpt lat="67.117871" lon="18.420234">
				<ele>500.000000</ele>
			</trkpt>
			<trkpt lat="67.118029" lon="18.419425">
				<ele>500.000000</ele>
			</trkpt>
			<trkpt lat="67.118151" lon="18.418886">
				<ele>500.000000</ele>
			</trkpt>
			<trkpt lat="67.118217" lon="18.418401">
				<ele>500.000000</ele>
			</trkpt>
			<trkpt lat="67.118489" lon="18.415733">
				<ele>500.000000</ele>
			</trkpt>
			<trkpt lat="67.118699" lon="18.413766">
				<ele>500.000000</ele>
			</trkpt>
			<trkpt lat="67.118892" lon="18.412112">
				<ele>500.000000</ele>
			</trkpt>
			<trkpt lat="67.119136" lon="18.409804">
				<ele>500.000000</ele>
			</trkpt>
			<trkpt lat="67.119216" lon="18.409722">
				<ele>500.000000</ele>
			</trkpt>
			<trkpt lat="67.119395" lon="18.409516">
				<ele>500.000000</ele>
			</trkpt>
			<trkpt lat="67.119443" lon="18.409399">
				<ele>500.000000</ele>
			</trkpt>
			<trkpt lat="67.119478" lon="18.409292">
				<ele>500.000000</ele>
			</trkpt>
			<trkpt lat="67.119754" lon="18.408177">
				<ele>500.000000</ele>
			</trkpt>
			<trkpt lat="67.120198" lon="18.406328">
				<ele>500.000000</ele>
			</trkpt>
			<trkpt lat="67.120306" lon="18.405833">
				<ele>500.000000</ele>
			</trkpt>
			<trkpt lat="67.120393" lon="18.405240">
				<ele>500.000000</ele>
			</trkpt>
			<trkpt lat="67.120428" lon="18.405043">
				<ele>500.000000</ele>
			</trkpt>
			<trkpt lat="67.120467" lon="18.404845">
				<ele>500.000000</ele>
			</trkpt>
			<trkpt lat="67.120578" lon="18.404189">
				<ele>500.000000</ele>
			</trkpt>
			<trkpt lat="67.120662" lon="18.403776">
				<ele>500.000000</ele>
			</trkpt>
			<trkpt lat="67.120739" lon="18.403409">
				<ele>500.000000</ele>
			</trkpt>
			<trkpt lat="67.120788" lon="18.403246">
				<ele>500.000000</ele>
			</trkpt>
			<trkpt lat="67.120823" lon="18.403067">
				<ele>500.000000</ele>
			</trkpt>
			<trkpt lat="67.120823" lon="18.402375">
				<ele>500.000000</ele>
			</trkpt>
			<trkpt lat="67.120878" lon="18.402105">
				<ele>500.000000</ele>
			</trkpt>
			<trkpt lat="67.120931" lon="18.401809">
				<ele>500.000000</ele>
			</trkpt>
			<trkpt lat="67.121106" lon="18.400956">
				<ele>500.000000</ele>
			</trkpt>
			<trkpt lat="67.121182" lon="18.400686">
				<ele>500.000000</ele>
			</trkpt>
			<trkpt lat="67.121266" lon="18.400560">
				<ele>500.000000</ele>
			</trkpt>
			<trkpt lat="67.121395" lon="18.399967">
				<ele>500.000000</ele>
			</trkpt>
			<trkpt lat="67.121560" lon="18.399420">
				<ele>500.000000</ele>
			</trkpt>
			<trkpt lat="67.121601" lon="18.399168">
				<ele>500.000000</ele>
			</trkpt>
			<trkpt lat="67.121703" lon="18.398845">
				<ele>500.000000</ele>
			</trkpt>
			<trkpt lat="67.121738" lon="18.398619">
				<ele>500.000000</ele>
			</trkpt>
			<trkpt lat="67.121892" lon="18.397964">
				<ele>500.000000</ele>
			</trkpt>
			<trkpt lat="67.121884" lon="18.397677">
				<ele>500.000000</ele>
			</trkpt>
			<trkpt lat="67.121909" lon="18.397453">
				<ele>500.000000</ele>
			</trkpt>
			<trkpt lat="67.121975" lon="18.397218">
				<ele>500.000000</ele>
			</trkpt>
			<trkpt lat="67.122049" lon="18.396787">
				<ele>500.000000</ele>
			</trkpt>
			<trkpt lat="67.122240" lon="18.396015">
				<ele>500.000000</ele>
			</trkpt>
			<trkpt lat="67.122321" lon="18.395520">
				<ele>500.000000</ele>
			</trkpt>
			<trkpt lat="67.122433" lon="18.395053">
				<ele>500.000000</ele>
			</trkpt>
			<trkpt lat="67.122569" lon="18.394677">
				<ele>500.000000</ele>
			</trkpt>
			<trkpt lat="67.122653" lon="18.394407">
				<ele>500.000000</ele>
			</trkpt>
			<trkpt lat="67.122698" lon="18.394128">
				<ele>500.000000</ele>
			</trkpt>
			<trkpt lat="67.122754" lon="18.393598">
				<ele>501.000000</ele>
			</trkpt>
			<trkpt lat="67.122855" lon="18.393285">
				<ele>501.000000</ele>
			</trkpt>
			<trkpt lat="67.122928" lon="18.392943">
				<ele>501.000000</ele>
			</trkpt>
			<trkpt lat="67.122981" lon="18.392646">
				<ele>501.000000</ele>
			</trkpt>
			<trkpt lat="67.123023" lon="18.392350">
				<ele>501.000000</ele>
			</trkpt>
			<trkpt lat="67.123173" lon="18.391864">
				<ele>501.000000</ele>
			</trkpt>
			<trkpt lat="67.123246" lon="18.391407">
				<ele>501.000000</ele>
			</trkpt>
			<trkpt lat="67.123347" lon="18.391038">
				<ele>501.000000</ele>
			</trkpt>
			<trkpt lat="67.123474" lon="18.390463">
				<ele>501.000000</ele>
			</trkpt>
			<trkpt lat="67.123913" lon="18.388801">
				<ele>501.000000</ele>
			</trkpt>
			<trkpt lat="67.123980" lon="18.388568">
				<ele>501.000000</ele>
			</trkpt>
			<trkpt lat="67.124039" lon="18.388451">
				<ele>501.000000</ele>
			</trkpt>
			<trkpt lat="67.124176" lon="18.388271">
				<ele>501.000000</ele>
			</trkpt>
			<trkpt lat="67.124277" lon="18.388074">
				<ele>502.000000</ele>
			</trkpt>
			<trkpt lat="67.124402" lon="18.387660">
				<ele>502.000000</ele>
			</trkpt>
			<trkpt lat="67.124486" lon="18.387292">
				<ele>502.000000</ele>
			</trkpt>
			<trkpt lat="67.124532" lon="18.387176">
				<ele>502.000000</ele>
			</trkpt>
			<trkpt lat="67.124654" lon="18.387086">
				<ele>502.000000</ele>
			</trkpt>
			<trkpt lat="67.124898" lon="18.387004">
				<ele>502.000000</ele>
			</trkpt>
			<trkpt lat="67.125049" lon="18.386942">
				<ele>502.000000</ele>
			</trkpt>
			<trkpt lat="67.125150" lon="18.386853">
				<ele>502.000000</ele>
			</trkpt>
			<trkpt lat="67.125269" lon="18.386654">
				<ele>502.000000</ele>
			</trkpt>
			<trkpt lat="67.125429" lon="18.386348">
				<ele>502.000000</ele>
			</trkpt>
			<trkpt lat="67.125576" lon="18.386142">
				<ele>502.000000</ele>
			</trkpt>
			<trkpt lat="67.125674" lon="18.385801">
				<ele>502.000000</ele>
			</trkpt>
			<trkpt lat="67.125782" lon="18.385576">
				<ele>502.000000</ele>
			</trkpt>
			<trkpt lat="67.125873" lon="18.385216">
				<ele>502.000000</ele>
			</trkpt>
			<trkpt lat="67.125918" lon="18.384966">
				<ele>502.000000</ele>
			</trkpt>
			<trkpt lat="67.126058" lon="18.384203">
				<ele>502.000000</ele>
			</trkpt>
			<trkpt lat="67.126134" lon="18.383816">
				<ele>502.000000</ele>
			</trkpt>
			<trkpt lat="67.126256" lon="18.383465">
				<ele>502.000000</ele>
			</trkpt>
			<trkpt lat="67.126539" lon="18.382666">
				<ele>502.000000</ele>
			</trkpt>
			<trkpt lat="67.126686" lon="18.382163">
				<ele>502.000000</ele>
			</trkpt>
			<trkpt lat="67.126868" lon="18.381857">
				<ele>502.000000</ele>
			</trkpt>
			<trkpt lat="67.127098" lon="18.381570">
				<ele>502.000000</ele>
			</trkpt>
			<trkpt lat="67.127314" lon="18.381048">
				<ele>502.000000</ele>
			</trkpt>
			<trkpt lat="67.127471" lon="18.380798">
				<ele>502.000000</ele>
			</trkpt>
			<trkpt lat="67.127559" lon="18.380717">
				<ele>502.000000</ele>
			</trkpt>
			<trkpt lat="67.127713" lon="18.380591">
				<ele>502.000000</ele>
			</trkpt>
			<trkpt lat="67.127908" lon="18.380169">
				<ele>502.000000</ele>
			</trkpt>
			<trkpt lat="67.128065" lon="18.379683">
				<ele>501.000000</ele>
			</trkpt>
			<trkpt lat="67.128212" lon="18.379495">
				<ele>501.000000</ele>
			</trkpt>
			<trkpt lat="67.128439" lon="18.379450">
				<ele>501.000000</ele>
			</trkpt>
			<trkpt lat="67.128519" lon="18.379360">
				<ele>501.000000</ele>
			</trkpt>
			<trkpt lat="67.128638" lon="18.379270">
				<ele>501.000000</ele>
			</trkpt>
			<trkpt lat="67.128666" lon="18.379109">
				<ele>501.000000</ele>
			</trkpt>
			<trkpt lat="67.128683" lon="18.378903">
				<ele>501.000000</ele>
			</trkpt>
			<trkpt lat="67.128735" lon="18.378695">
				<ele>501.000000</ele>
			</trkpt>
			<trkpt lat="67.128833" lon="18.378381">
				<ele>501.000000</ele>
			</trkpt>
			<trkpt lat="67.129057" lon="18.377671">
				<ele>501.000000</ele>
			</trkpt>
			<trkpt lat="67.129095" lon="18.377411">
				<ele>501.000000</ele>
			</trkpt>
			<trkpt lat="67.129175" lon="18.377232">
				<ele>501.000000</ele>
			</trkpt>
			<trkpt lat="67.129263" lon="18.377096">
				<ele>501.000000</ele>
			</trkpt>
			<trkpt lat="67.129504" lon="18.376566">
				<ele>501.000000</ele>
			</trkpt>
			<trkpt lat="67.129622" lon="18.376350">
				<ele>501.000000</ele>
			</trkpt>
			<trkpt lat="67.129762" lon="18.375731">
				<ele>501.000000</ele>
			</trkpt>
			<trkpt lat="67.129832" lon="18.375308">
				<ele>501.000000</ele>
			</trkpt>
			<trkpt lat="67.129856" lon="18.375092">
				<ele>501.000000</ele>
			</trkpt>
			<trkpt lat="67.129849" lon="18.374492">
				<ele>500.000000</ele>
			</trkpt>
			<trkpt lat="67.129979" lon="18.373656">
				<ele>500.000000</ele>
			</trkpt>
			<trkpt lat="67.130003" lon="18.373161">
				<ele>500.000000</ele>
			</trkpt>
			<trkpt lat="67.129999" lon="18.372910">
				<ele>500.000000</ele>
			</trkpt>
			<trkpt lat="67.129940" lon="18.372425">
				<ele>500.000000</ele>
			</trkpt>
			<trkpt lat="67.129849" lon="18.371931">
				<ele>500.000000</ele>
			</trkpt>
			<trkpt lat="67.129839" lon="18.371706">
				<ele>500.000000</ele>
			</trkpt>
			<trkpt lat="67.129884" lon="18.370800">
				<ele>500.000000</ele>
			</trkpt>
			<trkpt lat="67.129888" lon="18.370224">
				<ele>500.000000</ele>
			</trkpt>
			<trkpt lat="67.129860" lon="18.369668">
				<ele>500.000000</ele>
			</trkpt>
			<trkpt lat="67.129814" lon="18.369200">
				<ele>500.000000</ele>
			</trkpt>
			<trkpt lat="67.129699" lon="18.368383">
				<ele>502.000000</ele>
			</trkpt>
			<trkpt lat="67.129556" lon="18.367404">
				<ele>503.000000</ele>
			</trkpt>
			<trkpt lat="67.129580" lon="18.366622">
				<ele>505.000000</ele>
			</trkpt>
			<trkpt lat="67.129629" lon="18.365733">
				<ele>506.000000</ele>
			</trkpt>
			<trkpt lat="67.129633" lon="18.365320">
				<ele>507.000000</ele>
			</trkpt>
			<trkpt lat="67.129637" lon="18.364987">
				<ele>507.000000</ele>
			</trkpt>
			<trkpt lat="67.129888" lon="18.364071">
				<ele>509.000000</ele>
			</trkpt>
			<trkpt lat="67.130013" lon="18.363316">
				<ele>511.000000</ele>
			</trkpt>
			<trkpt lat="67.130167" lon="18.362444">
				<ele>512.000000</ele>
			</trkpt>
			<trkpt lat="67.130331" lon="18.361752">
				<ele>513.000000</ele>
			</trkpt>
			<trkpt lat="67.130450" lon="18.361601">
				<ele>514.000000</ele>
			</trkpt>
			<trkpt lat="67.130537" lon="18.361511">
				<ele>514.000000</ele>
			</trkpt>
			<trkpt lat="67.130697" lon="18.361402">
				<ele>515.000000</ele>
			</trkpt>
			<trkpt lat="67.130789" lon="18.361106">
				<ele>515.000000</ele>
			</trkpt>
			<trkpt lat="67.130960" lon="18.360351">
				<ele>517.000000</ele>
			</trkpt>
			<trkpt lat="67.131110" lon="18.360001">
				<ele>517.000000</ele>
			</trkpt>
			<trkpt lat="67.131316" lon="18.359454">
				<ele>519.000000</ele>
			</trkpt>
			<trkpt lat="67.131434" lon="18.359309">
				<ele>519.000000</ele>
			</trkpt>
			<trkpt lat="67.131609" lon="18.359247">
				<ele>520.000000</ele>
			</trkpt>
			<trkpt lat="67.131822" lon="18.359337">
				<ele>521.000000</ele>
			</trkpt>
			<trkpt lat="67.131947" lon="18.359444">
				<ele>521.000000</ele>
			</trkpt>
			<trkpt lat="67.132091" lon="18.359471">
				<ele>522.000000</ele>
			</trkpt>
			<trkpt lat="67.132412" lon="18.359418">
				<ele>524.000000</ele>
			</trkpt>
			<trkpt lat="67.132702" lon="18.359274">
				<ele>525.000000</ele>
			</trkpt>
			<trkpt lat="67.132928" lon="18.359255">
				<ele>526.000000</ele>
			</trkpt>
			<trkpt lat="67.133124" lon="18.359005">
				<ele>527.000000</ele>
			</trkpt>
			<trkpt lat="67.133585" lon="18.358565">
				<ele>530.000000</ele>
			</trkpt>
			<trkpt lat="67.133860" lon="18.358313">
				<ele>530.000000</ele>
			</trkpt>
			<trkpt lat="67.133996" lon="18.358052">
				<ele>531.000000</ele>
			</trkpt>
			<trkpt lat="67.134063" lon="18.357764">
				<ele>531.000000</ele>
			</trkpt>
			<trkpt lat="67.134066" lon="18.357423">
				<ele>531.000000</ele>
			</trkpt>
			<trkpt lat="67.134000" lon="18.356794">
				<ele>531.000000</ele>
			</trkpt>
			<trkpt lat="67.134028" lon="18.356444">
				<ele>531.000000</ele>
			</trkpt>
			<trkpt lat="67.134066" lon="18.356013">
				<ele>532.000000</ele>
			</trkpt>
			<trkpt lat="67.134084" lon="18.355500">
				<ele>532.000000</ele>
			</trkpt>
			<trkpt lat="67.134167" lon="18.355141">
				<ele>532.000000</ele>
			</trkpt>
			<trkpt lat="67.134188" lon="18.354387">
				<ele>532.000000</ele>
			</trkpt>
			<trkpt lat="67.134182" lon="18.353865">
				<ele>533.000000</ele>
			</trkpt>
			<trkpt lat="67.134332" lon="18.353183">
				<ele>533.000000</ele>
			</trkpt>
			<trkpt lat="67.134440" lon="18.352949">
				<ele>533.000000</ele>
			</trkpt>
			<trkpt lat="67.134576" lon="18.351934">
				<ele>534.000000</ele>
			</trkpt>
			<trkpt lat="67.134642" lon="18.351548">
				<ele>534.000000</ele>
			</trkpt>
			<trkpt lat="67.134688" lon="18.350802">
				<ele>534.000000</ele>
			</trkpt>
			<trkpt lat="67.134789" lon="18.349860">
				<ele>535.000000</ele>
			</trkpt>
			<trkpt lat="67.134848" lon="18.348925">
				<ele>535.000000</ele>
			</trkpt>
			<trkpt lat="67.135009" lon="18.348143">
				<ele>536.000000</ele>
			</trkpt>
			<trkpt lat="67.135201" lon="18.347506">
				<ele>536.000000</ele>
			</trkpt>
			<trkpt lat="67.135427" lon="18.346491">
				<ele>536.000000</ele>
			</trkpt>
			<trkpt lat="67.135714" lon="18.345125">
				<ele>537.000000</ele>
			</trkpt>
			<trkpt lat="67.135798" lon="18.344514">
				<ele>538.000000</ele>
			</trkpt>
			<trkpt lat="67.135927" lon="18.344191">
				<ele>538.000000</ele>
			</trkpt>
			<trkpt lat="67.136367" lon="18.342691">
				<ele>539.000000</ele>
			</trkpt>
			<trkpt lat="67.136565" lon="18.341936">
				<ele>539.000000</ele>
			</trkpt>
			<trkpt lat="67.136684" lon="18.341774">
				<ele>539.000000</ele>
			</trkpt>
			<trkpt lat="67.136761" lon="18.341397">
				<ele>539.000000</ele>
			</trkpt>
			<trkpt lat="67.136883" lon="18.341038">
				<ele>540.000000</ele>
			</trkpt>
			<trkpt lat="67.136999" lon="18.340768">
				<ele>540.000000</ele>
			</trkpt>
			<trkpt lat="67.137173" lon="18.340525">
				<ele>540.000000</ele>
			</trkpt>
			<trkpt lat="67.137337" lon="18.339906">
				<ele>540.000000</ele>
			</trkpt>
			<trkpt lat="67.137518" lon="18.339367">
				<ele>540.000000</ele>
			</trkpt>
			<trkpt lat="67.137581" lon="18.338854">
				<ele>540.000000</ele>
			</trkpt>
			<trkpt lat="67.137654" lon="18.338667">
				<ele>540.000000</ele>
			</trkpt>
			<trkpt lat="67.137746" lon="18.338441">
				<ele>540.000000</ele>
			</trkpt>
			<trkpt lat="67.137829" lon="18.338109">
				<ele>540.000000</ele>
			</trkpt>
			<trkpt lat="67.137937" lon="18.337894">
				<ele>540.000000</ele>
			</trkpt>
			<trkpt lat="67.138000" lon="18.337669">
				<ele>540.000000</ele>
			</trkpt>
			<trkpt lat="67.138007" lon="18.337310">
				<ele>540.000000</ele>
			</trkpt>
			<trkpt lat="67.138031" lon="18.337032">
				<ele>540.000000</ele>
			</trkpt>
			<trkpt lat="67.138143" lon="18.336789">
				<ele>540.000000</ele>
			</trkpt>
			<trkpt lat="67.138314" lon="18.336321">
				<ele>540.000000</ele>
			</trkpt>
			<trkpt lat="67.138366" lon="18.336007">
				<ele>540.000000</ele>
			</trkpt>
			<trkpt lat="67.138405" lon="18.335657">
				<ele>540.000000</ele>
			</trkpt>
			<trkpt lat="67.138485" lon="18.335315">
				<ele>540.000000</ele>
			</trkpt>
			<trkpt lat="67.138635" lon="18.334938">
				<ele>540.000000</ele>
			</trkpt>
			<trkpt lat="67.138729" lon="18.334885">
				<ele>540.000000</ele>
			</trkpt>
			<trkpt lat="67.138827" lon="18.334759">
				<ele>540.000000</ele>
			</trkpt>
			<trkpt lat="67.138939" lon="18.334562">
				<ele>540.000000</ele>
			</trkpt>
			<trkpt lat="67.139079" lon="18.334409">
				<ele>540.000000</ele>
			</trkpt>
			<trkpt lat="67.139229" lon="18.334309">
				<ele>540.000000</ele>
			</trkpt>
			<trkpt lat="67.139637" lon="18.333573">
				<ele>541.000000</ele>
			</trkpt>
			<trkpt lat="67.139804" lon="18.333061">
				<ele>541.000000</ele>
			</trkpt>
			<trkpt lat="67.140168" lon="18.332478">
				<ele>542.000000</ele>
			</trkpt>
			<trkpt lat="67.140380" lon="18.332181">
				<ele>542.000000</ele>
			</trkpt>
			<trkpt lat="67.140607" lon="18.331786">
				<ele>542.000000</ele>
			</trkpt>
			<trkpt lat="67.140942" lon="18.330914">
				<ele>543.000000</ele>
			</trkpt>
			<trkpt lat="67.141116" lon="18.330312">
				<ele>543.000000</ele>
			</trkpt>
			<trkpt lat="67.141301" lon="18.330078">
				<ele>544.000000</ele>
			</trkpt>
			<trkpt lat="67.141525" lon="18.329575">
				<ele>544.000000</ele>
			</trkpt>
			<trkpt lat="67.141678" lon="18.329109">
				<ele>544.000000</ele>
			</trkpt>
			<trkpt lat="67.141790" lon="18.328893">
				<ele>544.000000</ele>
			</trkpt>
			<trkpt lat="67.142136" lon="18.327671">
				<ele>545.000000</ele>
			</trkpt>
			<trkpt lat="67.142893" lon="18.325650">
				<ele>547.000000</ele>
			</trkpt>
			<trkpt lat="67.143235" lon="18.324985">
				<ele>547.000000</ele>
			</trkpt>
			<trkpt lat="67.143496" lon="18.324499">
				<ele>548.000000</ele>
			</trkpt>
			<trkpt lat="67.143583" lon="18.324222">
				<ele>548.000000</ele>
			</trkpt>
			<trkpt lat="67.143650" lon="18.323727">
				<ele>548.000000</ele>
			</trkpt>
			<trkpt lat="67.143824" lon="18.323413">
				<ele>548.000000</ele>
			</trkpt>
			<trkpt lat="67.143960" lon="18.323071">
				<ele>549.000000</ele>
			</trkpt>
			<trkpt lat="67.144278" lon="18.322362">
				<ele>549.000000</ele>
			</trkpt>
			<trkpt lat="67.144418" lon="18.321958">
				<ele>550.000000</ele>
			</trkpt>
			<trkpt lat="67.144546" lon="18.321491">
				<ele>550.000000</ele>
			</trkpt>
			<trkpt lat="67.144679" lon="18.321239">
				<ele>550.000000</ele>
			</trkpt>
			<trkpt lat="67.144711" lon="18.320717">
				<ele>550.000000</ele>
			</trkpt>
			<trkpt lat="67.144826" lon="18.320017">
				<ele>549.000000</ele>
			</trkpt>
			<trkpt lat="67.144948" lon="18.319065">
				<ele>548.000000</ele>
			</trkpt>
			<trkpt lat="67.145059" lon="18.318356">
				<ele>548.000000</ele>
			</trkpt>
			<trkpt lat="67.145132" lon="18.317367">
				<ele>547.000000</ele>
			</trkpt>
			<trkpt lat="67.145175" lon="18.316891">
				<ele>547.000000</ele>
			</trkpt>
			<trkpt lat="67.145300" lon="18.316002">
				<ele>546.000000</ele>
			</trkpt>
			<trkpt lat="67.145346" lon="18.315266">
				<ele>545.000000</ele>
			</trkpt>
			<trkpt lat="67.145471" lon="18.314555">
				<ele>545.000000</ele>
			</trkpt>
			<trkpt lat="67.145639" lon="18.313639">
				<ele>544.000000</ele>
			</trkpt>
			<trkpt lat="67.145781" lon="18.313010">
				<ele>543.000000</ele>
			</trkpt>
			<trkpt lat="67.145886" lon="18.312687">
				<ele>543.000000</ele>
			</trkpt>
			<trkpt lat="67.146019" lon="18.312409">
				<ele>543.000000</ele>
			</trkpt>
			<trkpt lat="67.146138" lon="18.312175">
				<ele>542.000000</ele>
			</trkpt>
			<trkpt lat="67.146260" lon="18.311465">
				<ele>542.000000</ele>
			</trkpt>
			<trkpt lat="67.146364" lon="18.310675">
				<ele>541.000000</ele>
			</trkpt>
			<trkpt lat="67.146441" lon="18.310090">
				<ele>541.000000</ele>
			</trkpt>
			<trkpt lat="67.146490" lon="18.309624">
				<ele>540.000000</ele>
			</trkpt>
			<trkpt lat="67.146504" lon="18.309435">
				<ele>540.000000</ele>
			</trkpt>
			<trkpt lat="67.146514" lon="18.308995">
				<ele>540.000000</ele>
			</trkpt>
			<trkpt lat="67.146657" lon="18.308599">
				<ele>539.000000</ele>
			</trkpt>
			<trkpt lat="67.146762" lon="18.308285">
				<ele>539.000000</ele>
			</trkpt>
			<trkpt lat="67.146870" lon="18.307882">
				<ele>539.000000</ele>
			</trkpt>
			<trkpt lat="67.146909" lon="18.307675">
				<ele>539.000000</ele>
			</trkpt>
			<trkpt lat="67.146996" lon="18.307253">
				<ele>538.000000</ele>
			</trkpt>
			<trkpt lat="67.147024" lon="18.306848">
				<ele>538.000000</ele>
			</trkpt>
			<trkpt lat="67.147024" lon="18.306255">
				<ele>538.000000</ele>
			</trkpt>
			<trkpt lat="67.147097" lon="18.305788">
				<ele>537.000000</ele>
			</trkpt>
			<trkpt lat="67.147156" lon="18.305356">
				<ele>537.000000</ele>
			</trkpt>
			<trkpt lat="67.147251" lon="18.304611">
				<ele>536.000000</ele>
			</trkpt>
			<trkpt lat="67.147296" lon="18.304198">
				<ele>536.000000</ele>
			</trkpt>
			<trkpt lat="67.147292" lon="18.303848">
				<ele>536.000000</ele>
			</trkpt>
			<trkpt lat="67.147338" lon="18.303066">
				<ele>535.000000</ele>
			</trkpt>
			<trkpt lat="67.147442" lon="18.302356">
				<ele>535.000000</ele>
			</trkpt>
			<trkpt lat="67.147512" lon="18.302905">
				<ele>536.000000</ele>
			</trkpt>
			<trkpt lat="67.147561" lon="18.303327">
				<ele>537.000000</ele>
			</trkpt>
			<trkpt lat="67.147620" lon="18.303767">
				<ele>538.000000</ele>
			</trkpt>
			<trkpt lat="67.147718" lon="18.303983">
				<ele>538.000000</ele>
			</trkpt>
			<trkpt lat="67.147854" lon="18.304224">
				<ele>539.000000</ele>
			</trkpt>
			<trkpt lat="67.147955" lon="18.304593">
				<ele>540.000000</ele>
			</trkpt>
			<trkpt lat="67.148060" lon="18.304701">
				<ele>542.000000</ele>
			</trkpt>
			<trkpt lat="67.148283" lon="18.305079">
				<ele>546.000000</ele>
			</trkpt>
			<trkpt lat="67.148437" lon="18.305293">
				<ele>549.000000</ele>
			</trkpt>
			<trkpt lat="67.148489" lon="18.305509">
				<ele>550.000000</ele>
			</trkpt>
			<trkpt lat="67.148600" lon="18.305815">
				<ele>552.000000</ele>
			</trkpt>
			<trkpt lat="67.148611" lon="18.305851">
				<ele>552.000000</ele>
			</trkpt>
			<trkpt lat="67.148611" lon="18.305851">
				<ele>552.000000</ele>
			</trkpt>
			<trkpt lat="67.148716" lon="18.306264">
				<ele>556.000000</ele>
			</trkpt>
			<trkpt lat="67.148771" lon="18.306354">
				<ele>558.000000</ele>
			</trkpt>
			<trkpt lat="67.148834" lon="18.306480">
				<ele>559.000000</ele>
			</trkpt>
			<trkpt lat="67.148963" lon="18.306480">
				<ele>562.000000</ele>
			</trkpt>
			<trkpt lat="67.149085" lon="18.306695">
				<ele>565.000000</ele>
			</trkpt>
			<trkpt lat="67.149201" lon="18.306811">
				<ele>568.000000</ele>
			</trkpt>
			<trkpt lat="67.149609" lon="18.307270">
				<ele>578.000000</ele>
			</trkpt>
			<trkpt lat="67.150135" lon="18.307953">
				<ele>593.000000</ele>
			</trkpt>
			<trkpt lat="67.150593" lon="18.309264">
				<ele>610.000000</ele>
			</trkpt>
			<trkpt lat="67.150777" lon="18.310117">
				<ele>620.000000</ele>
			</trkpt>
			<trkpt lat="67.150868" lon="18.311106">
				<ele>629.000000</ele>
			</trkpt>
			<trkpt lat="67.150872" lon="18.312381">
				<ele>639.000000</ele>
			</trkpt>
			<trkpt lat="67.150962" lon="18.313190">
				<ele>647.000000</ele>
			</trkpt>
			<trkpt lat="67.151130" lon="18.314314">
				<ele>659.000000</ele>
			</trkpt>
			<trkpt lat="67.151122" lon="18.315633">
				<ele>670.000000</ele>
			</trkpt>
			<trkpt lat="67.151049" lon="18.317547">
				<ele>682.000000</ele>
			</trkpt>
			<trkpt lat="67.150994" lon="18.318427">
				<ele>688.000000</ele>
			</trkpt>
			<trkpt lat="67.151008" lon="18.318868">
				<ele>690.000000</ele>
			</trkpt>
			<trkpt lat="67.151189" lon="18.319541">
				<ele>698.000000</ele>
			</trkpt>
			<trkpt lat="67.151353" lon="18.320206">
				<ele>705.000000</ele>
			</trkpt>
			<trkpt lat="67.151454" lon="18.320853">
				<ele>712.000000</ele>
			</trkpt>
			<trkpt lat="67.151816" lon="18.321662">
				<ele>722.000000</ele>
			</trkpt>
			<trkpt lat="67.152214" lon="18.322325">
				<ele>733.000000</ele>
			</trkpt>
			<trkpt lat="67.152427" lon="18.322667">
				<ele>738.000000</ele>
			</trkpt>
			<trkpt lat="67.152717" lon="18.323071">
				<ele>745.000000</ele>
			</trkpt>
			<trkpt lat="67.152901" lon="18.323512">
				<ele>750.000000</ele>
			</trkpt>
			<trkpt lat="67.152985" lon="18.323916">
				<ele>754.000000</ele>
			</trkpt>
			<trkpt lat="67.153118" lon="18.324096">
				<ele>757.000000</ele>
			</trkpt>
			<trkpt lat="67.153310" lon="18.324375">
				<ele>761.000000</ele>
			</trkpt>
			<trkpt lat="67.153421" lon="18.324455">
				<ele>763.000000</ele>
			</trkpt>
			<trkpt lat="67.153554" lon="18.324742">
				<ele>766.000000</ele>
			</trkpt>
			<trkpt lat="67.153739" lon="18.324751">
				<ele>770.000000</ele>
			</trkpt>
			<trkpt lat="67.153874" lon="18.324904">
				<ele>772.000000</ele>
			</trkpt>
			<trkpt lat="67.154049" lon="18.323898">
				<ele>775.000000</ele>
			</trkpt>
			<trkpt lat="67.154192" lon="18.323556">
				<ele>776.000000</ele>
			</trkpt>
			<trkpt lat="67.154436" lon="18.322407">
				<ele>778.000000</ele>
			</trkpt>
			<trkpt lat="67.154562" lon="18.321598">
				<ele>780.000000</ele>
			</trkpt>
			<trkpt lat="67.154565" lon="18.321419">
				<ele>781.000000</ele>
			</trkpt>
			<trkpt lat="67.154666" lon="18.320987">
				<ele>782.000000</ele>
			</trkpt>
			<trkpt lat="67.154715" lon="18.320583">
				<ele>782.000000</ele>
			</trkpt>
			<trkpt lat="67.154823" lon="18.319990">
				<ele>784.000000</ele>
			</trkpt>
			<trkpt lat="67.155046" lon="18.318661">
				<ele>787.000000</ele>
			</trkpt>
			<trkpt lat="67.155232" lon="18.317385">
				<ele>789.000000</ele>
			</trkpt>
			<trkpt lat="67.155406" lon="18.316209">
				<ele>792.000000</ele>
			</trkpt>
			<trkpt lat="67.155500" lon="18.315553">
				<ele>793.000000</ele>
			</trkpt>
			<trkpt lat="67.155622" lon="18.314870">
				<ele>795.000000</ele>
			</trkpt>
			<trkpt lat="67.155734" lon="18.314107">
				<ele>796.000000</ele>
			</trkpt>
			<trkpt lat="67.155999" lon="18.313010">
				<ele>799.000000</ele>
			</trkpt>
			<trkpt lat="67.156176" lon="18.312507">
				<ele>800.000000</ele>
			</trkpt>
			<trkpt lat="67.156522" lon="18.312211">
				<ele>801.000000</ele>
			</trkpt>
			<trkpt lat="67.156623" lon="18.310756">
				<ele>803.000000</ele>
			</trkpt>
			<trkpt lat="67.156696" lon="18.310316">
				<ele>804.000000</ele>
			</trkpt>
			<trkpt lat="67.156926" lon="18.309723">
				<ele>805.000000</ele>
			</trkpt>
			<trkpt lat="67.157129" lon="18.308043">
				<ele>807.000000</ele>
			</trkpt>
			<trkpt lat="67.157519" lon="18.305761">
				<ele>810.000000</ele>
			</trkpt>
			<trkpt lat="67.157568" lon="18.305618">
				<ele>810.000000</ele>
			</trkpt>
			<trkpt lat="67.157794" lon="18.305618">
				<ele>810.000000</ele>
			</trkpt>
			<trkpt lat="67.157885" lon="18.304899">
				<ele>810.000000</ele>
			</trkpt>
			<trkpt lat="67.158032" lon="18.304333">
				<ele>810.000000</ele>
			</trkpt>
			<trkpt lat="67.158053" lon="18.302869">
				<ele>810.000000</ele>
			</trkpt>
			<trkpt lat="67.158119" lon="18.302356">
				<ele>810.000000</ele>
			</trkpt>
			<trkpt lat="67.158073" lon="18.301953">
				<ele>810.000000</ele>
			</trkpt>
			<trkpt lat="67.158136" lon="18.300821">
				<ele>810.000000</ele>
			</trkpt>
			<trkpt lat="67.158307" lon="18.300371">
				<ele>810.000000</ele>
			</trkpt>
			<trkpt lat="67.158422" lon="18.299383">
				<ele>810.000000</ele>
			</trkpt>
			<trkpt lat="67.158593" lon="18.298655">
				<ele>810.000000</ele>
			</trkpt>
			<trkpt lat="67.158610" lon="18.298215">
				<ele>810.000000</ele>
			</trkpt>
			<trkpt lat="67.158740" lon="18.297640">
				<ele>810.000000</ele>
			</trkpt>
			<trkpt lat="67.158753" lon="18.297290">
				<ele>810.000000</ele>
			</trkpt>
			<trkpt lat="67.159102" lon="18.296050">
				<ele>810.000000</ele>
			</trkpt>
			<trkpt lat="67.159102" lon="18.295817">
				<ele>810.000000</ele>
			</trkpt>
			<trkpt lat="67.159280" lon="18.295161">
				<ele>812.000000</ele>
			</trkpt>
			<trkpt lat="67.159360" lon="18.295053">
				<ele>812.000000</ele>
			</trkpt>
			<trkpt lat="67.159493" lon="18.294703">
				<ele>814.000000</ele>
			</trkpt>
			<trkpt lat="67.159664" lon="18.293777">
				<ele>817.000000</ele>
			</trkpt>
			<trkpt lat="67.160051" lon="18.292637">
				<ele>823.000000</ele>
			</trkpt>
			<trkpt lat="67.160225" lon="18.291990">
				<ele>827.000000</ele>
			</trkpt>
			<trkpt lat="67.160382" lon="18.291729">
				<ele>829.000000</ele>
			</trkpt>
			<trkpt lat="67.160595" lon="18.290867">
				<ele>833.000000</ele>
			</trkpt>
			<trkpt lat="67.160678" lon="18.290642">
				<ele>834.000000</ele>
			</trkpt>
			<trkpt lat="67.160832" lon="18.289879">
				<ele>837.000000</ele>
			</trkpt>
			<trkpt lat="67.160912" lon="18.289358">
				<ele>839.000000</ele>
			</trkpt>
			<trkpt lat="67.161222" lon="18.288397">
				<ele>847.000000</ele>
			</trkpt>
			<trkpt lat="67.161578" lon="18.287202">
				<ele>854.000000</ele>
			</trkpt>
			<trkpt lat="67.161696" lon="18.286519">
				<ele>857.000000</ele>
			</trkpt>
			<trkpt lat="67.161954" lon="18.285900">
				<ele>860.000000</ele>
			</trkpt>
			<trkpt lat="67.162627" lon="18.283070">
				<ele>870.000000</ele>
			</trkpt>
			<trkpt lat="67.162934" lon="18.282072">
				<ele>877.000000</ele>
			</trkpt>
			<trkpt lat="67.162906" lon="18.281668">
				<ele>879.000000</ele>
			</trkpt>
			<trkpt lat="67.163045" lon="18.280779">
				<ele>888.000000</ele>
			</trkpt>
			<trkpt lat="67.163102" lon="18.280743">
				<ele>889.000000</ele>
			</trkpt>
			<trkpt lat="67.163147" lon="18.280636">
				<ele>890.000000</ele>
			</trkpt>
			<trkpt lat="67.163147" lon="18.280401">
				<ele>891.000000</ele>
			</trkpt>
			<trkpt lat="67.163105" lon="18.279558">
				<ele>895.000000</ele>
			</trkpt>
			<trkpt lat="67.163133" lon="18.278973">
				<ele>897.000000</ele>
			</trkpt>
			<trkpt lat="67.163172" lon="18.278883">
				<ele>898.000000</ele>
			</trkpt>
			<trkpt lat="67.163185" lon="18.278749">
				<ele>898.000000</ele>
			</trkpt>
			<trkpt lat="67.163224" lon="18.278695">
				<ele>899.000000</ele>
			</trkpt>
			<trkpt lat="67.163248" lon="18.278560">
				<ele>900.000000</ele>
			</trkpt>
			<trkpt lat="67.163294" lon="18.278497">
				<ele>900.000000</ele>
			</trkpt>
			<trkpt lat="67.163321" lon="18.278443">
				<ele>901.000000</ele>
			</trkpt>
			<trkpt lat="67.163328" lon="18.278282">
				<ele>902.000000</ele>
			</trkpt>
			<trkpt lat="67.163405" lon="18.278200">
				<ele>903.000000</ele>
			</trkpt>
			<trkpt lat="67.163446" lon="18.278066">
				<ele>904.000000</ele>
			</trkpt>
			<trkpt lat="67.163541" lon="18.277904">
				<ele>906.000000</ele>
			</trkpt>
			<trkpt lat="67.163593" lon="18.277707">
				<ele>908.000000</ele>
			</trkpt>
			<trkpt lat="67.163847" lon="18.277015">
				<ele>914.000000</ele>
			</trkpt>
			<trkpt lat="67.163921" lon="18.276728">
				<ele>916.000000</ele>
			</trkpt>
			<trkpt lat="67.163987" lon="18.276592">
				<ele>918.000000</ele>
			</trkpt>
			<trkpt lat="67.164088" lon="18.276439">
				<ele>920.000000</ele>
			</trkpt>
			<trkpt lat="67.164151" lon="18.276368">
				<ele>921.000000</ele>
			</trkpt>
			<trkpt lat="67.164130" lon="18.276126">
				<ele>922.000000</ele>
			</trkpt>
			<trkpt lat="67.164179" lon="18.275533">
				<ele>926.000000</ele>
			</trkpt>
			<trkpt lat="67.164496" lon="18.274984">
				<ele>932.000000</ele>
			</trkpt>
			<trkpt lat="67.164538" lon="18.274724">
				<ele>934.000000</ele>
			</trkpt>
			<trkpt lat="67.164653" lon="18.274428">
				<ele>937.000000</ele>
			</trkpt>
			<trkpt lat="67.164712" lon="18.274059">
				<ele>939.000000</ele>
			</trkpt>
			<trkpt lat="67.164810" lon="18.273835">
				<ele>942.000000</ele>
			</trkpt>
			<trkpt lat="67.165368" lon="18.271652">
				<ele>969.000000</ele>
			</trkpt>
			<trkpt lat="67.165521" lon="18.271428">
				<ele>973.000000</ele>
			</trkpt>
			<trkpt lat="67.165601" lon="18.269298">
				<ele>990.000000</ele>
			</trkpt>
			<trkpt lat="67.165848" lon="18.266990">
				<ele>1009.000000</ele>
			</trkpt>
			<trkpt lat="67.165953" lon="18.264690">
				<ele>1011.000000</ele>
			</trkpt>
			<trkpt lat="67.166086" lon="18.264170">
				<ele>1012.000000</ele>
			</trkpt>
			<trkpt lat="67.166225" lon="18.262965">
				<ele>1015.000000</ele>
			</trkpt>
			<trkpt lat="67.166595" lon="18.262076">
				<ele>1017.000000</ele>
			</trkpt>
			<trkpt lat="67.166738" lon="18.261402">
				<ele>1018.000000</ele>
			</trkpt>
			<trkpt lat="67.166915" lon="18.260891">
				<ele>1019.000000</ele>
			</trkpt>
			<trkpt lat="67.167588" lon="18.258851">
				<ele>1028.000000</ele>
			</trkpt>
			<trkpt lat="67.167654" lon="18.258428">
				<ele>1030.000000</ele>
			</trkpt>
			<trkpt lat="67.167871" lon="18.256327">
				<ele>1038.000000</ele>
			</trkpt>
			<trkpt lat="67.167993" lon="18.255428">
				<ele>1042.000000</ele>
			</trkpt>
			<trkpt lat="67.168017" lon="18.253830">
				<ele>1050.000000</ele>
			</trkpt>
			<trkpt lat="67.168048" lon="18.253560">
				<ele>1054.000000</ele>
			</trkpt>
			<trkpt lat="67.168097" lon="18.253507">
				<ele>1055.000000</ele>
			</trkpt>
			<trkpt lat="67.168104" lon="18.252778">
				<ele>1059.000000</ele>
			</trkpt>
			<trkpt lat="67.168093" lon="18.251547">
				<ele>1065.000000</ele>
			</trkpt>
			<trkpt lat="67.168062" lon="18.251260">
				<ele>1067.000000</ele>
			</trkpt>
			<trkpt lat="67.168097" lon="18.250641">
				<ele>1070.000000</ele>
			</trkpt>
			<trkpt lat="67.168250" lon="18.249966">
				<ele>1074.000000</ele>
			</trkpt>
			<trkpt lat="67.168275" lon="18.249670">
				<ele>1076.000000</ele>
			</trkpt>
			<trkpt lat="67.168334" lon="18.249518">
				<ele>1078.000000</ele>
			</trkpt>
			<trkpt lat="67.168557" lon="18.249194">
				<ele>1081.000000</ele>
			</trkpt>
			<trkpt lat="67.168665" lon="18.247775">
				<ele>1088.000000</ele>
			</trkpt>
			<trkpt lat="67.168645" lon="18.247325">
				<ele>1090.000000</ele>
			</trkpt>
			<trkpt lat="67.168787" lon="18.246985">
				<ele>1092.000000</ele>
			</trkpt>
			<trkpt lat="67.169306" lon="18.243714">
				<ele>1100.000000</ele>
			</trkpt>
			<trkpt lat="67.169568" lon="18.242098">
				<ele>1100.000000</ele>
			</trkpt>
			<trkpt lat="67.169840" lon="18.240857">
				<ele>1100.000000</ele>
			</trkpt>
			<trkpt lat="67.170021" lon="18.239645">
				<ele>1098.000000</ele>
			</trkpt>
			<trkpt lat="67.170318" lon="18.237794">
				<ele>1094.000000</ele>
			</trkpt>
			<trkpt lat="67.170586" lon="18.235827">
				<ele>1090.000000</ele>
			</trkpt>
			<trkpt lat="67.170673" lon="18.234920">
				<ele>1088.000000</ele>
			</trkpt>
			<trkpt lat="67.170732" lon="18.234668">
				<ele>1088.000000</ele>
			</trkpt>
			<trkpt lat="67.170774" lon="18.233698">
				<ele>1087.000000</ele>
			</trkpt>
			<trkpt lat="67.171283" lon="18.231704">
				<ele>1084.000000</ele>
			</trkpt>
			<trkpt lat="67.171621" lon="18.229863">
				<ele>1081.000000</ele>
			</trkpt>
			<trkpt lat="67.171454" lon="18.228443">
				<ele>1079.000000</ele>
			</trkpt>
			<trkpt lat="67.171732" lon="18.227140">
				<ele>1076.000000</ele>
			</trkpt>
			<trkpt lat="67.172164" lon="18.225946">
				<ele>1072.000000</ele>
			</trkpt>
			<trkpt lat="67.172398" lon="18.224922">
				<ele>1069.000000</ele>
			</trkpt>
			<trkpt lat="67.172757" lon="18.223861">
				<ele>1065.000000</ele>
			</trkpt>
			<trkpt lat="67.173176" lon="18.221095">
				<ele>1059.000000</ele>
			</trkpt>
			<trkpt lat="67.173593" lon="18.219244">
				<ele>1058.000000</ele>
			</trkpt>
			<trkpt lat="67.173395" lon="18.217196">
				<ele>1056.000000</ele>
			</trkpt>
			<trkpt lat="67.173151" lon="18.216603">
				<ele>1056.000000</ele>
			</trkpt>
			<trkpt lat="67.172750" lon="18.215013">
				<ele>1054.000000</ele>
			</trkpt>
			<trkpt lat="67.172349" lon="18.213495">
				<ele>1053.000000</ele>
			</trkpt>
			<trkpt lat="67.172133" lon="18.212956">
				<ele>1050.000000</ele>
			</trkpt>
			<trkpt lat="67.171938" lon="18.211150">
				<ele>1050.000000</ele>
			</trkpt>
			<trkpt lat="67.171691" lon="18.210988">
				<ele>1051.000000</ele>
			</trkpt>
			<trkpt lat="67.171307" lon="18.211016">
				<ele>1055.000000</ele>
			</trkpt>
			<trkpt lat="67.171081" lon="18.210774">
				<ele>1057.000000</ele>
			</trkpt>
			<trkpt lat="67.170812" lon="18.210575">
				<ele>1060.000000</ele>
			</trkpt>
			<trkpt lat="67.170662" lon="18.210118">
				<ele>1063.000000</ele>
			</trkpt>
			<trkpt lat="67.170279" lon="18.210036">
				<ele>1069.000000</ele>
			</trkpt>
			<trkpt lat="67.170147" lon="18.209856">
				<ele>1071.000000</ele>
			</trkpt>
			<trkpt lat="67.169941" lon="18.209785">
				<ele>1077.000000</ele>
			</trkpt>
			<trkpt lat="67.169833" lon="18.209848">
				<ele>1080.000000</ele>
			</trkpt>
			<trkpt lat="67.169701" lon="18.209650">
				<ele>1084.000000</ele>
			</trkpt>
			<trkpt lat="67.169414" lon="18.210135">
				<ele>1092.000000</ele>
			</trkpt>
			<trkpt lat="67.168989" lon="18.210279">
				<ele>1100.000000</ele>
			</trkpt>
			<trkpt lat="67.168445" lon="18.210414">
				<ele>1111.000000</ele>
			</trkpt>
			<trkpt lat="67.168345" lon="18.210019">
				<ele>1116.000000</ele>
			</trkpt>
			<trkpt lat="67.168293" lon="18.209498">
				<ele>1122.000000</ele>
			</trkpt>
			<trkpt lat="67.168177" lon="18.209533">
				<ele>1124.000000</ele>
			</trkpt>
			<trkpt lat="67.167912" lon="18.209416">
				<ele>1129.000000</ele>
			</trkpt>
			<trkpt lat="67.167797" lon="18.209156">
				<ele>1132.000000</ele>
			</trkpt>
			<trkpt lat="67.167557" lon="18.209156">
				<ele>1136.000000</ele>
			</trkpt>
			<trkpt lat="67.167334" lon="18.209632">
				<ele>1141.000000</ele>
			</trkpt>
			<trkpt lat="67.167212" lon="18.210099">
				<ele>1144.000000</ele>
			</trkpt>
			<trkpt lat="67.166940" lon="18.209974">
				<ele>1148.000000</ele>
			</trkpt>
			<trkpt lat="67.166522" lon="18.209255">
				<ele>1160.000000</ele>
			</trkpt>
			<trkpt lat="67.165891" lon="18.208887">
				<ele>1072.000000</ele>
			</trkpt>
			<trkpt lat="67.165891" lon="18.208887">
				<ele>1072.000000</ele>
			</trkpt>
			<trkpt lat="67.166522" lon="18.209255">
				<ele>1160.000000</ele>
			</trkpt>
			<trkpt lat="67.166940" lon="18.209974">
				<ele>1148.000000</ele>
			</trkpt>
			<trkpt lat="67.167212" lon="18.210099">
				<ele>1144.000000</ele>
			</trkpt>
			<trkpt lat="67.167334" lon="18.209632">
				<ele>1141.000000</ele>
			</trkpt>
			<trkpt lat="67.167557" lon="18.209156">
				<ele>1136.000000</ele>
			</trkpt>
			<trkpt lat="67.167797" lon="18.209156">
				<ele>1132.000000</ele>
			</trkpt>
			<trkpt lat="67.167912" lon="18.209416">
				<ele>1129.000000</ele>
			</trkpt>
			<trkpt lat="67.168177" lon="18.209533">
				<ele>1124.000000</ele>
			</trkpt>
			<trkpt lat="67.168293" lon="18.209498">
				<ele>1122.000000</ele>
			</trkpt>
			<trkpt lat="67.168345" lon="18.210019">
				<ele>1116.000000</ele>
			</trkpt>
			<trkpt lat="67.168445" lon="18.210414">
				<ele>1111.000000</ele>
			</trkpt>
			<trkpt lat="67.168989" lon="18.210279">
				<ele>1100.000000</ele>
			</trkpt>
			<trkpt lat="67.169414" lon="18.210135">
				<ele>1092.000000</ele>
			</trkpt>
			<trkpt lat="67.169701" lon="18.209650">
				<ele>1084.000000</ele>
			</trkpt>
			<trkpt lat="67.169833" lon="18.209848">
				<ele>1080.000000</ele>
			</trkpt>
			<trkpt lat="67.169941" lon="18.209785">
				<ele>1077.000000</ele>
			</trkpt>
			<trkpt lat="67.170147" lon="18.209856">
				<ele>1071.000000</ele>
			</trkpt>
			<trkpt lat="67.170279" lon="18.210036">
				<ele>1069.000000</ele>
			</trkpt>
			<trkpt lat="67.170662" lon="18.210118">
				<ele>1063.000000</ele>
			</trkpt>
			<trkpt lat="67.170812" lon="18.210575">
				<ele>1060.000000</ele>
			</trkpt>
			<trkpt lat="67.171081" lon="18.210774">
				<ele>1057.000000</ele>
			</trkpt>
			<trkpt lat="67.171307" lon="18.211016">
				<ele>1055.000000</ele>
			</trkpt>
			<trkpt lat="67.171691" lon="18.210988">
				<ele>1051.000000</ele>
			</trkpt>
			<trkpt lat="67.171938" lon="18.211150">
				<ele>1050.000000</ele>
			</trkpt>
			<trkpt lat="67.172133" lon="18.212956">
				<ele>1050.000000</ele>
			</trkpt>
			<trkpt lat="67.172349" lon="18.213495">
				<ele>1053.000000</ele>
			</trkpt>
			<trkpt lat="67.172750" lon="18.215013">
				<ele>1054.000000</ele>
			</trkpt>
			<trkpt lat="67.173151" lon="18.216603">
				<ele>1056.000000</ele>
			</trkpt>
			<trkpt lat="67.173395" lon="18.217196">
				<ele>1056.000000</ele>
			</trkpt>
			<trkpt lat="67.173593" lon="18.219244">
				<ele>1058.000000</ele>
			</trkpt>
			<trkpt lat="67.173176" lon="18.221095">
				<ele>1059.000000</ele>
			</trkpt>
			<trkpt lat="67.172757" lon="18.223861">
				<ele>1065.000000</ele>
			</trkpt>
			<trkpt lat="67.172398" lon="18.224922">
				<ele>1069.000000</ele>
			</trkpt>
			<trkpt lat="67.172164" lon="18.225946">
				<ele>1072.000000</ele>
			</trkpt>
			<trkpt lat="67.171732" lon="18.227140">
				<ele>1076.000000</ele>
			</trkpt>
			<trkpt lat="67.171454" lon="18.228443">
				<ele>1079.000000</ele>
			</trkpt>
			<trkpt lat="67.171621" lon="18.229863">
				<ele>1081.000000</ele>
			</trkpt>
			<trkpt lat="67.171283" lon="18.231704">
				<ele>1084.000000</ele>
			</trkpt>
			<trkpt lat="67.170774" lon="18.233698">
				<ele>1087.000000</ele>
			</trkpt>
			<trkpt lat="67.170732" lon="18.234668">
				<ele>1088.000000</ele>
			</trkpt>
			<trkpt lat="67.170673" lon="18.234920">
				<ele>1088.000000</ele>
			</trkpt>
			<trkpt lat="67.170586" lon="18.235827">
				<ele>1090.000000</ele>
			</trkpt>
			<trkpt lat="67.170318" lon="18.237794">
				<ele>1094.000000</ele>
			</trkpt>
			<trkpt lat="67.170021" lon="18.239645">
				<ele>1098.000000</ele>
			</trkpt>
			<trkpt lat="67.169840" lon="18.240857">
				<ele>1100.000000</ele>
			</trkpt>
			<trkpt lat="67.169568" lon="18.242098">
				<ele>1100.000000</ele>
			</trkpt>
			<trkpt lat="67.169306" lon="18.243714">
				<ele>1100.000000</ele>
			</trkpt>
			<trkpt lat="67.168787" lon="18.246985">
				<ele>1092.000000</ele>
			</trkpt>
			<trkpt lat="67.168645" lon="18.247325">
				<ele>1090.000000</ele>
			</trkpt>
			<trkpt lat="67.168665" lon="18.247775">
				<ele>1088.000000</ele>
			</trkpt>
			<trkpt lat="67.168557" lon="18.249194">
				<ele>1081.000000</ele>
			</trkpt>
			<trkpt lat="67.168334" lon="18.249518">
				<ele>1078.000000</ele>
			</trkpt>
			<trkpt lat="67.168275" lon="18.249670">
				<ele>1076.000000</ele>
			</trkpt>
			<trkpt lat="67.168250" lon="18.249966">
				<ele>1074.000000</ele>
			</trkpt>
			<trkpt lat="67.168097" lon="18.250641">
				<ele>1070.000000</ele>
			</trkpt>
			<trkpt lat="67.168062" lon="18.251260">
				<ele>1067.000000</ele>
			</trkpt>
			<trkpt lat="67.168093" lon="18.251547">
				<ele>1065.000000</ele>
			</trkpt>
			<trkpt lat="67.168104" lon="18.252778">
				<ele>1059.000000</ele>
			</trkpt>
			<trkpt lat="67.168097" lon="18.253507">
				<ele>1055.000000</ele>
			</trkpt>
			<trkpt lat="67.168048" lon="18.253560">
				<ele>1054.000000</ele>
			</trkpt>
			<trkpt lat="67.168017" lon="18.253830">
				<ele>1050.000000</ele>
			</trkpt>
			<trkpt lat="67.167993" lon="18.255428">
				<ele>1042.000000</ele>
			</trkpt>
			<trkpt lat="67.167871" lon="18.256327">
				<ele>1038.000000</ele>
			</trkpt>
			<trkpt lat="67.167654" lon="18.258428">
				<ele>1030.000000</ele>
			</trkpt>
			<trkpt lat="67.167588" lon="18.258851">
				<ele>1028.000000</ele>
			</trkpt>
			<trkpt lat="67.166915" lon="18.260891">
				<ele>1019.000000</ele>
			</trkpt>
			<trkpt lat="67.166738" lon="18.261402">
				<ele>1018.000000</ele>
			</trkpt>
			<trkpt lat="67.166595" lon="18.262076">
				<ele>1017.000000</ele>
			</trkpt>
			<trkpt lat="67.166225" lon="18.262965">
				<ele>1015.000000</ele>
			</trkpt>
			<trkpt lat="67.166086" lon="18.264170">
				<ele>1012.000000</ele>
			</trkpt>
			<trkpt lat="67.165953" lon="18.264690">
				<ele>1011.000000</ele>
			</trkpt>
			<trkpt lat="67.165848" lon="18.266990">
				<ele>1009.000000</ele>
			</trkpt>
			<trkpt lat="67.165601" lon="18.269298">
				<ele>990.000000</ele>
			</trkpt>
			<trkpt lat="67.165521" lon="18.271428">
				<ele>973.000000</ele>
			</trkpt>
			<trkpt lat="67.165368" lon="18.271652">
				<ele>969.000000</ele>
			</trkpt>
			<trkpt lat="67.164810" lon="18.273835">
				<ele>942.000000</ele>
			</trkpt>
			<trkpt lat="67.164712" lon="18.274059">
				<ele>939.000000</ele>
			</trkpt>
			<trkpt lat="67.164653" lon="18.274428">
				<ele>937.000000</ele>
			</trkpt>
			<trkpt lat="67.164538" lon="18.274724">
				<ele>934.000000</ele>
			</trkpt>
			<trkpt lat="67.164496" lon="18.274984">
				<ele>932.000000</ele>
			</trkpt>
			<trkpt lat="67.164179" lon="18.275533">
				<ele>926.000000</ele>
			</trkpt>
			<trkpt lat="67.164130" lon="18.276126">
				<ele>922.000000</ele>
			</trkpt>
			<trkpt lat="67.164151" lon="18.276368">
				<ele>921.000000</ele>
			</trkpt>
			<trkpt lat="67.164088" lon="18.276439">
				<ele>920.000000</ele>
			</trkpt>
			<trkpt lat="67.163987" lon="18.276592">
				<ele>918.000000</ele>
			</trkpt>
			<trkpt lat="67.163921" lon="18.276728">
				<ele>916.000000</ele>
			</trkpt>
			<trkpt lat="67.163847" lon="18.277015">
				<ele>914.000000</ele>
			</trkpt>
			<trkpt lat="67.163593" lon="18.277707">
				<ele>908.000000</ele>
			</trkpt>
			<trkpt lat="67.163541" lon="18.277904">
				<ele>906.000000</ele>
			</trkpt>
			<trkpt lat="67.163446" lon="18.278066">
				<ele>904.000000</ele>
			</trkpt>
			<trkpt lat="67.163405" lon="18.278200">
				<ele>903.000000</ele>
			</trkpt>
			<trkpt lat="67.163328" lon="18.278282">
				<ele>902.000000</ele>
			</trkpt>
			<trkpt lat="67.163321" lon="18.278443">
				<ele>901.000000</ele>
			</trkpt>
			<trkpt lat="67.163294" lon="18.278497">
				<ele>900.000000</ele>
			</trkpt>
			<trkpt lat="67.163248" lon="18.278560">
				<ele>900.000000</ele>
			</trkpt>
			<trkpt lat="67.163224" lon="18.278695">
				<ele>899.000000</ele>
			</trkpt>
			<trkpt lat="67.163185" lon="18.278749">
				<ele>898.000000</ele>
			</trkpt>
			<trkpt lat="67.163172" lon="18.278883">
				<ele>898.000000</ele>
			</trkpt>
			<trkpt lat="67.163133" lon="18.278973">
				<ele>897.000000</ele>
			</trkpt>
			<trkpt lat="67.163105" lon="18.279558">
				<ele>895.000000</ele>
			</trkpt>
			<trkpt lat="67.163147" lon="18.280401">
				<ele>891.000000</ele>
			</trkpt>
			<trkpt lat="67.163147" lon="18.280636">
				<ele>890.000000</ele>
			</trkpt>
			<trkpt lat="67.163102" lon="18.280743">
				<ele>889.000000</ele>
			</trkpt>
			<trkpt lat="67.163045" lon="18.280779">
				<ele>888.000000</ele>
			</trkpt>
			<trkpt lat="67.162906" lon="18.281668">
				<ele>879.000000</ele>
			</trkpt>
			<trkpt lat="67.162934" lon="18.282072">
				<ele>877.000000</ele>
			</trkpt>
			<trkpt lat="67.162627" lon="18.283070">
				<ele>870.000000</ele>
			</trkpt>
			<trkpt lat="67.161954" lon="18.285900">
				<ele>860.000000</ele>
			</trkpt>
			<trkpt lat="67.161696" lon="18.286519">
				<ele>857.000000</ele>
			</trkpt>
			<trkpt lat="67.161578" lon="18.287202">
				<ele>854.000000</ele>
			</trkpt>
			<trkpt lat="67.161222" lon="18.288397">
				<ele>847.000000</ele>
			</trkpt>
			<trkpt lat="67.160912" lon="18.289358">
				<ele>839.000000</ele>
			</trkpt>
			<trkpt lat="67.160832" lon="18.289879">
				<ele>837.000000</ele>
			</trkpt>
			<trkpt lat="67.160678" lon="18.290642">
				<ele>834.000000</ele>
			</trkpt>
			<trkpt lat="67.160595" lon="18.290867">
				<ele>833.000000</ele>
			</trkpt>
			<trkpt lat="67.160382" lon="18.291729">
				<ele>829.000000</ele>
			</trkpt>
			<trkpt lat="67.160225" lon="18.291990">
				<ele>827.000000</ele>
			</trkpt>
			<trkpt lat="67.160051" lon="18.292637">
				<ele>823.000000</ele>
			</trkpt>
			<trkpt lat="67.159664" lon="18.293777">
				<ele>817.000000</ele>
			</trkpt>
			<trkpt lat="67.159493" lon="18.294703">
				<ele>814.000000</ele>
			</trkpt>
			<trkpt lat="67.159360" lon="18.295053">
				<ele>812.000000</ele>
			</trkpt>
			<trkpt lat="67.159280" lon="18.295161">
				<ele>812.000000</ele>
			</trkpt>
			<trkpt lat="67.159102" lon="18.295817">
				<ele>810.000000</ele>
			</trkpt>
			<trkpt lat="67.159102" lon="18.296050">
				<ele>810.000000</ele>
			</trkpt>
			<trkpt lat="67.158753" lon="18.297290">
				<ele>810.000000</ele>
			</trkpt>
			<trkpt lat="67.158740" lon="18.297640">
				<ele>810.000000</ele>
			</trkpt>
			<trkpt lat="67.158610" lon="18.298215">
				<ele>810.000000</ele>
			</trkpt>
			<trkpt lat="67.158593" lon="18.298655">
				<ele>810.000000</ele>
			</trkpt>
			<trkpt lat="67.158422" lon="18.299383">
				<ele>810.000000</ele>
			</trkpt>
			<trkpt lat="67.158307" lon="18.300371">
				<ele>810.000000</ele>
			</trkpt>
			<trkpt lat="67.158136" lon="18.300821">
				<ele>810.000000</ele>
			</trkpt>
			<trkpt lat="67.158073" lon="18.301953">
				<ele>810.000000</ele>
			</trkpt>
			<trkpt lat="67.158119" lon="18.302356">
				<ele>810.000000</ele>
			</trkpt>
			<trkpt lat="67.158053" lon="18.302869">
				<ele>810.000000</ele>
			</trkpt>
			<trkpt lat="67.158032" lon="18.304333">
				<ele>810.000000</ele>
			</trkpt>
			<trkpt lat="67.157885" lon="18.304899">
				<ele>810.000000</ele>
			</trkpt>
			<trkpt lat="67.157794" lon="18.305618">
				<ele>810.000000</ele>
			</trkpt>
			<trkpt lat="67.157568" lon="18.305618">
				<ele>810.000000</ele>
			</trkpt>
			<trkpt lat="67.157519" lon="18.305761">
				<ele>810.000000</ele>
			</trkpt>
			<trkpt lat="67.157129" lon="18.308043">
				<ele>807.000000</ele>
			</trkpt>
			<trkpt lat="67.156926" lon="18.309723">
				<ele>805.000000</ele>
			</trkpt>
			<trkpt lat="67.156696" lon="18.310316">
				<ele>804.000000</ele>
			</trkpt>
			<trkpt lat="67.156623" lon="18.310756">
				<ele>803.000000</ele>
			</trkpt>
			<trkpt lat="67.156522" lon="18.312211">
				<ele>801.000000</ele>
			</trkpt>
			<trkpt lat="67.156176" lon="18.312507">
				<ele>800.000000</ele>
			</trkpt>
			<trkpt lat="67.155999" lon="18.313010">
				<ele>799.000000</ele>
			</trkpt>
			<trkpt lat="67.155734" lon="18.314107">
				<ele>796.000000</ele>
			</trkpt>
			<trkpt lat="67.155622" lon="18.314870">
				<ele>795.000000</ele>
			</trkpt>
			<trkpt lat="67.155500" lon="18.315553">
				<ele>793.000000</ele>
			</trkpt>
			<trkpt lat="67.155406" lon="18.316209">
				<ele>792.000000</ele>
			</trkpt>
			<trkpt lat="67.155232" lon="18.317385">
				<ele>789.000000</ele>
			</trkpt>
			<trkpt lat="67.155046" lon="18.318661">
				<ele>787.000000</ele>
			</trkpt>
			<trkpt lat="67.154823" lon="18.319990">
				<ele>784.000000</ele>
			</trkpt>
			<trkpt lat="67.154715" lon="18.320583">
				<ele>782.000000</ele>
			</trkpt>
			<trkpt lat="67.154666" lon="18.320987">
				<ele>782.000000</ele>
			</trkpt>
			<trkpt lat="67.154565" lon="18.321419">
				<ele>781.000000</ele>
			</trkpt>
			<trkpt lat="67.154562" lon="18.321598">
				<ele>780.000000</ele>
			</trkpt>
			<trkpt lat="67.154436" lon="18.322407">
				<ele>778.000000</ele>
			</trkpt>
			<trkpt lat="67.154192" lon="18.323556">
				<ele>776.000000</ele>
			</trkpt>
			<trkpt lat="67.154049" lon="18.323898">
				<ele>775.000000</ele>
			</trkpt>
			<trkpt lat="67.153874" lon="18.324904">
				<ele>772.000000</ele>
			</trkpt>
			<trkpt lat="67.154091" lon="18.325138">
				<ele>776.000000</ele>
			</trkpt>
			<trkpt lat="67.154359" lon="18.325641">
				<ele>782.000000</ele>
			</trkpt>
			<trkpt lat="67.154411" lon="18.325983">
				<ele>784.000000</ele>
			</trkpt>
			<trkpt lat="67.154579" lon="18.326153">
				<ele>787.000000</ele>
			</trkpt>
			<trkpt lat="67.154666" lon="18.326377">
				<ele>789.000000</ele>
			</trkpt>
			<trkpt lat="67.154861" lon="18.326449">
				<ele>792.000000</ele>
			</trkpt>
			<trkpt lat="67.155217" lon="18.327059">
				<ele>798.000000</ele>
			</trkpt>
			<trkpt lat="67.155636" lon="18.327680">
				<ele>805.000000</ele>
			</trkpt>
			<trkpt lat="67.155887" lon="18.327824">
				<ele>808.000000</ele>
			</trkpt>
			<trkpt lat="67.156166" lon="18.328093">
				<ele>814.000000</ele>
			</trkpt>
			<trkpt lat="67.156344" lon="18.328371">
				<ele>818.000000</ele>
			</trkpt>
			<trkpt lat="67.156550" lon="18.328551">
				<ele>822.000000</ele>
			</trkpt>
			<trkpt lat="67.156951" lon="18.329252">
				<ele>831.000000</ele>
			</trkpt>
			<trkpt lat="67.157882" lon="18.330545">
				<ele>848.000000</ele>
			</trkpt>
			<trkpt lat="67.158314" lon="18.330753">
				<ele>855.000000</ele>
			</trkpt>
			<trkpt lat="67.158722" lon="18.331822">
				<ele>864.000000</ele>
			</trkpt>
			<trkpt lat="67.159040" lon="18.332567">
				<ele>870.000000</ele>
			</trkpt>
			<trkpt lat="67.159796" lon="18.333403">
				<ele>881.000000</ele>
			</trkpt>
			<trkpt lat="67.162533" lon="18.337229">
				<ele>913.000000</ele>
			</trkpt>
			<trkpt lat="67.163402" lon="18.338640">
				<ele>922.000000</ele>
			</trkpt>
			<trkpt lat="67.164256" lon="18.339583">
				<ele>928.000000</ele>
			</trkpt>
			<trkpt lat="67.165970" lon="18.341774">
				<ele>939.000000</ele>
			</trkpt>
			<trkpt lat="67.170021" lon="18.346904">
				<ele>960.000000</ele>
			</trkpt>
			<trkpt lat="67.171691" lon="18.349653">
				<ele>960.000000</ele>
			</trkpt>
			<trkpt lat="67.173311" lon="18.352689">
				<ele>957.000000</ele>
			</trkpt>
			<trkpt lat="67.175649" lon="18.356974">
				<ele>950.000000</ele>
			</trkpt>
			<trkpt lat="67.176636" lon="18.359697">
				<ele>945.000000</ele>
			</trkpt>
			<trkpt lat="67.177071" lon="18.361026">
				<ele>943.000000</ele>
			</trkpt>
			<trkpt lat="67.177649" lon="18.362167">
				<ele>940.000000</ele>
			</trkpt>
			<trkpt lat="67.179009" lon="18.363100">
				<ele>930.000000</ele>
			</trkpt>
			<trkpt lat="67.179423" lon="18.363244">
				<ele>924.000000</ele>
			</trkpt>
			<trkpt lat="67.180621" lon="18.366047">
				<ele>876.000000</ele>
			</trkpt>
			<trkpt lat="67.180918" lon="18.365634">
				<ele>865.000000</ele>
			</trkpt>
			<trkpt lat="67.181280" lon="18.367547">
				<ele>846.000000</ele>
			</trkpt>
			<trkpt lat="67.181764" lon="18.370916">
				<ele>828.000000</ele>
			</trkpt>
			<trkpt lat="67.181994" lon="18.372165">
				<ele>822.000000</ele>
			</trkpt>
			<trkpt lat="67.182360" lon="18.373207">
				<ele>812.000000</ele>
			</trkpt>
			<trkpt lat="67.183168" lon="18.375075">
				<ele>796.000000</ele>
			</trkpt>
			<trkpt lat="67.183917" lon="18.377348">
				<ele>782.000000</ele>
			</trkpt>
			<trkpt lat="67.184698" lon="18.379190">
				<ele>764.000000</ele>
			</trkpt>
			<trkpt lat="67.185101" lon="18.379962">
				<ele>758.000000</ele>
			</trkpt>
			<trkpt lat="67.185477" lon="18.380815">
				<ele>753.000000</ele>
			</trkpt>
			<trkpt lat="67.185676" lon="18.381813">
				<ele>748.000000</ele>
			</trkpt>
			<trkpt lat="67.185896" lon="18.382738">
				<ele>743.000000</ele>
			</trkpt>
			<trkpt lat="67.186530" lon="18.384319">
				<ele>733.000000</ele>
			</trkpt>
			<trkpt lat="67.187090" lon="18.386017">
				<ele>726.000000</ele>
			</trkpt>
			<trkpt lat="67.187344" lon="18.386897">
				<ele>723.000000</ele>
			</trkpt>
			<trkpt lat="67.187641" lon="18.387876">
				<ele>720.000000</ele>
			</trkpt>
			<trkpt lat="67.187947" lon="18.388729">
				<ele>715.000000</ele>
			</trkpt>
			<trkpt lat="67.188299" lon="18.389457">
				<ele>709.000000</ele>
			</trkpt>
			<trkpt lat="67.188849" lon="18.389987">
				<ele>703.000000</ele>
			</trkpt>
			<trkpt lat="67.189016" lon="18.390724">
				<ele>699.000000</ele>
			</trkpt>
			<trkpt lat="67.189058" lon="18.391281">
				<ele>697.000000</ele>
			</trkpt>
			<trkpt lat="67.189605" lon="18.392727">
				<ele>690.000000</ele>
			</trkpt>
			<trkpt lat="67.189800" lon="18.394111">
				<ele>684.000000</ele>
			</trkpt>
			<trkpt lat="67.191378" lon="18.398674">
				<ele>670.000000</ele>
			</trkpt>
			<trkpt lat="67.191457" lon="18.399248">
				<ele>669.000000</ele>
			</trkpt>
			<trkpt lat="67.191503" lon="18.399797">
				<ele>669.000000</ele>
			</trkpt>
			<trkpt lat="67.191538" lon="18.400470">
				<ele>668.000000</ele>
			</trkpt>
			<trkpt lat="67.191545" lon="18.400596">
				<ele>668.000000</ele>
			</trkpt>
			<trkpt lat="67.191576" lon="18.401000">
				<ele>668.000000</ele>
			</trkpt>
			<trkpt lat="67.191935" lon="18.402303">
				<ele>667.000000</ele>
			</trkpt>
			<trkpt lat="67.192116" lon="18.402788">
				<ele>666.000000</ele>
			</trkpt>
			<trkpt lat="67.192332" lon="18.403219">
				<ele>665.000000</ele>
			</trkpt>
			<trkpt lat="67.192826" lon="18.403669">
				<ele>664.000000</ele>
			</trkpt>
			<trkpt lat="67.193623" lon="18.404154">
				<ele>663.000000</ele>
			</trkpt>
			<trkpt lat="67.193773" lon="18.404485">
				<ele>662.000000</ele>
			</trkpt>
			<trkpt lat="67.193951" lon="18.404558">
				<ele>662.000000</ele>
			</trkpt>
			<trkpt lat="67.194278" lon="18.404747">
				<ele>661.000000</ele>
			</trkpt>
			<trkpt lat="67.194549" lon="18.404980">
				<ele>660.000000</ele>
			</trkpt>
			<trkpt lat="67.194856" lon="18.405438">
				<ele>660.000000</ele>
			</trkpt>
			<trkpt lat="67.195187" lon="18.405780">
				<ele>659.000000</ele>
			</trkpt>
			<trkpt lat="67.195274" lon="18.405816">
				<ele>659.000000</ele>
			</trkpt>
			<trkpt lat="67.195361" lon="18.405797">
				<ele>659.000000</ele>
			</trkpt>
			<trkpt lat="67.195730" lon="18.406193">
				<ele>658.000000</ele>
			</trkpt>
			<trkpt lat="67.195967" lon="18.406409">
				<ele>657.000000</ele>
			</trkpt>
			<trkpt lat="67.195994" lon="18.406535">
				<ele>657.000000</ele>
			</trkpt>
			<trkpt lat="67.196067" lon="18.406866">
				<ele>657.000000</ele>
			</trkpt>
			<trkpt lat="67.196221" lon="18.407307">
				<ele>657.000000</ele>
			</trkpt>
			<trkpt lat="67.196332" lon="18.407504">
				<ele>656.000000</ele>
			</trkpt>
			<trkpt lat="67.196426" lon="18.407487">
				<ele>656.000000</ele>
			</trkpt>
			<trkpt lat="67.197109" lon="18.408690">
				<ele>655.000000</ele>
			</trkpt>
			<trkpt lat="67.197293" lon="18.408843">
				<ele>654.000000</ele>
			</trkpt>
			<trkpt lat="67.197460" lon="18.409059">
				<ele>654.000000</ele>
			</trkpt>
			<trkpt lat="67.197951" lon="18.409661">
				<ele>653.000000</ele>
			</trkpt>
			<trkpt lat="67.198205" lon="18.410262">
				<ele>652.000000</ele>
			</trkpt>
			<trkpt lat="67.198421" lon="18.410873">
				<ele>652.000000</ele>
			</trkpt>
			<trkpt lat="67.198724" lon="18.411735">
				<ele>651.000000</ele>
			</trkpt>
			<trkpt lat="67.199100" lon="18.412490">
				<ele>650.000000</ele>
			</trkpt>
			<trkpt lat="67.199385" lon="18.413271">
				<ele>649.000000</ele>
			</trkpt>
			<trkpt lat="67.199595" lon="18.413684">
				<ele>649.000000</ele>
			</trkpt>
			<trkpt lat="67.199821" lon="18.413999">
				<ele>648.000000</ele>
			</trkpt>
			<trkpt lat="67.199963" lon="18.414385">
				<ele>648.000000</ele>
			</trkpt>
			<trkpt lat="67.200019" lon="18.414825">
				<ele>647.000000</ele>
			</trkpt>
			<trkpt lat="67.200068" lon="18.415347">
				<ele>647.000000</ele>
			</trkpt>
			<trkpt lat="67.200141" lon="18.415804">
				<ele>646.000000</ele>
			</trkpt>
			<trkpt lat="67.200284" lon="18.416227">
				<ele>646.000000</ele>
			</trkpt>
			<trkpt lat="67.200448" lon="18.416533">
				<ele>646.000000</ele>
			</trkpt>
			<trkpt lat="67.200851" lon="18.417062">
				<ele>645.000000</ele>
			</trkpt>
			<trkpt lat="67.201105" lon="18.417611">
				<ele>644.000000</ele>
			</trkpt>
			<trkpt lat="67.201526" lon="18.418563">
				<ele>643.000000</ele>
			</trkpt>
			<trkpt lat="67.202070" lon="18.419146">
				<ele>642.000000</ele>
			</trkpt>
			<trkpt lat="67.202400" lon="18.419613">
				<ele>641.000000</ele>
			</trkpt>
			<trkpt lat="67.202710" lon="18.420188">
				<ele>640.000000</ele>
			</trkpt>
			<trkpt lat="67.202988" lon="18.420691">
				<ele>640.000000</ele>
			</trkpt>
			<trkpt lat="67.203535" lon="18.421248">
				<ele>640.000000</ele>
			</trkpt>
			<trkpt lat="67.203639" lon="18.421563">
				<ele>640.000000</ele>
			</trkpt>
			<trkpt lat="67.203897" lon="18.421779">
				<ele>640.000000</ele>
			</trkpt>
			<trkpt lat="67.204018" lon="18.422049">
				<ele>640.000000</ele>
			</trkpt>
			<trkpt lat="67.204018" lon="18.422049">
				<ele>640.000000</ele>
			</trkpt>
			<trkpt lat="67.204078" lon="18.422173">
				<ele>640.000000</ele>
			</trkpt>
			<trkpt lat="67.204105" lon="18.422273">
				<ele>640.000000</ele>
			</trkpt>
			<trkpt lat="67.204687" lon="18.423188">
				<ele>640.000000</ele>
			</trkpt>
			<trkpt lat="67.205400" lon="18.425012">
				<ele>640.000000</ele>
			</trkpt>
			<trkpt lat="67.206344" lon="18.428785">
				<ele>640.000000</ele>
			</trkpt>
			<trkpt lat="67.206524" lon="18.430106">
				<ele>640.000000</ele>
			</trkpt>
			<trkpt lat="67.207064" lon="18.437094">
				<ele>640.000000</ele>
			</trkpt>
			<trkpt lat="67.207443" lon="18.439431">
				<ele>640.000000</ele>
			</trkpt>
			<trkpt lat="67.207916" lon="18.441138">
				<ele>640.000000</ele>
			</trkpt>
			<trkpt lat="67.209566" lon="18.444587">
				<ele>640.000000</ele>
			</trkpt>
			<trkpt lat="67.210610" lon="18.446455">
				<ele>640.000000</ele>
			</trkpt>
			<trkpt lat="67.211713" lon="18.448046">
				<ele>640.000000</ele>
			</trkpt>
			<trkpt lat="67.212568" lon="18.448979">
				<ele>640.000000</ele>
			</trkpt>
			<trkpt lat="67.214044" lon="18.449509">
				<ele>640.000000</ele>
			</trkpt>
			<trkpt lat="67.215516" lon="18.449707">
				<ele>640.000000</ele>
			</trkpt>
			<trkpt lat="67.216698" lon="18.449123">
				<ele>640.000000</ele>
			</trkpt>
			<trkpt lat="67.218340" lon="18.447748">
				<ele>640.000000</ele>
			</trkpt>
			<trkpt lat="67.219885" lon="18.445216">
				<ele>640.000000</ele>
			</trkpt>
			<trkpt lat="67.220577" lon="18.443796">
				<ele>640.000000</ele>
			</trkpt>
			<trkpt lat="67.222013" lon="18.441578">
				<ele>640.000000</ele>
			</trkpt>
			<trkpt lat="67.222994" lon="18.440473">
				<ele>640.000000</ele>
			</trkpt>
			<trkpt lat="67.223185" lon="18.440077">
				<ele>640.000000</ele>
			</trkpt>
			<trkpt lat="67.223616" lon="18.438649">
				<ele>640.000000</ele>
			</trkpt>
			<trkpt lat="67.224075" lon="18.438729">
				<ele>640.000000</ele>
			</trkpt>
			<trkpt lat="67.224844" lon="18.439008">
				<ele>640.000000</ele>
			</trkpt>
			<trkpt lat="67.225310" lon="18.438855">
				<ele>640.000000</ele>
			</trkpt>
			<trkpt lat="67.226242" lon="18.437966">
				<ele>640.000000</ele>
			</trkpt>
			<trkpt lat="67.227184" lon="18.436907">
				<ele>640.000000</ele>
			</trkpt>
			<trkpt lat="67.228130" lon="18.435513">
				<ele>640.000000</ele>
			</trkpt>
			<trkpt lat="67.229169" lon="18.433987">
				<ele>640.000000</ele>
			</trkpt>
			<trkpt lat="67.229757" lon="18.433376">
				<ele>640.000000</ele>
			</trkpt>
			<trkpt lat="67.231645" lon="18.433188">
				<ele>640.000000</ele>
			</trkpt>
			<trkpt lat="67.232563" lon="18.433070">
				<ele>640.000000</ele>
			</trkpt>
			<trkpt lat="67.232966" lon="18.432873">
				<ele>640.000000</ele>
			</trkpt>
			<trkpt lat="67.233276" lon="18.433089">
				<ele>640.000000</ele>
			</trkpt>
			<trkpt lat="67.233383" lon="18.433339">
				<ele>640.000000</ele>
			</trkpt>
			<trkpt lat="67.233345" lon="18.433609">
				<ele>640.000000</ele>
			</trkpt>
			<trkpt lat="67.233192" lon="18.433771">
				<ele>640.000000</ele>
			</trkpt>
			<trkpt lat="67.232997" lon="18.434373">
				<ele>640.000000</ele>
			</trkpt>
			<trkpt lat="67.232945" lon="18.435360">
				<ele>640.000000</ele>
			</trkpt>
			<trkpt lat="67.232897" lon="18.436492">
				<ele>640.000000</ele>
			</trkpt>
			<trkpt lat="67.232848" lon="18.437517">
				<ele>640.000000</ele>
			</trkpt>
			<trkpt lat="67.232702" lon="18.438352">
				<ele>640.000000</ele>
			</trkpt>
			<trkpt lat="67.232493" lon="18.439421">
				<ele>640.000000</ele>
			</trkpt>
			<trkpt lat="67.232285" lon="18.440284">
				<ele>640.000000</ele>
			</trkpt>
			<trkpt lat="67.232240" lon="18.440454">
				<ele>640.000000</ele>
			</trkpt>
			<trkpt lat="67.232198" lon="18.440670">
				<ele>640.000000</ele>
			</trkpt>
			<trkpt lat="67.232198" lon="18.440670">
				<ele>640.000000</ele>
			</trkpt>
			<trkpt lat="67.232135" lon="18.441020">
				<ele>640.000000</ele>
			</trkpt>
			<trkpt lat="67.232167" lon="18.441245">
				<ele>640.000000</ele>
			</trkpt>
			<trkpt lat="67.232667" lon="18.441102">
				<ele>641.000000</ele>
			</trkpt>
			<trkpt lat="67.233251" lon="18.441344">
				<ele>648.000000</ele>
			</trkpt>
			<trkpt lat="67.233529" lon="18.441452">
				<ele>650.000000</ele>
			</trkpt>
			<trkpt lat="67.234183" lon="18.441668">
				<ele>651.000000</ele>
			</trkpt>
			<trkpt lat="67.234767" lon="18.442161">
				<ele>653.000000</ele>
			</trkpt>
			<trkpt lat="67.235365" lon="18.442503">
				<ele>654.000000</ele>
			</trkpt>
			<trkpt lat="67.235869" lon="18.442916">
				<ele>655.000000</ele>
			</trkpt>
			<trkpt lat="67.236262" lon="18.443113">
				<ele>656.000000</ele>
			</trkpt>
			<trkpt lat="67.236571" lon="18.443689">
				<ele>656.000000</ele>
			</trkpt>
			<trkpt lat="67.236838" lon="18.443725">
				<ele>657.000000</ele>
			</trkpt>
			<trkpt lat="67.237356" lon="18.444318">
				<ele>658.000000</ele>
			</trkpt>
			<trkpt lat="67.237638" lon="18.444901">
				<ele>659.000000</ele>
			</trkpt>
			<trkpt lat="67.239352" lon="18.444182">
				<ele>666.000000</ele>
			</trkpt>
			<trkpt lat="67.240050" lon="18.443913">
				<ele>670.000000</ele>
			</trkpt>
			<trkpt lat="67.240533" lon="18.443608">
				<ele>673.000000</ele>
			</trkpt>
			<trkpt lat="67.241117" lon="18.443679">
				<ele>677.000000</ele>
			</trkpt>
			<trkpt lat="67.241478" lon="18.443698">
				<ele>679.000000</ele>
			</trkpt>
			<trkpt lat="67.241739" lon="18.443796">
				<ele>681.000000</ele>
			</trkpt>
			<trkpt lat="67.242364" lon="18.444326">
				<ele>687.000000</ele>
			</trkpt>
			<trkpt lat="67.242931" lon="18.445071">
				<ele>692.000000</ele>
			</trkpt>
			<trkpt lat="67.243490" lon="18.445602">
				<ele>695.000000</ele>
			</trkpt>
			<trkpt lat="67.244081" lon="18.446105">
				<ele>699.000000</ele>
			</trkpt>
			<trkpt lat="67.244355" lon="18.446528">
				<ele>701.000000</ele>
			</trkpt>
			<trkpt lat="67.244664" lon="18.446796">
				<ele>703.000000</ele>
			</trkpt>
			<trkpt lat="67.245888" lon="18.447694">
				<ele>712.000000</ele>
			</trkpt>
			<trkpt lat="67.246315" lon="18.447740">
				<ele>714.000000</ele>
			</trkpt>
			<trkpt lat="67.247007" lon="18.448054">
				<ele>719.000000</ele>
			</trkpt>
			<trkpt lat="67.248278" lon="18.449069">
				<ele>726.000000</ele>
			</trkpt>
			<trkpt lat="67.248487" lon="18.449096">
				<ele>727.000000</ele>
			</trkpt>
			<trkpt lat="67.249525" lon="18.449868">
				<ele>734.000000</ele>
			</trkpt>
			<trkpt lat="67.250137" lon="18.450426">
				<ele>740.000000</ele>
			</trkpt>
			<trkpt lat="67.251127" lon="18.450633">
				<ele>747.000000</ele>
			</trkpt>
			<trkpt lat="67.251491" lon="18.450507">
				<ele>750.000000</ele>
			</trkpt>
			<trkpt lat="67.251800" lon="18.450614">
				<ele>751.000000</ele>
			</trkpt>
			<trkpt lat="67.252130" lon="18.450497">
				<ele>752.000000</ele>
			</trkpt>
			<trkpt lat="67.252370" lon="18.450497">
				<ele>753.000000</ele>
			</trkpt>
			<trkpt lat="67.252651" lon="18.450570">
				<ele>754.000000</ele>
			</trkpt>
			<trkpt lat="67.253099" lon="18.450686">
				<ele>756.000000</ele>
			</trkpt>
			<trkpt lat="67.253565" lon="18.450723">
				<ele>757.000000</ele>
			</trkpt>
			<trkpt lat="67.253985" lon="18.450560">
				<ele>759.000000</ele>
			</trkpt>
			<trkpt lat="67.254520" lon="18.450597">
				<ele>760.000000</ele>
			</trkpt>
			<trkpt lat="67.255309" lon="18.451063">
				<ele>760.000000</ele>
			</trkpt>
			<trkpt lat="67.256107" lon="18.451719">
				<ele>760.000000</ele>
			</trkpt>
			<trkpt lat="67.256319" lon="18.452088">
				<ele>760.000000</ele>
			</trkpt>
			<trkpt lat="67.256448" lon="18.452168">
				<ele>760.000000</ele>
			</trkpt>
			<trkpt lat="67.256732" lon="18.452186">
				<ele>760.000000</ele>
			</trkpt>
			<trkpt lat="67.257070" lon="18.452581">
				<ele>765.000000</ele>
			</trkpt>
			<trkpt lat="67.257223" lon="18.452492">
				<ele>768.000000</ele>
			</trkpt>
			<trkpt lat="67.257424" lon="18.452708">
				<ele>770.000000</ele>
			</trkpt>
			<trkpt lat="67.257733" lon="18.453040">
				<ele>770.000000</ele>
			</trkpt>
			<trkpt lat="67.258243" lon="18.453426">
				<ele>770.000000</ele>
			</trkpt>
			<trkpt lat="67.258643" lon="18.453920">
				<ele>770.000000</ele>
			</trkpt>
			<trkpt lat="67.259038" lon="18.454073">
				<ele>770.000000</ele>
			</trkpt>
			<trkpt lat="67.259198" lon="18.454432">
				<ele>770.000000</ele>
			</trkpt>
			<trkpt lat="67.260021" lon="18.454962">
				<ele>770.000000</ele>
			</trkpt>
			<trkpt lat="67.260264" lon="18.454989">
				<ele>770.000000</ele>
			</trkpt>
			<trkpt lat="67.260465" lon="18.455142">
				<ele>770.000000</ele>
			</trkpt>
			<trkpt lat="67.261552" lon="18.456139">
				<ele>770.000000</ele>
			</trkpt>
			<trkpt lat="67.262633" lon="18.457271">
				<ele>770.000000</ele>
			</trkpt>
			<trkpt lat="67.262962" lon="18.457163">
				<ele>770.000000</ele>
			</trkpt>
			<trkpt lat="67.263393" lon="18.457415">
				<ele>770.000000</ele>
			</trkpt>
			<trkpt lat="67.263642" lon="18.457308">
				<ele>770.000000</ele>
			</trkpt>
			<trkpt lat="67.263809" lon="18.457352">
				<ele>770.000000</ele>
			</trkpt>
			<trkpt lat="67.263983" lon="18.457549">
				<ele>770.000000</ele>
			</trkpt>
			<trkpt lat="67.264330" lon="18.457181">
				<ele>770.000000</ele>
			</trkpt>
			<trkpt lat="67.264820" lon="18.457379">
				<ele>769.000000</ele>
			</trkpt>
			<trkpt lat="67.265246" lon="18.457891">
				<ele>769.000000</ele>
			</trkpt>
			<trkpt lat="67.265875" lon="18.457585">
				<ele>768.000000</ele>
			</trkpt>
			<trkpt lat="67.266059" lon="18.457253">
				<ele>768.000000</ele>
			</trkpt>
			<trkpt lat="67.266309" lon="18.456975">
				<ele>767.000000</ele>
			</trkpt>
			<trkpt lat="67.266785" lon="18.456499">
				<ele>767.000000</ele>
			</trkpt>
			<trkpt lat="67.267434" lon="18.456130">
				<ele>766.000000</ele>
			</trkpt>
			<trkpt lat="67.267635" lon="18.455734">
				<ele>766.000000</ele>
			</trkpt>
			<trkpt lat="67.267739" lon="18.455510">
				<ele>765.000000</ele>
			</trkpt>
			<trkpt lat="67.267857" lon="18.455465">
				<ele>765.000000</ele>
			</trkpt>
			<trkpt lat="67.268486" lon="18.455421">
				<ele>764.000000</ele>
			</trkpt>
			<trkpt lat="67.269117" lon="18.455528">
				<ele>764.000000</ele>
			</trkpt>
			<trkpt lat="67.270048" lon="18.455151">
				<ele>762.000000</ele>
			</trkpt>
			<trkpt lat="67.271217" lon="18.454298">
				<ele>761.000000</ele>
			</trkpt>
			<trkpt lat="67.271706" lon="18.454369">
				<ele>760.000000</ele>
			</trkpt>
			<trkpt lat="67.272061" lon="18.454109">
				<ele>760.000000</ele>
			</trkpt>
			<trkpt lat="67.272317" lon="18.453696">
				<ele>760.000000</ele>
			</trkpt>
			<trkpt lat="67.272421" lon="18.453526">
				<ele>760.000000</ele>
			</trkpt>
			<trkpt lat="67.272505" lon="18.453291">
				<ele>760.000000</ele>
			</trkpt>
			<trkpt lat="67.272668" lon="18.453147">
				<ele>760.000000</ele>
			</trkpt>
			<trkpt lat="67.272751" lon="18.453283">
				<ele>760.000000</ele>
			</trkpt>
			<trkpt lat="67.272876" lon="18.453220">
				<ele>760.000000</ele>
			</trkpt>
			<trkpt lat="67.273716" lon="18.452447">
				<ele>760.000000</ele>
			</trkpt>
			<trkpt lat="67.274070" lon="18.452205">
				<ele>760.000000</ele>
			</trkpt>
			<trkpt lat="67.274098" lon="18.452312">
				<ele>760.000000</ele>
			</trkpt>
			<trkpt lat="67.274337" lon="18.452132">
				<ele>760.000000</ele>
			</trkpt>
			<trkpt lat="67.274576" lon="18.452034">
				<ele>760.000000</ele>
			</trkpt>
			<trkpt lat="67.275500" lon="18.451522">
				<ele>760.000000</ele>
			</trkpt>
			<trkpt lat="67.276010" lon="18.451333">
				<ele>760.000000</ele>
			</trkpt>
			<trkpt lat="67.276478" lon="18.451450">
				<ele>760.000000</ele>
			</trkpt>
			<trkpt lat="67.277440" lon="18.452564">
				<ele>754.000000</ele>
			</trkpt>
			<trkpt lat="67.277786" lon="18.453220">
				<ele>750.000000</ele>
			</trkpt>
			<trkpt lat="67.277981" lon="18.453956">
				<ele>750.000000</ele>
			</trkpt>
			<trkpt lat="67.278938" lon="18.455753">
				<ele>750.000000</ele>
			</trkpt>
			<trkpt lat="67.279216" lon="18.456975">
				<ele>750.000000</ele>
			</trkpt>
			<trkpt lat="67.279525" lon="18.457109">
				<ele>750.000000</ele>
			</trkpt>
			<trkpt lat="67.279730" lon="18.457379">
				<ele>750.000000</ele>
			</trkpt>
			<trkpt lat="67.279893" lon="18.457792">
				<ele>750.000000</ele>
			</trkpt>
			<trkpt lat="67.280451" lon="18.458376">
				<ele>750.000000</ele>
			</trkpt>
			<trkpt lat="67.281075" lon="18.459266">
				<ele>750.000000</ele>
			</trkpt>
			<trkpt lat="67.281471" lon="18.459113">
				<ele>750.000000</ele>
			</trkpt>
			<trkpt lat="67.281857" lon="18.459508">
				<ele>751.000000</ele>
			</trkpt>
			<trkpt lat="67.282526" lon="18.459903">
				<ele>753.000000</ele>
			</trkpt>
			<trkpt lat="67.283227" lon="18.460730">
				<ele>755.000000</ele>
			</trkpt>
			<trkpt lat="67.284604" lon="18.462185">
				<ele>759.000000</ele>
			</trkpt>
			<trkpt lat="67.285353" lon="18.462975">
				<ele>761.000000</ele>
			</trkpt>
			<trkpt lat="67.285752" lon="18.463380">
				<ele>761.000000</ele>
			</trkpt>
			<trkpt lat="67.286074" lon="18.463487">
				<ele>762.000000</ele>
			</trkpt>
			<trkpt lat="67.286435" lon="18.463631">
				<ele>763.000000</ele>
			</trkpt>
			<trkpt lat="67.287164" lon="18.464233">
				<ele>764.000000</ele>
			</trkpt>
			<trkpt lat="67.287680" lon="18.464610">
				<ele>765.000000</ele>
			</trkpt>
			<trkpt lat="67.288211" lon="18.464862">
				<ele>766.000000</ele>
			</trkpt>
			<trkpt lat="67.289272" lon="18.465472">
				<ele>768.000000</ele>
			</trkpt>
			<trkpt lat="67.290330" lon="18.466317">
				<ele>769.000000</ele>
			</trkpt>
			<trkpt lat="67.290872" lon="18.466963">
				<ele>770.000000</ele>
			</trkpt>
			<trkpt lat="67.291388" lon="18.467745">
				<ele>770.000000</ele>
			</trkpt>
			<trkpt lat="67.292411" lon="18.468644">
				<ele>770.000000</ele>
			</trkpt>
			<trkpt lat="67.293438" lon="18.469694">
				<ele>770.000000</ele>
			</trkpt>
			<trkpt lat="67.294450" lon="18.470998">
				<ele>770.000000</ele>
			</trkpt>
			<trkpt lat="67.295588" lon="18.473315">
				<ele>770.000000</ele>
			</trkpt>
			<trkpt lat="67.296433" lon="18.475911">
				<ele>763.000000</ele>
			</trkpt>
			<trkpt lat="67.296953" lon="18.477258">
				<ele>760.000000</ele>
			</trkpt>
			<trkpt lat="67.297397" lon="18.478535">
				<ele>760.000000</ele>
			</trkpt>
			<trkpt lat="67.298378" lon="18.480653">
				<ele>760.000000</ele>
			</trkpt>
			<trkpt lat="67.298930" lon="18.481696">
				<ele>760.000000</ele>
			</trkpt>
			<trkpt lat="67.299443" lon="18.482900">
				<ele>760.000000</ele>
			</trkpt>
			<trkpt lat="67.299779" lon="18.483699">
				<ele>760.000000</ele>
			</trkpt>
			<trkpt lat="67.299938" lon="18.483852">
				<ele>759.000000</ele>
			</trkpt>
			<trkpt lat="67.300108" lon="18.484624">
				<ele>759.000000</ele>
			</trkpt>
			<trkpt lat="67.300326" lon="18.485038">
				<ele>759.000000</ele>
			</trkpt>
			<trkpt lat="67.301072" lon="18.485406">
				<ele>758.000000</ele>
			</trkpt>
			<trkpt lat="67.301495" lon="18.485739">
				<ele>758.000000</ele>
			</trkpt>
			<trkpt lat="67.301665" lon="18.486116">
				<ele>758.000000</ele>
			</trkpt>
			<trkpt lat="67.301890" lon="18.486574">
				<ele>758.000000</ele>
			</trkpt>
			<trkpt lat="67.302361" lon="18.486646">
				<ele>758.000000</ele>
			</trkpt>
			<trkpt lat="67.302667" lon="18.486951">
				<ele>757.000000</ele>
			</trkpt>
			<trkpt lat="67.303093" lon="18.487077">
				<ele>757.000000</ele>
			</trkpt>
			<trkpt lat="67.303859" lon="18.487265">
				<ele>756.000000</ele>
			</trkpt>
			<trkpt lat="67.304378" lon="18.487688">
				<ele>756.000000</ele>
			</trkpt>
			<trkpt lat="67.305027" lon="18.487347">
				<ele>756.000000</ele>
			</trkpt>
			<trkpt lat="67.305946" lon="18.487894">
				<ele>755.000000</ele>
			</trkpt>
			<trkpt lat="67.306507" lon="18.488074">
				<ele>755.000000</ele>
			</trkpt>
			<trkpt lat="67.307044" lon="18.488406">
				<ele>754.000000</ele>
			</trkpt>
			<trkpt lat="67.308531" lon="18.489485">
				<ele>753.000000</ele>
			</trkpt>
			<trkpt lat="67.308971" lon="18.489934">
				<ele>753.000000</ele>
			</trkpt>
			<trkpt lat="67.309945" lon="18.490051">
				<ele>752.000000</ele>
			</trkpt>
			<trkpt lat="67.310589" lon="18.490509">
				<ele>752.000000</ele>
			</trkpt>
			<trkpt lat="67.311071" lon="18.490913">
				<ele>751.000000</ele>
			</trkpt>
			<trkpt lat="67.312685" lon="18.491829">
				<ele>750.000000</ele>
			</trkpt>
			<trkpt lat="67.313499" lon="18.491748">
				<ele>749.000000</ele>
			</trkpt>
			<trkpt lat="67.314695" lon="18.492215">
				<ele>742.000000</ele>
			</trkpt>
			<trkpt lat="67.315699" lon="18.493330">
				<ele>738.000000</ele>
			</trkpt>
			<trkpt lat="67.316181" lon="18.493580">
				<ele>736.000000</ele>
			</trkpt>
			<trkpt lat="67.316635" lon="18.494129">
				<ele>734.000000</ele>
			</trkpt>
			<trkpt lat="67.317567" lon="18.495108">
				<ele>731.000000</ele>
			</trkpt>
			<trkpt lat="67.318571" lon="18.495988">
				<ele>725.000000</ele>
			</trkpt>
			<trkpt lat="67.319593" lon="18.497066">
				<ele>720.000000</ele>
			</trkpt>
			<trkpt lat="67.320989" lon="18.498423">
				<ele>720.000000</ele>
			</trkpt>
			<trkpt lat="67.321817" lon="18.498467">
				<ele>720.000000</ele>
			</trkpt>
			<trkpt lat="67.322943" lon="18.498962">
				<ele>720.000000</ele>
			</trkpt>
			<trkpt lat="67.323254" lon="18.498980">
				<ele>720.000000</ele>
			</trkpt>
			<trkpt lat="67.323562" lon="18.499150">
				<ele>720.000000</ele>
			</trkpt>
			<trkpt lat="67.324158" lon="18.499743">
				<ele>720.000000</ele>
			</trkpt>
			<trkpt lat="67.326343" lon="18.500947">
				<ele>720.000000</ele>
			</trkpt>
			<trkpt lat="67.327916" lon="18.502465">
				<ele>720.000000</ele>
			</trkpt>
			<trkpt lat="67.328580" lon="18.502627">
				<ele>720.000000</ele>
			</trkpt>
			<trkpt lat="67.330017" lon="18.505601">
				<ele>720.000000</ele>
			</trkpt>
			<trkpt lat="67.332440" lon="18.504666">
				<ele>713.000000</ele>
			</trkpt>
			<trkpt lat="67.333109" lon="18.504154">
				<ele>709.000000</ele>
			</trkpt>
			<trkpt lat="67.333299" lon="18.503821">
				<ele>708.000000</ele>
			</trkpt>
			<trkpt lat="67.333382" lon="18.503840">
				<ele>708.000000</ele>
			</trkpt>
			<trkpt lat="67.333551" lon="18.503966">
				<ele>707.000000</ele>
			</trkpt>
			<trkpt lat="67.333680" lon="18.503849">
				<ele>707.000000</ele>
			</trkpt>
			<trkpt lat="67.333967" lon="18.503606">
				<ele>706.000000</ele>
			</trkpt>
			<trkpt lat="67.334279" lon="18.503561">
				<ele>705.000000</ele>
			</trkpt>
			<trkpt lat="67.334874" lon="18.503364">
				<ele>703.000000</ele>
			</trkpt>
			<trkpt lat="67.335459" lon="18.503767">
				<ele>701.000000</ele>
			</trkpt>
			<trkpt lat="67.336031" lon="18.503966">
				<ele>700.000000</ele>
			</trkpt>
			<trkpt lat="67.336702" lon="18.504235">
				<ele>700.000000</ele>
			</trkpt>
			<trkpt lat="67.337782" lon="18.504020">
				<ele>700.000000</ele>
			</trkpt>
			<trkpt lat="67.338512" lon="18.503759">
				<ele>700.000000</ele>
			</trkpt>
			<trkpt lat="67.339062" lon="18.504127">
				<ele>700.000000</ele>
			</trkpt>
			<trkpt lat="67.339713" lon="18.504325">
				<ele>700.000000</ele>
			</trkpt>
			<trkpt lat="67.340675" lon="18.504702">
				<ele>700.000000</ele>
			</trkpt>
			<trkpt lat="67.341665" lon="18.504872">
				<ele>700.000000</ele>
			</trkpt>
			<trkpt lat="67.342177" lon="18.505159">
				<ele>700.000000</ele>
			</trkpt>
			<trkpt lat="67.342717" lon="18.505825">
				<ele>700.000000</ele>
			</trkpt>
			<trkpt lat="67.343755" lon="18.506670">
				<ele>700.000000</ele>
			</trkpt>
			<trkpt lat="67.345859" lon="18.508062">
				<ele>704.000000</ele>
			</trkpt>
			<trkpt lat="67.347997" lon="18.509130">
				<ele>714.000000</ele>
			</trkpt>
			<trkpt lat="67.349039" lon="18.510065">
				<ele>720.000000</ele>
			</trkpt>
			<trkpt lat="67.350125" lon="18.510388">
				<ele>720.000000</ele>
			</trkpt>
			<trkpt lat="67.350775" lon="18.510388">
				<ele>720.000000</ele>
			</trkpt>
			<trkpt lat="67.351363" lon="18.510218">
				<ele>720.000000</ele>
			</trkpt>
			<trkpt lat="67.352394" lon="18.510469">
				<ele>720.000000</ele>
			</trkpt>
			<trkpt lat="67.352982" lon="18.510568">
				<ele>720.000000</ele>
			</trkpt>
			<trkpt lat="67.353494" lon="18.510901">
				<ele>720.000000</ele>
			</trkpt>
			<trkpt lat="67.354593" lon="18.511771">
				<ele>720.000000</ele>
			</trkpt>
			<trkpt lat="67.356299" lon="18.512895">
				<ele>720.000000</ele>
			</trkpt>
			<trkpt lat="67.357834" lon="18.514494">
				<ele>720.000000</ele>
			</trkpt>
			<trkpt lat="67.359470" lon="18.516165">
				<ele>720.000000</ele>
			</trkpt>
			<trkpt lat="67.360954" lon="18.518312">
				<ele>720.000000</ele>
			</trkpt>
			<trkpt lat="67.362302" lon="18.519570">
				<ele>720.000000</ele>
			</trkpt>
			<trkpt lat="67.364245" lon="18.520432">
				<ele>720.000000</ele>
			</trkpt>
			<trkpt lat="67.365168" lon="18.520881">
				<ele>720.000000</ele>
			</trkpt>
			<trkpt lat="67.366098" lon="18.521671">
				<ele>716.000000</ele>
			</trkpt>
			<trkpt lat="67.367923" lon="18.523306">
				<ele>707.000000</ele>
			</trkpt>
			<trkpt lat="67.368452" lon="18.523585">
				<ele>704.000000</ele>
			</trkpt>
			<trkpt lat="67.368981" lon="18.523468">
				<ele>700.000000</ele>
			</trkpt>
			<trkpt lat="67.370018" lon="18.522866">
				<ele>684.000000</ele>
			</trkpt>
			<trkpt lat="67.370305" lon="18.522660">
				<ele>680.000000</ele>
			</trkpt>
			<trkpt lat="67.370602" lon="18.522281">
				<ele>676.000000</ele>
			</trkpt>
			<trkpt lat="67.370893" lon="18.522174">
				<ele>672.000000</ele>
			</trkpt>
			<trkpt lat="67.373025" lon="18.520530">
				<ele>649.000000</ele>
			</trkpt>
			<trkpt lat="67.373883" lon="18.520189">
				<ele>642.000000</ele>
			</trkpt>
			<trkpt lat="67.375863" lon="18.520046">
				<ele>632.000000</ele>
			</trkpt>
			<trkpt lat="67.376274" lon="18.519587">
				<ele>629.000000</ele>
			</trkpt>
			<trkpt lat="67.377438" lon="18.518976">
				<ele>617.000000</ele>
			</trkpt>
			<trkpt lat="67.378312" lon="18.518203">
				<ele>607.000000</ele>
			</trkpt>
			<trkpt lat="67.379256" lon="18.517700">
				<ele>594.000000</ele>
			</trkpt>
			<trkpt lat="67.379971" lon="18.517207">
				<ele>585.000000</ele>
			</trkpt>
			<trkpt lat="67.380396" lon="18.516578">
				<ele>579.000000</ele>
			</trkpt>
			<trkpt lat="67.380787" lon="18.515725">
				<ele>572.000000</ele>
			</trkpt>
			<trkpt lat="67.381350" lon="18.515383">
				<ele>564.000000</ele>
			</trkpt>
			<trkpt lat="67.381847" lon="18.514781">
				<ele>556.000000</ele>
			</trkpt>
			<trkpt lat="67.382313" lon="18.513551">
				<ele>549.000000</ele>
			</trkpt>
			<trkpt lat="67.383194" lon="18.511115">
				<ele>536.000000</ele>
			</trkpt>
			<trkpt lat="67.383875" lon="18.511430">
				<ele>522.000000</ele>
			</trkpt>
			<trkpt lat="67.384203" lon="18.511071">
				<ele>516.000000</ele>
			</trkpt>
			<trkpt lat="67.384486" lon="18.510460">
				<ele>511.000000</ele>
			</trkpt>
			<trkpt lat="67.385146" lon="18.509643">
				<ele>498.000000</ele>
			</trkpt>
			<trkpt lat="67.385195" lon="18.509625">
				<ele>497.000000</ele>
			</trkpt>
			<trkpt lat="67.385464" lon="18.509526">
				<ele>491.000000</ele>
			</trkpt>
			<trkpt lat="67.385598" lon="18.509580">
				<ele>488.000000</ele>
			</trkpt>
			<trkpt lat="67.386607" lon="18.510002">
				<ele>467.000000</ele>
			</trkpt>
			<trkpt lat="67.387001" lon="18.511035">
				<ele>460.000000</ele>
			</trkpt>
			<trkpt lat="67.387295" lon="18.511025">
				<ele>456.000000</ele>
			</trkpt>
			<trkpt lat="67.387671" lon="18.511287">
				<ele>451.000000</ele>
			</trkpt>
			<trkpt lat="67.388189" lon="18.512670">
				<ele>442.000000</ele>
			</trkpt>
			<trkpt lat="67.388787" lon="18.513532">
				<ele>436.000000</ele>
			</trkpt>
			<trkpt lat="67.389909" lon="18.515912">
				<ele>425.000000</ele>
			</trkpt>
			<trkpt lat="67.391747" lon="18.518761">
				<ele>409.000000</ele>
			</trkpt>
			<trkpt lat="67.393107" lon="18.520054">
				<ele>404.000000</ele>
			</trkpt>
			<trkpt lat="67.393607" lon="18.520225">
				<ele>402.000000</ele>
			</trkpt>
			<trkpt lat="67.393984" lon="18.520063">
				<ele>400.000000</ele>
			</trkpt>
			<trkpt lat="67.394019" lon="18.520189">
				<ele>400.000000</ele>
			</trkpt>
			<trkpt lat="67.394019" lon="18.520189">
				<ele>400.000000</ele>
			</trkpt>
			<trkpt lat="67.394046" lon="18.520260">
				<ele>399.000000</ele>
			</trkpt>
			<trkpt lat="67.394647" lon="18.522174">
				<ele>390.000000</ele>
			</trkpt>
			<trkpt lat="67.395106" lon="18.522623">
				<ele>382.000000</ele>
			</trkpt>
			<trkpt lat="67.395213" lon="18.522910">
				<ele>380.000000</ele>
			</trkpt>
			<trkpt lat="67.395448" lon="18.523270">
				<ele>380.000000</ele>
			</trkpt>
			<trkpt lat="67.395911" lon="18.523432">
				<ele>380.000000</ele>
			</trkpt>
			<trkpt lat="67.395970" lon="18.523566">
				<ele>380.000000</ele>
			</trkpt>
			<trkpt lat="67.396063" lon="18.523593">
				<ele>380.000000</ele>
			</trkpt>
			<trkpt lat="67.396059" lon="18.523719">
				<ele>380.000000</ele>
			</trkpt>
			<trkpt lat="67.396854" lon="18.525120">
				<ele>380.000000</ele>
			</trkpt>
			<trkpt lat="67.397796" lon="18.526423">
				<ele>380.000000</ele>
			</trkpt>
			<trkpt lat="67.400458" lon="18.530510">
				<ele>380.000000</ele>
			</trkpt>
			<trkpt lat="67.402857" lon="18.533071">
				<ele>380.000000</ele>
			</trkpt>
			<trkpt lat="67.404886" lon="18.535038">
				<ele>380.000000</ele>
			</trkpt>
			<trkpt lat="67.407423" lon="18.537464">
				<ele>380.000000</ele>
			</trkpt>
			<trkpt lat="67.410746" lon="18.540661">
				<ele>380.000000</ele>
			</trkpt>
			<trkpt lat="67.412710" lon="18.542323">
				<ele>380.000000</ele>
			</trkpt>
			<trkpt lat="67.412799" lon="18.542431">
				<ele>380.000000</ele>
			</trkpt>
			<trkpt lat="67.412923" lon="18.542548">
				<ele>380.000000</ele>
			</trkpt>
			<trkpt lat="67.413058" lon="18.542961">
				<ele>380.000000</ele>
			</trkpt>
			<trkpt lat="67.413131" lon="18.543177">
				<ele>380.000000</ele>
			</trkpt>
			<trkpt lat="67.413389" lon="18.543913">
				<ele>381.000000</ele>
			</trkpt>
			<trkpt lat="67.413734" lon="18.544470">
				<ele>382.000000</ele>
			</trkpt>
			<trkpt lat="67.414221" lon="18.544766">
				<ele>384.000000</ele>
			</trkpt>
			<trkpt lat="67.414794" lon="18.545144">
				<ele>386.000000</ele>
			</trkpt>
			<trkpt lat="67.415777" lon="18.545710">
				<ele>389.000000</ele>
			</trkpt>
			<trkpt lat="67.416021" lon="18.545718">
				<ele>389.000000</ele>
			</trkpt>
			<trkpt lat="67.416201" lon="18.545477">
				<ele>390.000000</ele>
			</trkpt>
			<trkpt lat="67.415980" lon="18.544875">
				<ele>390.000000</ele>
			</trkpt>
			<trkpt lat="67.415580" lon="18.543608">
				<ele>391.000000</ele>
			</trkpt>
			<trkpt lat="67.415101" lon="18.541793">
				<ele>392.000000</ele>
			</trkpt>
			<trkpt lat="67.414686" lon="18.540248">
				<ele>392.000000</ele>
			</trkpt>
			<trkpt lat="67.414204" lon="18.537984">
				<ele>393.000000</ele>
			</trkpt>
			<trkpt lat="67.414173" lon="18.537805">
				<ele>393.000000</ele>
			</trkpt>
			<trkpt lat="67.413713" lon="18.535065">
				<ele>395.000000</ele>
			</trkpt>
			<trkpt lat="67.413231" lon="18.531149">
				<ele>396.000000</ele>
			</trkpt>
			<trkpt lat="67.412968" lon="18.528336">
				<ele>397.000000</ele>
			</trkpt>
			<trkpt lat="67.412837" lon="18.526279">
				<ele>398.000000</ele>
			</trkpt>
			<trkpt lat="67.412703" lon="18.523522">
				<ele>399.000000</ele>
			</trkpt>
			<trkpt lat="67.412671" lon="18.521968">
				<ele>400.000000</ele>
			</trkpt>
			<trkpt lat="67.412647" lon="18.520107">
				<ele>401.000000</ele>
			</trkpt>
			<trkpt lat="67.412679" lon="18.517314">
				<ele>407.000000</ele>
			</trkpt>
			<trkpt lat="67.412841" lon="18.511620">
				<ele>417.000000</ele>
			</trkpt>
			<trkpt lat="67.412965" lon="18.508268">
				<ele>420.000000</ele>
			</trkpt>
			<trkpt lat="67.413227" lon="18.503165">
				<ele>420.000000</ele>
			</trkpt>
			<trkpt lat="67.413459" lon="18.499293">
				<ele>420.000000</ele>
			</trkpt>
			<trkpt lat="67.413866" lon="18.494345">
				<ele>420.000000</ele>
			</trkpt>
			<trkpt lat="67.414635" lon="18.487607">
				<ele>420.000000</ele>
			</trkpt>
			<trkpt lat="67.415038" lon="18.484850">
				<ele>420.000000</ele>
			</trkpt>
			<trkpt lat="67.415863" lon="18.479971">
				<ele>420.000000</ele>
			</trkpt>
			<trkpt lat="67.416415" lon="18.477114">
				<ele>420.000000</ele>
			</trkpt>
			<trkpt lat="67.418281" lon="18.468051">
				<ele>411.000000</ele>
			</trkpt>
			<trkpt lat="67.419216" lon="18.464044">
				<ele>404.000000</ele>
			</trkpt>
			<trkpt lat="67.420365" lon="18.459625">
				<ele>400.000000</ele>
			</trkpt>
			<trkpt lat="67.421396" lon="18.456023">
				<ele>400.000000</ele>
			</trkpt>
			<trkpt lat="67.422696" lon="18.452304">
				<ele>400.000000</ele>
			</trkpt>
			<trkpt lat="67.423634" lon="18.450040">
				<ele>400.000000</ele>
			</trkpt>
			<trkpt lat="67.424662" lon="18.447884">
				<ele>400.000000</ele>
			</trkpt>
			<trkpt lat="67.425407" lon="18.446563">
				<ele>400.000000</ele>
			</trkpt>
			<trkpt lat="67.426000" lon="18.445557">
				<ele>400.000000</ele>
			</trkpt>
			<trkpt lat="67.427090" lon="18.443985">
				<ele>400.000000</ele>
			</trkpt>
			<trkpt lat="67.428128" lon="18.442574">
				<ele>400.000000</ele>
			</trkpt>
			<trkpt lat="67.428979" lon="18.441344">
				<ele>400.000000</ele>
			</trkpt>
			<trkpt lat="67.429786" lon="18.440014">
				<ele>400.000000</ele>
			</trkpt>
			<trkpt lat="67.430666" lon="18.438163">
				<ele>400.000000</ele>
			</trkpt>
			<trkpt lat="67.431962" lon="18.435397">
				<ele>400.000000</ele>
			</trkpt>
			<trkpt lat="67.432361" lon="18.434678">
				<ele>400.000000</ele>
			</trkpt>
			<trkpt lat="67.433089" lon="18.433402">
				<ele>400.000000</ele>
			</trkpt>
			<trkpt lat="67.436308" lon="18.428471">
				<ele>390.000000</ele>
			</trkpt>
			<trkpt lat="67.437739" lon="18.425865">
				<ele>390.000000</ele>
			</trkpt>
			<trkpt lat="67.438580" lon="18.423844">
				<ele>390.000000</ele>
			</trkpt>
			<trkpt lat="67.439418" lon="18.421563">
				<ele>390.000000</ele>
			</trkpt>
			<trkpt lat="67.439990" lon="18.419605">
				<ele>390.000000</ele>
			</trkpt>
			<trkpt lat="67.440396" lon="18.417978">
				<ele>390.000000</ele>
			</trkpt>
			<trkpt lat="67.440748" lon="18.416389">
				<ele>390.000000</ele>
			</trkpt>
			<trkpt lat="67.441193" lon="18.414286">
				<ele>390.000000</ele>
			</trkpt>
			<trkpt lat="67.441750" lon="18.411565">
				<ele>390.000000</ele>
			</trkpt>
			<trkpt lat="67.442337" lon="18.409246">
				<ele>390.000000</ele>
			</trkpt>
			<trkpt lat="67.443157" lon="18.406596">
				<ele>389.000000</ele>
			</trkpt>
			<trkpt lat="67.444331" lon="18.403560">
				<ele>386.000000</ele>
			</trkpt>
			<trkpt lat="67.445658" lon="18.400856">
				<ele>384.000000</ele>
			</trkpt>
			<trkpt lat="67.446523" lon="18.399321">
				<ele>383.000000</ele>
			</trkpt>
			<trkpt lat="67.447250" lon="18.398099">
				<ele>381.000000</ele>
			</trkpt>
			<trkpt lat="67.448901" lon="18.395449">
				<ele>380.000000</ele>
			</trkpt>
			<trkpt lat="67.450247" lon="18.393508">
				<ele>380.000000</ele>
			</trkpt>
			<trkpt lat="67.451925" lon="18.391335">
				<ele>383.000000</ele>
			</trkpt>
			<trkpt lat="67.453409" lon="18.389727">
				<ele>391.000000</ele>
			</trkpt>
			<trkpt lat="67.456031" lon="18.387319">
				<ele>397.000000</ele>
			</trkpt>
			<trkpt lat="67.457862" lon="18.385872">
				<ele>400.000000</ele>
			</trkpt>
			<trkpt lat="67.461496" lon="18.382746">
				<ele>400.000000</ele>
			</trkpt>
			<trkpt lat="67.464760" lon="18.379530">
				<ele>400.000000</ele>
			</trkpt>
			<trkpt lat="67.466884" lon="18.377356">
				<ele>400.000000</ele>
			</trkpt>
			<trkpt lat="67.468120" lon="18.376045">
				<ele>400.000000</ele>
			</trkpt>
			<trkpt lat="67.468636" lon="18.375524">
				<ele>400.000000</ele>
			</trkpt>
			<trkpt lat="67.469118" lon="18.375058">
				<ele>400.000000</ele>
			</trkpt>
			<trkpt lat="67.469545" lon="18.374608">
				<ele>400.000000</ele>
			</trkpt>
			<trkpt lat="67.470030" lon="18.374087">
				<ele>400.000000</ele>
			</trkpt>
			<trkpt lat="67.470329" lon="18.373719">
				<ele>400.000000</ele>
			</trkpt>
			<trkpt lat="67.470839" lon="18.373071">
				<ele>400.000000</ele>
			</trkpt>
			<trkpt lat="67.471241" lon="18.372578">
				<ele>400.000000</ele>
			</trkpt>
			<trkpt lat="67.471833" lon="18.371733">
				<ele>397.000000</ele>
			</trkpt>
			<trkpt lat="67.472488" lon="18.370565">
				<ele>394.000000</ele>
			</trkpt>
			<trkpt lat="67.473599" lon="18.368167">
				<ele>390.000000</ele>
			</trkpt>
			<trkpt lat="67.474057" lon="18.367179">
				<ele>389.000000</ele>
			</trkpt>
			<trkpt lat="67.474573" lon="18.365966">
				<ele>388.000000</ele>
			</trkpt>
			<trkpt lat="67.475076" lon="18.364960">
				<ele>387.000000</ele>
			</trkpt>
			<trkpt lat="67.475203" lon="18.364744">
				<ele>387.000000</ele>
			</trkpt>
			<trkpt lat="67.475434" lon="18.364368">
				<ele>387.000000</ele>
			</trkpt>
			<trkpt lat="67.476604" lon="18.362903">
				<ele>386.000000</ele>
			</trkpt>
			<trkpt lat="67.477384" lon="18.362284">
				<ele>385.000000</ele>
			</trkpt>
			<trkpt lat="67.478094" lon="18.361924">
				<ele>384.000000</ele>
			</trkpt>
			<trkpt lat="67.479040" lon="18.361762">
				<ele>383.000000</ele>
			</trkpt>
			<trkpt lat="67.479817" lon="18.361699">
				<ele>382.000000</ele>
			</trkpt>
			<trkpt lat="67.480660" lon="18.361546">
				<ele>381.000000</ele>
			</trkpt>
			<trkpt lat="67.481207" lon="18.361079">
				<ele>381.000000</ele>
			</trkpt>
			<trkpt lat="67.481933" lon="18.360271">
				<ele>380.000000</ele>
			</trkpt>
			<trkpt lat="67.482535" lon="18.359481">
				<ele>380.000000</ele>
			</trkpt>
			<trkpt lat="67.482945" lon="18.358978">
				<ele>380.000000</ele>
			</trkpt>
			<trkpt lat="67.483058" lon="18.358806">
				<ele>380.000000</ele>
			</trkpt>
			<trkpt lat="67.484648" lon="18.356418">
				<ele>380.000000</ele>
			</trkpt>
			<trkpt lat="67.485359" lon="18.355366">
				<ele>380.000000</ele>
			</trkpt>
			<trkpt lat="67.485662" lon="18.354710">
				<ele>382.000000</ele>
			</trkpt>
			<trkpt lat="67.485879" lon="18.353831">
				<ele>383.000000</ele>
			</trkpt>
			<trkpt lat="67.486006" lon="18.352590">
				<ele>384.000000</ele>
			</trkpt>
			<trkpt lat="67.486079" lon="18.351934">
				<ele>385.000000</ele>
			</trkpt>
			<trkpt lat="67.486144" lon="18.351539">
				<ele>386.000000</ele>
			</trkpt>
			<trkpt lat="67.486205" lon="18.351252">
				<ele>386.000000</ele>
			</trkpt>
			<trkpt lat="67.486281" lon="18.350955">
				<ele>387.000000</ele>
			</trkpt>
			<trkpt lat="67.486715" lon="18.349986">
				<ele>388.000000</ele>
			</trkpt>
			<trkpt lat="67.487262" lon="18.348944">
				<ele>390.000000</ele>
			</trkpt>
			<trkpt lat="67.487654" lon="18.347479">
				<ele>390.000000</ele>
			</trkpt>
			<trkpt lat="67.488098" lon="18.345403">
				<ele>390.000000</ele>
			</trkpt>
			<trkpt lat="67.488142" lon="18.345188">
				<ele>390.000000</ele>
			</trkpt>
			<trkpt lat="67.488558" lon="18.343265">
				<ele>390.000000</ele>
			</trkpt>
			<trkpt lat="67.488772" lon="18.342196">
				<ele>390.000000</ele>
			</trkpt>
			<trkpt lat="67.489205" lon="18.339053">
				<ele>391.000000</ele>
			</trkpt>
			<trkpt lat="67.489329" lon="18.338154">
				<ele>392.000000</ele>
			</trkpt>
			<trkpt lat="67.489405" lon="18.337525">
				<ele>392.000000</ele>
			</trkpt>
			<trkpt lat="67.489480" lon="18.336906">
				<ele>393.000000</ele>
			</trkpt>
			<trkpt lat="67.489583" lon="18.336070">
				<ele>393.000000</ele>
			</trkpt>
			<trkpt lat="67.489638" lon="18.335351">
				<ele>394.000000</ele>
			</trkpt>
			<trkpt lat="67.489686" lon="18.334409">
				<ele>395.000000</ele>
			</trkpt>
			<trkpt lat="67.489755" lon="18.332512">
				<ele>397.000000</ele>
			</trkpt>
			<trkpt lat="67.489728" lon="18.330851">
				<ele>398.000000</ele>
			</trkpt>
			<trkpt lat="67.489610" lon="18.328776">
				<ele>400.000000</ele>
			</trkpt>
			<trkpt lat="67.489432" lon="18.327122">
				<ele>406.000000</ele>
			</trkpt>
			<trkpt lat="67.489239" lon="18.325641">
				<ele>413.000000</ele>
			</trkpt>
			<trkpt lat="67.488806" lon="18.323493">
				<ele>420.000000</ele>
			</trkpt>
			<trkpt lat="67.488483" lon="18.322235">
				<ele>420.000000</ele>
			</trkpt>
			<trkpt lat="67.488410" lon="18.321868">
				<ele>420.000000</ele>
			</trkpt>
			<trkpt lat="67.488259" lon="18.321105">
				<ele>420.000000</ele>
			</trkpt>
			<trkpt lat="67.488159" lon="18.320224">
				<ele>420.000000</ele>
			</trkpt>
			<trkpt lat="67.488111" lon="18.319559">
				<ele>420.000000</ele>
			</trkpt>
			<trkpt lat="67.488094" lon="18.318463">
				<ele>420.000000</ele>
			</trkpt>
			<trkpt lat="67.488135" lon="18.317763">
				<ele>420.000000</ele>
			</trkpt>
			<trkpt lat="67.488266" lon="18.316541">
				<ele>420.000000</ele>
			</trkpt>
			<trkpt lat="67.488369" lon="18.315876">
				<ele>420.000000</ele>
			</trkpt>
			<trkpt lat="67.488500" lon="18.315274">
				<ele>420.000000</ele>
			</trkpt>
			<trkpt lat="67.488820" lon="18.314340">
				<ele>420.000000</ele>
			</trkpt>
			<trkpt lat="67.489484" lon="18.312444">
				<ele>420.000000</ele>
			</trkpt>
			<trkpt lat="67.489511" lon="18.312373">
				<ele>420.000000</ele>
			</trkpt>
			<trkpt lat="67.489893" lon="18.311205">
				<ele>420.000000</ele>
			</trkpt>
			<trkpt lat="67.491877" lon="18.305618">
				<ele>420.000000</ele>
			</trkpt>
			<trkpt lat="67.492668" lon="18.303362">
				<ele>420.000000</ele>
			</trkpt>
			<trkpt lat="67.493005" lon="18.302303">
				<ele>420.000000</ele>
			</trkpt>
			<trkpt lat="67.493342" lon="18.301063">
				<ele>420.000000</ele>
			</trkpt>
			<trkpt lat="67.493879" lon="18.298655">
				<ele>420.000000</ele>
			</trkpt>
			<trkpt lat="67.494418" lon="18.295970">
				<ele>420.000000</ele>
			</trkpt>
			<trkpt lat="67.494735" lon="18.294469">
				<ele>420.000000</ele>
			</trkpt>
			<trkpt lat="67.494955" lon="18.293490">
				<ele>420.000000</ele>
			</trkpt>
			<trkpt lat="67.495305" lon="18.292358">
				<ele>420.000000</ele>
			</trkpt>
			<trkpt lat="67.496044" lon="18.290867">
				<ele>420.000000</ele>
			</trkpt>
			<trkpt lat="67.496702" lon="18.289699">
				<ele>420.000000</ele>
			</trkpt>
			<trkpt lat="67.497471" lon="18.287911">
				<ele>420.000000</ele>
			</trkpt>
			<trkpt lat="67.498114" lon="18.286043">
				<ele>420.000000</ele>
			</trkpt>
			<trkpt lat="67.498898" lon="18.284508">
				<ele>420.000000</ele>
			</trkpt>
			<trkpt lat="67.499479" lon="18.282728">
				<ele>420.000000</ele>
			</trkpt>
			<trkpt lat="67.499960" lon="18.281202">
				<ele>420.000000</ele>
			</trkpt>
			<trkpt lat="67.500528" lon="18.279072">
				<ele>420.000000</ele>
			</trkpt>
			<trkpt lat="67.501257" lon="18.276143">
				<ele>420.000000</ele>
			</trkpt>
			<trkpt lat="67.501483" lon="18.274860">
				<ele>420.000000</ele>
			</trkpt>
			<trkpt lat="67.501538" lon="18.274131">
				<ele>420.000000</ele>
			</trkpt>
			<trkpt lat="67.501559" lon="18.272820">
				<ele>420.000000</ele>
			</trkpt>
			<trkpt lat="67.501517" lon="18.271823">
				<ele>420.000000</ele>
			</trkpt>
			<trkpt lat="67.501470" lon="18.270116">
				<ele>420.000000</ele>
			</trkpt>
			<trkpt lat="67.501525" lon="18.268732">
				<ele>420.000000</ele>
			</trkpt>
			<trkpt lat="67.501690" lon="18.267457">
				<ele>420.000000</ele>
			</trkpt>
			<trkpt lat="67.502016" lon="18.265939">
				<ele>420.000000</ele>
			</trkpt>
			<trkpt lat="67.502752" lon="18.264420">
				<ele>420.000000</ele>
			</trkpt>
			<trkpt lat="67.503834" lon="18.263396">
				<ele>420.000000</ele>
			</trkpt>
			<trkpt lat="67.504660" lon="18.263109">
				<ele>420.000000</ele>
			</trkpt>
			<trkpt lat="67.505220" lon="18.263145">
				<ele>420.000000</ele>
			</trkpt>
			<trkpt lat="67.506309" lon="18.263541">
				<ele>420.000000</ele>
			</trkpt>
			<trkpt lat="67.506660" lon="18.263558">
				<ele>420.000000</ele>
			</trkpt>
			<trkpt lat="67.507440" lon="18.263604">
				<ele>421.000000</ele>
			</trkpt>
			<trkpt lat="67.508041" lon="18.263262">
				<ele>423.000000</ele>
			</trkpt>
			<trkpt lat="67.508653" lon="18.262373">
				<ele>426.000000</ele>
			</trkpt>
			<trkpt lat="67.508694" lon="18.262310">
				<ele>426.000000</ele>
			</trkpt>
			<trkpt lat="67.508993" lon="18.261717">
				<ele>428.000000</ele>
			</trkpt>
			<trkpt lat="67.509350" lon="18.260782">
				<ele>430.000000</ele>
			</trkpt>
			<trkpt lat="67.509793" lon="18.259310">
				<ele>432.000000</ele>
			</trkpt>
			<trkpt lat="67.510381" lon="18.257378">
				<ele>436.000000</ele>
			</trkpt>
			<trkpt lat="67.511037" lon="18.255266">
				<ele>440.000000</ele>
			</trkpt>
			<trkpt lat="67.511755" lon="18.252589">
				<ele>439.000000</ele>
			</trkpt>
			<trkpt lat="67.512230" lon="18.250478">
				<ele>436.000000</ele>
			</trkpt>
			<trkpt lat="67.512494" lon="18.249329">
				<ele>435.000000</ele>
			</trkpt>
			<trkpt lat="67.512763" lon="18.248296">
				<ele>433.000000</ele>
			</trkpt>
			<trkpt lat="67.513020" lon="18.247524">
				<ele>432.000000</ele>
			</trkpt>
			<trkpt lat="67.513728" lon="18.246346">
				<ele>430.000000</ele>
			</trkpt>
			<trkpt lat="67.514869" lon="18.244496">
				<ele>425.000000</ele>
			</trkpt>
			<trkpt lat="67.515570" lon="18.243157">
				<ele>423.000000</ele>
			</trkpt>
			<trkpt lat="67.515927" lon="18.242251">
				<ele>421.000000</ele>
			</trkpt>
			<trkpt lat="67.516188" lon="18.241325">
				<ele>420.000000</ele>
			</trkpt>
			<trkpt lat="67.516349" lon="18.240354">
				<ele>420.000000</ele>
			</trkpt>
			<trkpt lat="67.516565" lon="18.238532">
				<ele>420.000000</ele>
			</trkpt>
			<trkpt lat="67.516644" lon="18.237561">
				<ele>420.000000</ele>
			</trkpt>
			<trkpt lat="67.516686" lon="18.235909">
				<ele>420.000000</ele>
			</trkpt>
			<trkpt lat="67.516689" lon="18.233959">
				<ele>420.000000</ele>
			</trkpt>
			<trkpt lat="67.516679" lon="18.232278">
				<ele>420.000000</ele>
			</trkpt>
			<trkpt lat="67.516714" lon="18.231282">
				<ele>420.000000</ele>
			</trkpt>
			<trkpt lat="67.516834" lon="18.229926">
				<ele>420.000000</ele>
			</trkpt>
			<trkpt lat="67.516992" lon="18.228659">
				<ele>420.000000</ele>
			</trkpt>
			<trkpt lat="67.517215" lon="18.227248">
				<ele>420.000000</ele>
			</trkpt>
			<trkpt lat="67.517528" lon="18.225649">
				<ele>420.000000</ele>
			</trkpt>
			<trkpt lat="67.517861" lon="18.224508">
				<ele>420.000000</ele>
			</trkpt>
			<trkpt lat="67.518301" lon="18.223538">
				<ele>420.000000</ele>
			</trkpt>
			<trkpt lat="67.518970" lon="18.222236">
				<ele>420.000000</ele>
			</trkpt>
			<trkpt lat="67.519733" lon="18.220772">
				<ele>421.000000</ele>
			</trkpt>
			<trkpt lat="67.520660" lon="18.218822">
				<ele>423.000000</ele>
			</trkpt>
			<trkpt lat="67.521271" lon="18.217322">
				<ele>424.000000</ele>
			</trkpt>
			<trkpt lat="67.521615" lon="18.216001">
				<ele>425.000000</ele>
			</trkpt>
			<trkpt lat="67.521959" lon="18.214672">
				<ele>425.000000</ele>
			</trkpt>
			<trkpt lat="67.522412" lon="18.213477">
				<ele>426.000000</ele>
			</trkpt>
			<trkpt lat="67.522848" lon="18.212651">
				<ele>427.000000</ele>
			</trkpt>
			<trkpt lat="67.523552" lon="18.212058">
				<ele>428.000000</ele>
			</trkpt>
			<trkpt lat="67.523992" lon="18.211699">
				<ele>429.000000</ele>
			</trkpt>
			<trkpt lat="67.524555" lon="18.211348">
				<ele>430.000000</ele>
			</trkpt>
			<trkpt lat="67.524994" lon="18.211285">
				<ele>432.000000</ele>
			</trkpt>
			<trkpt lat="67.525499" lon="18.211393">
				<ele>436.000000</ele>
			</trkpt>
			<trkpt lat="67.525677" lon="18.211447">
				<ele>438.000000</ele>
			</trkpt>
			<trkpt lat="67.526231" lon="18.211590">
				<ele>443.000000</ele>
			</trkpt>
			<trkpt lat="67.526931" lon="18.211762">
				<ele>449.000000</ele>
			</trkpt>
			<trkpt lat="67.527429" lon="18.212103">
				<ele>452.000000</ele>
			</trkpt>
			<trkpt lat="67.527796" lon="18.212085">
				<ele>455.000000</ele>
			</trkpt>
			<trkpt lat="67.527968" lon="18.212066">
				<ele>456.000000</ele>
			</trkpt>
			<trkpt lat="67.528126" lon="18.211896">
				<ele>457.000000</ele>
			</trkpt>
			<trkpt lat="67.528215" lon="18.211824">
				<ele>458.000000</ele>
			</trkpt>
			<trkpt lat="67.528356" lon="18.211644">
				<ele>458.000000</ele>
			</trkpt>
			<trkpt lat="67.528548" lon="18.211403">
				<ele>460.000000</ele>
			</trkpt>
			<trkpt lat="67.528686" lon="18.211141">
				<ele>460.000000</ele>
			</trkpt>
			<trkpt lat="67.528854" lon="18.210791">
				<ele>460.000000</ele>
			</trkpt>
			<trkpt lat="67.528967" lon="18.210512">
				<ele>460.000000</ele>
			</trkpt>
			<trkpt lat="67.529146" lon="18.210288">
				<ele>460.000000</ele>
			</trkpt>
			<trkpt lat="67.529355" lon="18.210091">
				<ele>460.000000</ele>
			</trkpt>
			<trkpt lat="67.529620" lon="18.209866">
				<ele>460.000000</ele>
			</trkpt>
			<trkpt lat="67.529942" lon="18.209650">
				<ele>460.000000</ele>
			</trkpt>
			<trkpt lat="67.531003" lon="18.208914">
				<ele>460.000000</ele>
			</trkpt>
			<trkpt lat="67.531474" lon="18.208653">
				<ele>460.000000</ele>
			</trkpt>
			<trkpt lat="67.531978" lon="18.208456">
				<ele>460.000000</ele>
			</trkpt>
			<trkpt lat="67.532160" lon="18.208384">
				<ele>460.000000</ele>
			</trkpt>
			<trkpt lat="67.533695" lon="18.207539">
				<ele>460.000000</ele>
			</trkpt>
			<trkpt lat="67.534477" lon="18.207116">
				<ele>460.000000</ele>
			</trkpt>
			<trkpt lat="67.534903" lon="18.206829">
				<ele>460.000000</ele>
			</trkpt>
			<trkpt lat="67.535229" lon="18.206640">
				<ele>460.000000</ele>
			</trkpt>
			<trkpt lat="67.535552" lon="18.206336">
				<ele>460.000000</ele>
			</trkpt>
			<trkpt lat="67.535837" lon="18.206048">
				<ele>460.000000</ele>
			</trkpt>
			<trkpt lat="67.536108" lon="18.205707">
				<ele>460.000000</ele>
			</trkpt>
			<trkpt lat="67.536568" lon="18.204979">
				<ele>460.000000</ele>
			</trkpt>
			<trkpt lat="67.537021" lon="18.203811">
				<ele>460.000000</ele>
			</trkpt>
			<trkpt lat="67.537460" lon="18.203093">
				<ele>460.000000</ele>
			</trkpt>
			<trkpt lat="67.538236" lon="18.202032">
				<ele>460.000000</ele>
			</trkpt>
			<trkpt lat="67.539142" lon="18.201197">
				<ele>460.000000</ele>
			</trkpt>
			<trkpt lat="67.539653" lon="18.200748">
				<ele>460.000000</ele>
			</trkpt>
			<trkpt lat="67.540082" lon="18.200361">
				<ele>460.000000</ele>
			</trkpt>
			<trkpt lat="67.540549" lon="18.200047">
				<ele>460.000000</ele>
			</trkpt>
			<trkpt lat="67.541163" lon="18.199705">
				<ele>460.000000</ele>
			</trkpt>
			<trkpt lat="67.541706" lon="18.199166">
				<ele>460.000000</ele>
			</trkpt>
			<trkpt lat="67.542409" lon="18.198304">
				<ele>460.000000</ele>
			</trkpt>
			<trkpt lat="67.542941" lon="18.197828">
				<ele>460.000000</ele>
			</trkpt>
			<trkpt lat="67.543483" lon="18.197497">
				<ele>460.000000</ele>
			</trkpt>
			<trkpt lat="67.544444" lon="18.197254">
				<ele>460.000000</ele>
			</trkpt>
			<trkpt lat="67.545068" lon="18.197200">
				<ele>460.000000</ele>
			</trkpt>
			<trkpt lat="67.545689" lon="18.196885">
				<ele>460.000000</ele>
			</trkpt>
			<trkpt lat="67.546372" lon="18.196481">
				<ele>460.000000</ele>
			</trkpt>
			<trkpt lat="67.546996" lon="18.196068">
				<ele>460.000000</ele>
			</trkpt>
			<trkpt lat="67.547189" lon="18.195897">
				<ele>460.000000</ele>
			</trkpt>
			<trkpt lat="67.547326" lon="18.195717">
				<ele>460.000000</ele>
			</trkpt>
			<trkpt lat="67.547446" lon="18.195511">
				<ele>460.000000</ele>
			</trkpt>
			<trkpt lat="67.547539" lon="18.195358">
				<ele>460.000000</ele>
			</trkpt>
			<trkpt lat="67.547731" lon="18.194918">
				<ele>460.000000</ele>
			</trkpt>
			<trkpt lat="67.548119" lon="18.193705">
				<ele>460.000000</ele>
			</trkpt>
			<trkpt lat="67.548242" lon="18.193329">
				<ele>460.000000</ele>
			</trkpt>
			<trkpt lat="67.548417" lon="18.192977">
				<ele>460.000000</ele>
			</trkpt>
			<trkpt lat="67.548448" lon="18.192914">
				<ele>460.000000</ele>
			</trkpt>
			<trkpt lat="67.548482" lon="18.192860">
				<ele>460.000000</ele>
			</trkpt>
			<trkpt lat="67.548657" lon="18.192610">
				<ele>460.000000</ele>
			</trkpt>
			<trkpt lat="67.549120" lon="18.192124">
				<ele>460.000000</ele>
			</trkpt>
			<trkpt lat="67.550194" lon="18.191046">
				<ele>460.000000</ele>
			</trkpt>
			<trkpt lat="67.550328" lon="18.190929">
				<ele>460.000000</ele>
			</trkpt>
			<trkpt lat="67.550588" lon="18.190750">
				<ele>460.000000</ele>
			</trkpt>
			<trkpt lat="67.550804" lon="18.190660">
				<ele>460.000000</ele>
			</trkpt>
			<trkpt lat="67.551024" lon="18.190615">
				<ele>460.000000</ele>
			</trkpt>
			<trkpt lat="67.551281" lon="18.190642">
				<ele>460.000000</ele>
			</trkpt>
			<trkpt lat="67.552595" lon="18.190956">
				<ele>460.000000</ele>
			</trkpt>
			<trkpt lat="67.553285" lon="18.191055">
				<ele>462.000000</ele>
			</trkpt>
			<trkpt lat="67.553487" lon="18.191029">
				<ele>462.000000</ele>
			</trkpt>
			<trkpt lat="67.553666" lon="18.190956">
				<ele>462.000000</ele>
			</trkpt>
			<trkpt lat="67.553888" lon="18.190830">
				<ele>463.000000</ele>
			</trkpt>
			<trkpt lat="67.554149" lon="18.190624">
				<ele>463.000000</ele>
			</trkpt>
			<trkpt lat="67.554571" lon="18.190121">
				<ele>464.000000</ele>
			</trkpt>
			<trkpt lat="67.555116" lon="18.189205">
				<ele>465.000000</ele>
			</trkpt>
			<trkpt lat="67.555497" lon="18.188476">
				<ele>466.000000</ele>
			</trkpt>
			<trkpt lat="67.556519" lon="18.186384">
				<ele>468.000000</ele>
			</trkpt>
			<trkpt lat="67.557606" lon="18.184633">
				<ele>470.000000</ele>
			</trkpt>
			<trkpt lat="67.558038" lon="18.183842">
				<ele>470.000000</ele>
			</trkpt>
			<trkpt lat="67.558350" lon="18.183205">
				<ele>470.000000</ele>
			</trkpt>
			<trkpt lat="67.558649" lon="18.182584">
				<ele>470.000000</ele>
			</trkpt>
			<trkpt lat="67.558861" lon="18.182010">
				<ele>470.000000</ele>
			</trkpt>
			<trkpt lat="67.559033" lon="18.181371">
				<ele>470.000000</ele>
			</trkpt>
			<trkpt lat="67.559304" lon="18.180266">
				<ele>470.000000</ele>
			</trkpt>
			<trkpt lat="67.559622" lon="18.178981">
				<ele>470.000000</ele>
			</trkpt>
			<trkpt lat="67.559780" lon="18.178291">
				<ele>470.000000</ele>
			</trkpt>
			<trkpt lat="67.559862" lon="18.177760">
				<ele>470.000000</ele>
			</trkpt>
			<trkpt lat="67.559927" lon="18.177140">
				<ele>470.000000</ele>
			</trkpt>
			<trkpt lat="67.559965" lon="18.176530">
				<ele>470.000000</ele>
			</trkpt>
			<trkpt lat="67.559969" lon="18.175505">
				<ele>470.000000</ele>
			</trkpt>
			<trkpt lat="67.559979" lon="18.174446">
				<ele>470.000000</ele>
			</trkpt>
			<trkpt lat="67.559972" lon="18.173978">
				<ele>470.000000</ele>
			</trkpt>
			<trkpt lat="67.559986" lon="18.173215">
				<ele>471.000000</ele>
			</trkpt>
			<trkpt lat="67.560044" lon="18.172532">
				<ele>472.000000</ele>
			</trkpt>
			<trkpt lat="67.560126" lon="18.171876">
				<ele>473.000000</ele>
			</trkpt>
			<trkpt lat="67.560267" lon="18.171058">
				<ele>474.000000</ele>
			</trkpt>
			<trkpt lat="67.560620" lon="18.169540">
				<ele>476.000000</ele>
			</trkpt>
			<trkpt lat="67.560926" lon="18.168444">
				<ele>478.000000</ele>
			</trkpt>
			<trkpt lat="67.561268" lon="18.167304">
				<ele>480.000000</ele>
			</trkpt>
			<trkpt lat="67.561573" lon="18.166450">
				<ele>483.000000</ele>
			</trkpt>
			<trkpt lat="67.561844" lon="18.165741">
				<ele>485.000000</ele>
			</trkpt>
			<trkpt lat="67.562163" lon="18.165058">
				<ele>488.000000</ele>
			</trkpt>
			<trkpt lat="67.562677" lon="18.163791">
				<ele>490.000000</ele>
			</trkpt>
			<trkpt lat="67.562969" lon="18.162920">
				<ele>490.000000</ele>
			</trkpt>
			<trkpt lat="67.563188" lon="18.162175">
				<ele>490.000000</ele>
			</trkpt>
			<trkpt lat="67.563535" lon="18.160710">
				<ele>490.000000</ele>
			</trkpt>
			<trkpt lat="67.563840" lon="18.159362">
				<ele>490.000000</ele>
			</trkpt>
			<trkpt lat="67.564080" lon="18.158410">
				<ele>490.000000</ele>
			</trkpt>
			<trkpt lat="67.564426" lon="18.157242">
				<ele>490.000000</ele>
			</trkpt>
			<trkpt lat="67.564779" lon="18.156309">
				<ele>490.000000</ele>
			</trkpt>
			<trkpt lat="67.565359" lon="18.154871">
				<ele>490.000000</ele>
			</trkpt>
			<trkpt lat="67.566462" lon="18.152122">
				<ele>490.000000</ele>
			</trkpt>
			<trkpt lat="67.566688" lon="18.151376">
				<ele>490.000000</ele>
			</trkpt>
			<trkpt lat="67.566843" lon="18.150810">
				<ele>490.000000</ele>
			</trkpt>
			<trkpt lat="67.566970" lon="18.150236">
				<ele>490.000000</ele>
			</trkpt>
			<trkpt lat="67.567155" lon="18.149238">
				<ele>490.000000</ele>
			</trkpt>
			<trkpt lat="67.567422" lon="18.147604">
				<ele>490.000000</ele>
			</trkpt>
			<trkpt lat="67.567926" lon="18.144460">
				<ele>476.000000</ele>
			</trkpt>
			<trkpt lat="67.568115" lon="18.143535">
				<ele>472.000000</ele>
			</trkpt>
			<trkpt lat="67.568259" lon="18.142860">
				<ele>469.000000</ele>
			</trkpt>
			<trkpt lat="67.568900" lon="18.140445">
				<ele>461.000000</ele>
			</trkpt>
			<trkpt lat="67.569147" lon="18.139636">
				<ele>460.000000</ele>
			</trkpt>
			<trkpt lat="67.569599" lon="18.138611">
				<ele>460.000000</ele>
			</trkpt>
			<trkpt lat="67.569870" lon="18.138019">
				<ele>460.000000</ele>
			</trkpt>
			<trkpt lat="67.570165" lon="18.137426">
				<ele>460.000000</ele>
			</trkpt>
			<trkpt lat="67.570860" lon="18.136124">
				<ele>460.000000</ele>
			</trkpt>
			<trkpt lat="67.571429" lon="18.134847">
				<ele>465.000000</ele>
			</trkpt>
			<trkpt lat="67.572402" lon="18.132818">
				<ele>470.000000</ele>
			</trkpt>
			<trkpt lat="67.572772" lon="18.131927">
				<ele>470.000000</ele>
			</trkpt>
			<trkpt lat="67.573040" lon="18.131308">
				<ele>470.000000</ele>
			</trkpt>
			<trkpt lat="67.573650" lon="18.129512">
				<ele>470.000000</ele>
			</trkpt>
			<trkpt lat="67.574390" lon="18.126413">
				<ele>470.000000</ele>
			</trkpt>
			<trkpt lat="67.574942" lon="18.125011">
				<ele>470.000000</ele>
			</trkpt>
			<trkpt lat="67.575367" lon="18.123951">
				<ele>470.000000</ele>
			</trkpt>
			<trkpt lat="67.575723" lon="18.123394">
				<ele>470.000000</ele>
			</trkpt>
			<trkpt lat="67.576029" lon="18.122882">
				<ele>470.000000</ele>
			</trkpt>
			<trkpt lat="67.576234" lon="18.122398">
				<ele>468.000000</ele>
			</trkpt>
			<trkpt lat="67.576601" lon="18.121292">
				<ele>465.000000</ele>
			</trkpt>
			<trkpt lat="67.577087" lon="18.119505">
				<ele>460.000000</ele>
			</trkpt>
			<trkpt lat="67.577854" lon="18.116639">
				<ele>460.000000</ele>
			</trkpt>
			<trkpt lat="67.578444" lon="18.114654">
				<ele>460.000000</ele>
			</trkpt>
			<trkpt lat="67.578687" lon="18.113872">
				<ele>460.000000</ele>
			</trkpt>
			<trkpt lat="67.578965" lon="18.112578">
				<ele>460.000000</ele>
			</trkpt>
			<trkpt lat="67.579133" lon="18.111769">
				<ele>460.000000</ele>
			</trkpt>
			<trkpt lat="67.579589" lon="18.109129">
				<ele>460.000000</ele>
			</trkpt>
			<trkpt lat="67.579842" lon="18.107836">
				<ele>460.000000</ele>
			</trkpt>
			<trkpt lat="67.580040" lon="18.107000">
				<ele>460.000000</ele>
			</trkpt>
			<trkpt lat="67.580160" lon="18.106479">
				<ele>461.000000</ele>
			</trkpt>
			<trkpt lat="67.580842" lon="18.104448">
				<ele>462.000000</ele>
			</trkpt>
			<trkpt lat="67.581017" lon="18.103802">
				<ele>462.000000</ele>
			</trkpt>
			<trkpt lat="67.581264" lon="18.102813">
				<ele>462.000000</ele>
			</trkpt>
			<trkpt lat="67.581442" lon="18.101834">
				<ele>463.000000</ele>
			</trkpt>
			<trkpt lat="67.581524" lon="18.101205">
				<ele>463.000000</ele>
			</trkpt>
			<trkpt lat="67.581541" lon="18.101008">
				<ele>463.000000</ele>
			</trkpt>
			<trkpt lat="67.581600" lon="18.100362">
				<ele>463.000000</ele>
			</trkpt>
			<trkpt lat="67.581825" lon="18.100460">
				<ele>464.000000</ele>
			</trkpt>
			<trkpt lat="67.581825" lon="18.100460">
				<ele>464.000000</ele>
			</trkpt>
			<trkpt lat="67.581825" lon="18.100460">
				<ele>467.000000</ele>
			</trkpt>
			<trkpt lat="67.581946" lon="18.100496">
				<ele>469.000000</ele>
			</trkpt>
			<trkpt lat="67.582086" lon="18.100452">
				<ele>471.000000</ele>
			</trkpt>
			<trkpt lat="67.582182" lon="18.100460">
				<ele>472.000000</ele>
			</trkpt>
			<trkpt lat="67.582281" lon="18.100379">
				<ele>473.000000</ele>
			</trkpt>
			<trkpt lat="67.582357" lon="18.100245">
				<ele>474.000000</ele>
			</trkpt>
			<trkpt lat="67.582357" lon="18.100200">
				<ele>475.000000</ele>
			</trkpt>
			<trkpt lat="67.582319" lon="18.099966">
				<ele>476.000000</ele>
			</trkpt>
			<trkpt lat="67.582357" lon="18.099760">
				<ele>477.000000</ele>
			</trkpt>
			<trkpt lat="67.582418" lon="18.099679">
				<ele>478.000000</ele>
			</trkpt>
			<trkpt lat="67.582480" lon="18.099616">
				<ele>479.000000</ele>
			</trkpt>
			<trkpt lat="67.582500" lon="18.099517">
				<ele>480.000000</ele>
			</trkpt>
			<trkpt lat="67.582857" lon="18.099454">
				<ele>489.000000</ele>
			</trkpt>
			<trkpt lat="67.582953" lon="18.099373">
				<ele>492.000000</ele>
			</trkpt>
			<trkpt lat="67.583004" lon="18.099274">
				<ele>494.000000</ele>
			</trkpt>
			<trkpt lat="67.583089" lon="18.099230">
				<ele>497.000000</ele>
			</trkpt>
			<trkpt lat="67.583213" lon="18.099148">
				<ele>502.000000</ele>
			</trkpt>
			<trkpt lat="67.583346" lon="18.099257">
				<ele>506.000000</ele>
			</trkpt>
			<trkpt lat="67.583703" lon="18.099436">
				<ele>517.000000</ele>
			</trkpt>
			<trkpt lat="67.584087" lon="18.099607">
				<ele>528.000000</ele>
			</trkpt>
			<trkpt lat="67.584210" lon="18.099687">
				<ele>531.000000</ele>
			</trkpt>
			<trkpt lat="67.584343" lon="18.099463">
				<ele>535.000000</ele>
			</trkpt>
			<trkpt lat="67.584535" lon="18.099041">
				<ele>541.000000</ele>
			</trkpt>
			<trkpt lat="67.584864" lon="18.098492">
				<ele>549.000000</ele>
			</trkpt>
			<trkpt lat="67.585237" lon="18.098448">
				<ele>556.000000</ele>
			</trkpt>
			<trkpt lat="67.585611" lon="18.098699">
				<ele>564.000000</ele>
			</trkpt>
			<trkpt lat="67.586563" lon="18.098565">
				<ele>584.000000</ele>
			</trkpt>
			<trkpt lat="67.586912" lon="18.098295">
				<ele>594.000000</ele>
			</trkpt>
			<trkpt lat="67.587313" lon="18.098466">
				<ele>604.000000</ele>
			</trkpt>
			<trkpt lat="67.587642" lon="18.098960">
				<ele>611.000000</ele>
			</trkpt>
			<trkpt lat="67.587772" lon="18.099471">
				<ele>615.000000</ele>
			</trkpt>
			<trkpt lat="67.588060" lon="18.100002">
				<ele>622.000000</ele>
			</trkpt>
			<trkpt lat="67.588210" lon="18.100362">
				<ele>627.000000</ele>
			</trkpt>
			<trkpt lat="67.588611" lon="18.100550">
				<ele>636.000000</ele>
			</trkpt>
			<trkpt lat="67.588810" lon="18.100936">
				<ele>641.000000</ele>
			</trkpt>
			<trkpt lat="67.588864" lon="18.101044">
				<ele>643.000000</ele>
			</trkpt>
			<trkpt lat="67.588988" lon="18.101287">
				<ele>646.000000</ele>
			</trkpt>
			<trkpt lat="67.589563" lon="18.103119">
				<ele>665.000000</ele>
			</trkpt>
			<trkpt lat="67.589995" lon="18.103496">
				<ele>672.000000</ele>
			</trkpt>
			<trkpt lat="67.590409" lon="18.104880">
				<ele>678.000000</ele>
			</trkpt>
			<trkpt lat="67.590574" lon="18.105041">
				<ele>680.000000</ele>
			</trkpt>
			<trkpt lat="67.590645" lon="18.105113">
				<ele>681.000000</ele>
			</trkpt>
			<trkpt lat="67.591077" lon="18.105553">
				<ele>686.000000</ele>
			</trkpt>
			<trkpt lat="67.591518" lon="18.105679">
				<ele>693.000000</ele>
			</trkpt>
			<trkpt lat="67.592176" lon="18.105769">
				<ele>702.000000</ele>
			</trkpt>
			<trkpt lat="67.592984" lon="18.106021">
				<ele>708.000000</ele>
			</trkpt>
			<trkpt lat="67.594070" lon="18.104987">
				<ele>719.000000</ele>
			</trkpt>
			<trkpt lat="67.594518" lon="18.105553">
				<ele>722.000000</ele>
			</trkpt>
			<trkpt lat="67.594785" lon="18.106119">
				<ele>723.000000</ele>
			</trkpt>
			<trkpt lat="67.594956" lon="18.106335">
				<ele>724.000000</ele>
			</trkpt>
			<trkpt lat="67.595097" lon="18.106505">
				<ele>724.000000</ele>
			</trkpt>
			<trkpt lat="67.595693" lon="18.106442">
				<ele>726.000000</ele>
			</trkpt>
			<trkpt lat="67.596203" lon="18.107008">
				<ele>729.000000</ele>
			</trkpt>
			<trkpt lat="67.596645" lon="18.107045">
				<ele>731.000000</ele>
			</trkpt>
			<trkpt lat="67.597185" lon="18.106945">
				<ele>735.000000</ele>
			</trkpt>
			<trkpt lat="67.598432" lon="18.107270">
				<ele>745.000000</ele>
			</trkpt>
			<trkpt lat="67.599476" lon="18.106766">
				<ele>753.000000</ele>
			</trkpt>
			<trkpt lat="67.600315" lon="18.105742">
				<ele>758.000000</ele>
			</trkpt>
			<trkpt lat="67.600663" lon="18.105949">
				<ele>761.000000</ele>
			</trkpt>
			<trkpt lat="67.601098" lon="18.105679">
				<ele>764.000000</ele>
			</trkpt>
			<trkpt lat="67.601379" lon="18.105985">
				<ele>766.000000</ele>
			</trkpt>
			<trkpt lat="67.602166" lon="18.106012">
				<ele>770.000000</ele>
			</trkpt>
			<trkpt lat="67.602912" lon="18.105553">
				<ele>772.000000</ele>
			</trkpt>
			<trkpt lat="67.603433" lon="18.105805">
				<ele>773.000000</ele>
			</trkpt>
			<trkpt lat="67.604508" lon="18.105526">
				<ele>776.000000</ele>
			</trkpt>
			<trkpt lat="67.605373" lon="18.105284">
				<ele>778.000000</ele>
			</trkpt>
			<trkpt lat="67.605695" lon="18.105724">
				<ele>778.000000</ele>
			</trkpt>
			<trkpt lat="67.606328" lon="18.106587">
				<ele>780.000000</ele>
			</trkpt>
			<trkpt lat="67.607129" lon="18.106236">
				<ele>784.000000</ele>
			</trkpt>
			<trkpt lat="67.608614" lon="18.106748">
				<ele>790.000000</ele>
			</trkpt>
			<trkpt lat="67.608970" lon="18.106865">
				<ele>792.000000</ele>
			</trkpt>
			<trkpt lat="67.609921" lon="18.106075">
				<ele>799.000000</ele>
			</trkpt>
			<trkpt lat="67.611557" lon="18.105419">
				<ele>811.000000</ele>
			</trkpt>
			<trkpt lat="67.612655" lon="18.105903">
				<ele>816.000000</ele>
			</trkpt>
			<trkpt lat="67.612799" lon="18.106165">
				<ele>817.000000</ele>
			</trkpt>
			<trkpt lat="67.614304" lon="18.105958">
				<ele>829.000000</ele>
			</trkpt>
			<trkpt lat="67.615932" lon="18.106119">
				<ele>843.000000</ele>
			</trkpt>
			<trkpt lat="67.617793" lon="18.106865">
				<ele>850.000000</ele>
			</trkpt>
			<trkpt lat="67.619011" lon="18.106982">
				<ele>855.000000</ele>
			</trkpt>
			<trkpt lat="67.619576" lon="18.107332">
				<ele>857.000000</ele>
			</trkpt>
			<trkpt lat="67.620933" lon="18.107421">
				<ele>865.000000</ele>
			</trkpt>
			<trkpt lat="67.621477" lon="18.107530">
				<ele>870.000000</ele>
			</trkpt>
			<trkpt lat="67.622209" lon="18.107511">
				<ele>870.000000</ele>
			</trkpt>
			<trkpt lat="67.622787" lon="18.106982">
				<ele>870.000000</ele>
			</trkpt>
			<trkpt lat="67.623314" lon="18.106497">
				<ele>870.000000</ele>
			</trkpt>
			<trkpt lat="67.625358" lon="18.106389">
				<ele>870.000000</ele>
			</trkpt>
			<trkpt lat="67.627314" lon="18.106416">
				<ele>870.000000</ele>
			</trkpt>
			<trkpt lat="67.631708" lon="18.107144">
				<ele>870.000000</ele>
			</trkpt>
			<trkpt lat="67.632286" lon="18.107234">
				<ele>870.000000</ele>
			</trkpt>
			<trkpt lat="67.633048" lon="18.106838">
				<ele>873.000000</ele>
			</trkpt>
			<trkpt lat="67.634593" lon="18.106029">
				<ele>879.000000</ele>
			</trkpt>
			<trkpt lat="67.637013" lon="18.106209">
				<ele>891.000000</ele>
			</trkpt>
			<trkpt lat="67.638065" lon="18.105014">
				<ele>897.000000</ele>
			</trkpt>
			<trkpt lat="67.639689" lon="18.104358">
				<ele>905.000000</ele>
			</trkpt>
			<trkpt lat="67.639809" lon="18.103847">
				<ele>906.000000</ele>
			</trkpt>
			<trkpt lat="67.640895" lon="18.104700">
				<ele>912.000000</ele>
			</trkpt>
			<trkpt lat="67.641247" lon="18.104125">
				<ele>915.000000</ele>
			</trkpt>
			<trkpt lat="67.642809" lon="18.104054">
				<ele>923.000000</ele>
			</trkpt>
			<trkpt lat="67.643557" lon="18.104494">
				<ele>926.000000</ele>
			</trkpt>
			<trkpt lat="67.644251" lon="18.104287">
				<ele>928.000000</ele>
			</trkpt>
			<trkpt lat="67.646991" lon="18.106829">
				<ele>939.000000</ele>
			</trkpt>
			<trkpt lat="67.649775" lon="18.107377">
				<ele>933.000000</ele>
			</trkpt>
			<trkpt lat="67.652566" lon="18.107054">
				<ele>896.000000</ele>
			</trkpt>
			<trkpt lat="67.654041" lon="18.107251">
				<ele>876.000000</ele>
			</trkpt>
			<trkpt lat="67.654762" lon="18.107737">
				<ele>868.000000</ele>
			</trkpt>
			<trkpt lat="67.656859" lon="18.109209">
				<ele>852.000000</ele>
			</trkpt>
			<trkpt lat="67.657740" lon="18.106021">
				<ele>838.000000</ele>
			</trkpt>
			<trkpt lat="67.658604" lon="18.104395">
				<ele>828.000000</ele>
			</trkpt>
			<trkpt lat="67.658881" lon="18.103918">
				<ele>823.000000</ele>
			</trkpt>
			<trkpt lat="67.659062" lon="18.103316">
				<ele>820.000000</ele>
			</trkpt>
			<trkpt lat="67.659256" lon="18.102724">
				<ele>817.000000</ele>
			</trkpt>
			<trkpt lat="67.659502" lon="18.101601">
				<ele>812.000000</ele>
			</trkpt>
			<trkpt lat="67.659878" lon="18.100999">
				<ele>807.000000</ele>
			</trkpt>
			<trkpt lat="67.660806" lon="18.098897">
				<ele>800.000000</ele>
			</trkpt>
			<trkpt lat="67.661114" lon="18.098834">
				<ele>800.000000</ele>
			</trkpt>
			<trkpt lat="67.661254" lon="18.099094">
				<ele>800.000000</ele>
			</trkpt>
			<trkpt lat="67.661270" lon="18.099337">
				<ele>800.000000</ele>
			</trkpt>
			<trkpt lat="67.661366" lon="18.099454">
				<ele>800.000000</ele>
			</trkpt>
			<trkpt lat="67.661380" lon="18.099534">
				<ele>800.000000</ele>
			</trkpt>
			<trkpt lat="67.661376" lon="18.099858">
				<ele>801.000000</ele>
			</trkpt>
			<trkpt lat="67.661325" lon="18.100073">
				<ele>802.000000</ele>
			</trkpt>
			<trkpt lat="67.661144" lon="18.101052">
				<ele>807.000000</ele>
			</trkpt>
			<trkpt lat="67.661154" lon="18.101385">
				<ele>809.000000</ele>
			</trkpt>
			<trkpt lat="67.661079" lon="18.101825">
				<ele>812.000000</ele>
			</trkpt>
			<trkpt lat="67.660994" lon="18.102121">
				<ele>814.000000</ele>
			</trkpt>
			<trkpt lat="67.660957" lon="18.102320">
				<ele>815.000000</ele>
			</trkpt>
			<trkpt lat="67.660953" lon="18.102626">
				<ele>816.000000</ele>
			</trkpt>
			<trkpt lat="67.660950" lon="18.102805">
				<ele>817.000000</ele>
			</trkpt>
			<trkpt lat="67.660922" lon="18.103039">
				<ele>819.000000</ele>
			</trkpt>
			<trkpt lat="67.660929" lon="18.103173">
				<ele>819.000000</ele>
			</trkpt>
			<trkpt lat="67.660908" lon="18.103281">
				<ele>820.000000</ele>
			</trkpt>
			<trkpt lat="67.661008" lon="18.104943">
				<ele>829.000000</ele>
			</trkpt>
			<trkpt lat="67.660977" lon="18.105213">
				<ele>830.000000</ele>
			</trkpt>
			<trkpt lat="67.660998" lon="18.105446">
				<ele>831.000000</ele>
			</trkpt>
			<trkpt lat="67.660973" lon="18.106039">
				<ele>834.000000</ele>
			</trkpt>
			<trkpt lat="67.660998" lon="18.106631">
				<ele>836.000000</ele>
			</trkpt>
			<trkpt lat="67.660991" lon="18.106945">
				<ele>838.000000</ele>
			</trkpt>
			<trkpt lat="67.661001" lon="18.107484">
				<ele>840.000000</ele>
			</trkpt>
			<trkpt lat="67.661097" lon="18.108195">
				<ele>840.000000</ele>
			</trkpt>
			<trkpt lat="67.661205" lon="18.108931">
				<ele>840.000000</ele>
			</trkpt>
			<trkpt lat="67.661220" lon="18.109075">
				<ele>840.000000</ele>
			</trkpt>
			<trkpt lat="67.661233" lon="18.109381">
				<ele>840.000000</ele>
			</trkpt>
			<trkpt lat="67.664125" lon="18.109524">
				<ele>811.000000</ele>
			</trkpt>
			<trkpt lat="67.666757" lon="18.110611">
				<ele>793.000000</ele>
			</trkpt>
			<trkpt lat="67.667399" lon="18.110476">
				<ele>790.000000</ele>
			</trkpt>
			<trkpt lat="67.669832" lon="18.110773">
				<ele>772.000000</ele>
			</trkpt>
			<trkpt lat="67.671013" lon="18.110459">
				<ele>760.000000</ele>
			</trkpt>
			<trkpt lat="67.672177" lon="18.110611">
				<ele>747.000000</ele>
			</trkpt>
			<trkpt lat="67.672883" lon="18.110880">
				<ele>738.000000</ele>
			</trkpt>
			<trkpt lat="67.673419" lon="18.111150">
				<ele>730.000000</ele>
			</trkpt>
			<trkpt lat="67.674119" lon="18.111599">
				<ele>725.000000</ele>
			</trkpt>
			<trkpt lat="67.674464" lon="18.112237">
				<ele>722.000000</ele>
			</trkpt>
			<trkpt lat="67.676019" lon="18.113593">
				<ele>710.000000</ele>
			</trkpt>
			<trkpt lat="67.677282" lon="18.115570">
				<ele>692.000000</ele>
			</trkpt>
			<trkpt lat="67.677388" lon="18.115731">
				<ele>691.000000</ele>
			</trkpt>
			<trkpt lat="67.677715" lon="18.115992">
				<ele>687.000000</ele>
			</trkpt>
			<trkpt lat="67.678339" lon="18.117222">
				<ele>678.000000</ele>
			</trkpt>
			<trkpt lat="67.679176" lon="18.118444">
				<ele>664.000000</ele>
			</trkpt>
			<trkpt lat="67.679503" lon="18.118956">
				<ele>659.000000</ele>
			</trkpt>
			<trkpt lat="67.680274" lon="18.119208">
				<ele>651.000000</ele>
			</trkpt>
			<trkpt lat="67.680926" lon="18.121247">
				<ele>638.000000</ele>
			</trkpt>
			<trkpt lat="67.681219" lon="18.121480">
				<ele>635.000000</ele>
			</trkpt>
			<trkpt lat="67.681738" lon="18.121400">
				<ele>630.000000</ele>
			</trkpt>
			<trkpt lat="67.681997" lon="18.120987">
				<ele>624.000000</ele>
			</trkpt>
			<trkpt lat="67.682498" lon="18.121023">
				<ele>615.000000</ele>
			</trkpt>
			<trkpt lat="67.683252" lon="18.121706">
				<ele>602.000000</ele>
			</trkpt>
			<trkpt lat="67.684268" lon="18.122002">
				<ele>590.000000</ele>
			</trkpt>
			<trkpt lat="67.687564" lon="18.124742">
				<ele>543.000000</ele>
			</trkpt>
			<trkpt lat="67.687751" lon="18.125361">
				<ele>539.000000</ele>
			</trkpt>
			<trkpt lat="67.687788" lon="18.126331">
				<ele>537.000000</ele>
			</trkpt>
			<trkpt lat="67.688082" lon="18.128973">
				<ele>530.000000</ele>
			</trkpt>
			<trkpt lat="67.688034" lon="18.133994">
				<ele>524.000000</ele>
			</trkpt>
			<trkpt lat="67.688839" lon="18.140273">
				<ele>511.000000</ele>
			</trkpt>
			<trkpt lat="67.688880" lon="18.140390">
				<ele>510.000000</ele>
			</trkpt>
			<trkpt lat="67.688880" lon="18.140390">
				<ele>510.000000</ele>
			</trkpt>
			<trkpt lat="67.688839" lon="18.140273">
				<ele>511.000000</ele>
			</trkpt>
			<trkpt lat="67.688034" lon="18.133994">
				<ele>524.000000</ele>
			</trkpt>
			<trkpt lat="67.688082" lon="18.128973">
				<ele>530.000000</ele>
			</trkpt>
			<trkpt lat="67.687788" lon="18.126331">
				<ele>537.000000</ele>
			</trkpt>
			<trkpt lat="67.687751" lon="18.125361">
				<ele>539.000000</ele>
			</trkpt>
			<trkpt lat="67.687564" lon="18.124742">
				<ele>543.000000</ele>
			</trkpt>
			<trkpt lat="67.684268" lon="18.122002">
				<ele>590.000000</ele>
			</trkpt>
			<trkpt lat="67.683252" lon="18.121706">
				<ele>602.000000</ele>
			</trkpt>
			<trkpt lat="67.682498" lon="18.121023">
				<ele>615.000000</ele>
			</trkpt>
			<trkpt lat="67.681997" lon="18.120987">
				<ele>624.000000</ele>
			</trkpt>
			<trkpt lat="67.681738" lon="18.121400">
				<ele>630.000000</ele>
			</trkpt>
			<trkpt lat="67.681219" lon="18.121480">
				<ele>635.000000</ele>
			</trkpt>
			<trkpt lat="67.680926" lon="18.121247">
				<ele>638.000000</ele>
			</trkpt>
			<trkpt lat="67.680274" lon="18.119208">
				<ele>651.000000</ele>
			</trkpt>
			<trkpt lat="67.679503" lon="18.118956">
				<ele>659.000000</ele>
			</trkpt>
			<trkpt lat="67.679176" lon="18.118444">
				<ele>664.000000</ele>
			</trkpt>
			<trkpt lat="67.678339" lon="18.117222">
				<ele>678.000000</ele>
			</trkpt>
			<trkpt lat="67.677715" lon="18.115992">
				<ele>687.000000</ele>
			</trkpt>
			<trkpt lat="67.677388" lon="18.115731">
				<ele>691.000000</ele>
			</trkpt>
			<trkpt lat="67.677282" lon="18.115570">
				<ele>692.000000</ele>
			</trkpt>
			<trkpt lat="67.676019" lon="18.113593">
				<ele>710.000000</ele>
			</trkpt>
			<trkpt lat="67.674464" lon="18.112237">
				<ele>722.000000</ele>
			</trkpt>
			<trkpt lat="67.674119" lon="18.111599">
				<ele>725.000000</ele>
			</trkpt>
			<trkpt lat="67.673419" lon="18.111150">
				<ele>730.000000</ele>
			</trkpt>
			<trkpt lat="67.672883" lon="18.110880">
				<ele>738.000000</ele>
			</trkpt>
			<trkpt lat="67.672177" lon="18.110611">
				<ele>747.000000</ele>
			</trkpt>
			<trkpt lat="67.671013" lon="18.110459">
				<ele>760.000000</ele>
			</trkpt>
			<trkpt lat="67.669832" lon="18.110773">
				<ele>772.000000</ele>
			</trkpt>
			<trkpt lat="67.667399" lon="18.110476">
				<ele>790.000000</ele>
			</trkpt>
			<trkpt lat="67.666757" lon="18.110611">
				<ele>793.000000</ele>
			</trkpt>
			<trkpt lat="67.664125" lon="18.109524">
				<ele>811.000000</ele>
			</trkpt>
			<trkpt lat="67.661233" lon="18.109381">
				<ele>840.000000</ele>
			</trkpt>
			<trkpt lat="67.661220" lon="18.109075">
				<ele>840.000000</ele>
			</trkpt>
			<trkpt lat="67.661205" lon="18.108931">
				<ele>840.000000</ele>
			</trkpt>
			<trkpt lat="67.661097" lon="18.108195">
				<ele>840.000000</ele>
			</trkpt>
			<trkpt lat="67.661001" lon="18.107484">
				<ele>840.000000</ele>
			</trkpt>
			<trkpt lat="67.660991" lon="18.106945">
				<ele>838.000000</ele>
			</trkpt>
			<trkpt lat="67.660998" lon="18.106631">
				<ele>836.000000</ele>
			</trkpt>
			<trkpt lat="67.660973" lon="18.106039">
				<ele>834.000000</ele>
			</trkpt>
			<trkpt lat="67.660998" lon="18.105446">
				<ele>831.000000</ele>
			</trkpt>
			<trkpt lat="67.660977" lon="18.105213">
				<ele>830.000000</ele>
			</trkpt>
			<trkpt lat="67.661008" lon="18.104943">
				<ele>829.000000</ele>
			</trkpt>
			<trkpt lat="67.660908" lon="18.103281">
				<ele>820.000000</ele>
			</trkpt>
			<trkpt lat="67.660929" lon="18.103173">
				<ele>819.000000</ele>
			</trkpt>
			<trkpt lat="67.660922" lon="18.103039">
				<ele>819.000000</ele>
			</trkpt>
			<trkpt lat="67.660950" lon="18.102805">
				<ele>817.000000</ele>
			</trkpt>
			<trkpt lat="67.660953" lon="18.102626">
				<ele>816.000000</ele>
			</trkpt>
			<trkpt lat="67.660957" lon="18.102320">
				<ele>815.000000</ele>
			</trkpt>
			<trkpt lat="67.660994" lon="18.102121">
				<ele>814.000000</ele>
			</trkpt>
			<trkpt lat="67.661079" lon="18.101825">
				<ele>812.000000</ele>
			</trkpt>
			<trkpt lat="67.661154" lon="18.101385">
				<ele>809.000000</ele>
			</trkpt>
			<trkpt lat="67.661144" lon="18.101052">
				<ele>807.000000</ele>
			</trkpt>
			<trkpt lat="67.661325" lon="18.100073">
				<ele>802.000000</ele>
			</trkpt>
			<trkpt lat="67.661376" lon="18.099858">
				<ele>801.000000</ele>
			</trkpt>
			<trkpt lat="67.661380" lon="18.099534">
				<ele>800.000000</ele>
			</trkpt>
			<trkpt lat="67.661366" lon="18.099454">
				<ele>800.000000</ele>
			</trkpt>
			<trkpt lat="67.661270" lon="18.099337">
				<ele>800.000000</ele>
			</trkpt>
			<trkpt lat="67.661254" lon="18.099094">
				<ele>800.000000</ele>
			</trkpt>
			<trkpt lat="67.661114" lon="18.098834">
				<ele>800.000000</ele>
			</trkpt>
			<trkpt lat="67.660806" lon="18.098897">
				<ele>800.000000</ele>
			</trkpt>
			<trkpt lat="67.659878" lon="18.100999">
				<ele>807.000000</ele>
			</trkpt>
			<trkpt lat="67.659502" lon="18.101601">
				<ele>812.000000</ele>
			</trkpt>
			<trkpt lat="67.659256" lon="18.102724">
				<ele>817.000000</ele>
			</trkpt>
			<trkpt lat="67.659062" lon="18.103316">
				<ele>820.000000</ele>
			</trkpt>
			<trkpt lat="67.658881" lon="18.103918">
				<ele>823.000000</ele>
			</trkpt>
			<trkpt lat="67.658604" lon="18.104395">
				<ele>828.000000</ele>
			</trkpt>
			<trkpt lat="67.657740" lon="18.106021">
				<ele>838.000000</ele>
			</trkpt>
			<trkpt lat="67.656859" lon="18.109209">
				<ele>852.000000</ele>
			</trkpt>
			<trkpt lat="67.654762" lon="18.107737">
				<ele>868.000000</ele>
			</trkpt>
			<trkpt lat="67.654041" lon="18.107251">
				<ele>876.000000</ele>
			</trkpt>
			<trkpt lat="67.652566" lon="18.107054">
				<ele>896.000000</ele>
			</trkpt>
			<trkpt lat="67.649775" lon="18.107377">
				<ele>933.000000</ele>
			</trkpt>
			<trkpt lat="67.646991" lon="18.106829">
				<ele>939.000000</ele>
			</trkpt>
			<trkpt lat="67.644251" lon="18.104287">
				<ele>928.000000</ele>
			</trkpt>
			<trkpt lat="67.643557" lon="18.104494">
				<ele>926.000000</ele>
			</trkpt>
			<trkpt lat="67.642809" lon="18.104054">
				<ele>923.000000</ele>
			</trkpt>
			<trkpt lat="67.641247" lon="18.104125">
				<ele>915.000000</ele>
			</trkpt>
			<trkpt lat="67.640895" lon="18.104700">
				<ele>912.000000</ele>
			</trkpt>
			<trkpt lat="67.639809" lon="18.103847">
				<ele>906.000000</ele>
			</trkpt>
			<trkpt lat="67.639689" lon="18.104358">
				<ele>905.000000</ele>
			</trkpt>
			<trkpt lat="67.638065" lon="18.105014">
				<ele>897.000000</ele>
			</trkpt>
			<trkpt lat="67.637013" lon="18.106209">
				<ele>891.000000</ele>
			</trkpt>
			<trkpt lat="67.634593" lon="18.106029">
				<ele>879.000000</ele>
			</trkpt>
			<trkpt lat="67.633048" lon="18.106838">
				<ele>873.000000</ele>
			</trkpt>
			<trkpt lat="67.632286" lon="18.107234">
				<ele>870.000000</ele>
			</trkpt>
			<trkpt lat="67.631708" lon="18.107144">
				<ele>870.000000</ele>
			</trkpt>
			<trkpt lat="67.627314" lon="18.106416">
				<ele>870.000000</ele>
			</trkpt>
			<trkpt lat="67.625358" lon="18.106389">
				<ele>870.000000</ele>
			</trkpt>
			<trkpt lat="67.623314" lon="18.106497">
				<ele>870.000000</ele>
			</trkpt>
			<trkpt lat="67.622787" lon="18.106982">
				<ele>870.000000</ele>
			</trkpt>
			<trkpt lat="67.622209" lon="18.107511">
				<ele>870.000000</ele>
			</trkpt>
			<trkpt lat="67.621477" lon="18.107530">
				<ele>870.000000</ele>
			</trkpt>
			<trkpt lat="67.620933" lon="18.107421">
				<ele>865.000000</ele>
			</trkpt>
			<trkpt lat="67.619576" lon="18.107332">
				<ele>857.000000</ele>
			</trkpt>
			<trkpt lat="67.619011" lon="18.106982">
				<ele>855.000000</ele>
			</trkpt>
			<trkpt lat="67.617793" lon="18.106865">
				<ele>850.000000</ele>
			</trkpt>
			<trkpt lat="67.615932" lon="18.106119">
				<ele>843.000000</ele>
			</trkpt>
			<trkpt lat="67.614304" lon="18.105958">
				<ele>829.000000</ele>
			</trkpt>
			<trkpt lat="67.612799" lon="18.106165">
				<ele>817.000000</ele>
			</trkpt>
			<trkpt lat="67.612655" lon="18.105903">
				<ele>816.000000</ele>
			</trkpt>
			<trkpt lat="67.611557" lon="18.105419">
				<ele>811.000000</ele>
			</trkpt>
			<trkpt lat="67.609921" lon="18.106075">
				<ele>799.000000</ele>
			</trkpt>
			<trkpt lat="67.608970" lon="18.106865">
				<ele>792.000000</ele>
			</trkpt>
			<trkpt lat="67.608614" lon="18.106748">
				<ele>790.000000</ele>
			</trkpt>
			<trkpt lat="67.607129" lon="18.106236">
				<ele>784.000000</ele>
			</trkpt>
			<trkpt lat="67.606328" lon="18.106587">
				<ele>780.000000</ele>
			</trkpt>
			<trkpt lat="67.605695" lon="18.105724">
				<ele>778.000000</ele>
			</trkpt>
			<trkpt lat="67.605373" lon="18.105284">
				<ele>778.000000</ele>
			</trkpt>
			<trkpt lat="67.604508" lon="18.105526">
				<ele>776.000000</ele>
			</trkpt>
			<trkpt lat="67.603433" lon="18.105805">
				<ele>773.000000</ele>
			</trkpt>
			<trkpt lat="67.602912" lon="18.105553">
				<ele>772.000000</ele>
			</trkpt>
			<trkpt lat="67.602166" lon="18.106012">
				<ele>770.000000</ele>
			</trkpt>
			<trkpt lat="67.601379" lon="18.105985">
				<ele>766.000000</ele>
			</trkpt>
			<trkpt lat="67.601098" lon="18.105679">
				<ele>764.000000</ele>
			</trkpt>
			<trkpt lat="67.600663" lon="18.105949">
				<ele>761.000000</ele>
			</trkpt>
			<trkpt lat="67.600315" lon="18.105742">
				<ele>758.000000</ele>
			</trkpt>
			<trkpt lat="67.599476" lon="18.106766">
				<ele>753.000000</ele>
			</trkpt>
			<trkpt lat="67.598432" lon="18.107270">
				<ele>745.000000</ele>
			</trkpt>
			<trkpt lat="67.597185" lon="18.106945">
				<ele>735.000000</ele>
			</trkpt>
			<trkpt lat="67.596645" lon="18.107045">
				<ele>731.000000</ele>
			</trkpt>
			<trkpt lat="67.596203" lon="18.107008">
				<ele>729.000000</ele>
			</trkpt>
			<trkpt lat="67.595693" lon="18.106442">
				<ele>726.000000</ele>
			</trkpt>
			<trkpt lat="67.595097" lon="18.106505">
				<ele>724.000000</ele>
			</trkpt>
			<trkpt lat="67.594956" lon="18.106335">
				<ele>724.000000</ele>
			</trkpt>
			<trkpt lat="67.594785" lon="18.106119">
				<ele>723.000000</ele>
			</trkpt>
			<trkpt lat="67.594518" lon="18.105553">
				<ele>722.000000</ele>
			</trkpt>
			<trkpt lat="67.594070" lon="18.104987">
				<ele>719.000000</ele>
			</trkpt>
			<trkpt lat="67.592984" lon="18.106021">
				<ele>708.000000</ele>
			</trkpt>
			<trkpt lat="67.592176" lon="18.105769">
				<ele>702.000000</ele>
			</trkpt>
			<trkpt lat="67.591518" lon="18.105679">
				<ele>693.000000</ele>
			</trkpt>
			<trkpt lat="67.591077" lon="18.105553">
				<ele>686.000000</ele>
			</trkpt>
			<trkpt lat="67.590645" lon="18.105113">
				<ele>681.000000</ele>
			</trkpt>
			<trkpt lat="67.590574" lon="18.105041">
				<ele>680.000000</ele>
			</trkpt>
			<trkpt lat="67.590409" lon="18.104880">
				<ele>678.000000</ele>
			</trkpt>
			<trkpt lat="67.589995" lon="18.103496">
				<ele>672.000000</ele>
			</trkpt>
			<trkpt lat="67.589563" lon="18.103119">
				<ele>665.000000</ele>
			</trkpt>
			<trkpt lat="67.588988" lon="18.101287">
				<ele>646.000000</ele>
			</trkpt>
			<trkpt lat="67.588864" lon="18.101044">
				<ele>643.000000</ele>
			</trkpt>
			<trkpt lat="67.588810" lon="18.100936">
				<ele>641.000000</ele>
			</trkpt>
			<trkpt lat="67.588611" lon="18.100550">
				<ele>636.000000</ele>
			</trkpt>
			<trkpt lat="67.588210" lon="18.100362">
				<ele>627.000000</ele>
			</trkpt>
			<trkpt lat="67.588060" lon="18.100002">
				<ele>622.000000</ele>
			</trkpt>
			<trkpt lat="67.587772" lon="18.099471">
				<ele>615.000000</ele>
			</trkpt>
			<trkpt lat="67.587642" lon="18.098960">
				<ele>611.000000</ele>
			</trkpt>
			<trkpt lat="67.587313" lon="18.098466">
				<ele>604.000000</ele>
			</trkpt>
			<trkpt lat="67.586912" lon="18.098295">
				<ele>594.000000</ele>
			</trkpt>
			<trkpt lat="67.586563" lon="18.098565">
				<ele>584.000000</ele>
			</trkpt>
			<trkpt lat="67.585611" lon="18.098699">
				<ele>564.000000</ele>
			</trkpt>
			<trkpt lat="67.585237" lon="18.098448">
				<ele>556.000000</ele>
			</trkpt>
			<trkpt lat="67.584864" lon="18.098492">
				<ele>549.000000</ele>
			</trkpt>
			<trkpt lat="67.584535" lon="18.099041">
				<ele>541.000000</ele>
			</trkpt>
			<trkpt lat="67.584343" lon="18.099463">
				<ele>535.000000</ele>
			</trkpt>
			<trkpt lat="67.584210" lon="18.099687">
				<ele>531.000000</ele>
			</trkpt>
			<trkpt lat="67.584087" lon="18.099607">
				<ele>528.000000</ele>
			</trkpt>
			<trkpt lat="67.583703" lon="18.099436">
				<ele>517.000000</ele>
			</trkpt>
			<trkpt lat="67.583346" lon="18.099257">
				<ele>506.000000</ele>
			</trkpt>
			<trkpt lat="67.583213" lon="18.099148">
				<ele>502.000000</ele>
			</trkpt>
			<trkpt lat="67.583089" lon="18.099230">
				<ele>497.000000</ele>
			</trkpt>
			<trkpt lat="67.583004" lon="18.099274">
				<ele>494.000000</ele>
			</trkpt>
			<trkpt lat="67.582953" lon="18.099373">
				<ele>492.000000</ele>
			</trkpt>
			<trkpt lat="67.582857" lon="18.099454">
				<ele>489.000000</ele>
			</trkpt>
			<trkpt lat="67.582500" lon="18.099517">
				<ele>480.000000</ele>
			</trkpt>
			<trkpt lat="67.582480" lon="18.099616">
				<ele>479.000000</ele>
			</trkpt>
			<trkpt lat="67.582418" lon="18.099679">
				<ele>478.000000</ele>
			</trkpt>
			<trkpt lat="67.582357" lon="18.099760">
				<ele>477.000000</ele>
			</trkpt>
			<trkpt lat="67.582319" lon="18.099966">
				<ele>476.000000</ele>
			</trkpt>
			<trkpt lat="67.582357" lon="18.100200">
				<ele>475.000000</ele>
			</trkpt>
			<trkpt lat="67.582357" lon="18.100245">
				<ele>474.000000</ele>
			</trkpt>
			<trkpt lat="67.582281" lon="18.100379">
				<ele>473.000000</ele>
			</trkpt>
			<trkpt lat="67.582182" lon="18.100460">
				<ele>472.000000</ele>
			</trkpt>
			<trkpt lat="67.582086" lon="18.100452">
				<ele>471.000000</ele>
			</trkpt>
			<trkpt lat="67.581946" lon="18.100496">
				<ele>469.000000</ele>
			</trkpt>
			<trkpt lat="67.581825" lon="18.100460">
				<ele>467.000000</ele>
			</trkpt>
			<trkpt lat="67.581600" lon="18.100362">
				<ele>463.000000</ele>
			</trkpt>
			<trkpt lat="67.581620" lon="18.100092">
				<ele>464.000000</ele>
			</trkpt>
			<trkpt lat="67.581654" lon="18.099660">
				<ele>464.000000</ele>
			</trkpt>
			<trkpt lat="67.581692" lon="18.099194">
				<ele>464.000000</ele>
			</trkpt>
			<trkpt lat="67.581795" lon="18.097828">
				<ele>464.000000</ele>
			</trkpt>
			<trkpt lat="67.581866" lon="18.097370">
				<ele>465.000000</ele>
			</trkpt>
			<trkpt lat="67.582147" lon="18.095133">
				<ele>466.000000</ele>
			</trkpt>
			<trkpt lat="67.582332" lon="18.093750">
				<ele>466.000000</ele>
			</trkpt>
			<trkpt lat="67.582658" lon="18.091431">
				<ele>467.000000</ele>
			</trkpt>
			<trkpt lat="67.582740" lon="18.090955">
				<ele>467.000000</ele>
			</trkpt>
			<trkpt lat="67.582918" lon="18.090265">
				<ele>468.000000</ele>
			</trkpt>
			<trkpt lat="67.583340" lon="18.088810">
				<ele>468.000000</ele>
			</trkpt>
			<trkpt lat="67.583515" lon="18.087928">
				<ele>469.000000</ele>
			</trkpt>
			<trkpt lat="67.583936" lon="18.085171">
				<ele>470.000000</ele>
			</trkpt>
			<trkpt lat="67.584251" lon="18.083868">
				<ele>470.000000</ele>
			</trkpt>
			<trkpt lat="67.584628" lon="18.082215">
				<ele>470.000000</ele>
			</trkpt>
			<trkpt lat="67.585066" lon="18.080104">
				<ele>470.000000</ele>
			</trkpt>
			<trkpt lat="67.585231" lon="18.079260">
				<ele>470.000000</ele>
			</trkpt>
			<trkpt lat="67.585546" lon="18.077787">
				<ele>467.000000</ele>
			</trkpt>
			<trkpt lat="67.585912" lon="18.076107">
				<ele>461.000000</ele>
			</trkpt>
			<trkpt lat="67.586176" lon="18.074912">
				<ele>460.000000</ele>
			</trkpt>
			<trkpt lat="67.586484" lon="18.073888">
				<ele>460.000000</ele>
			</trkpt>
			<trkpt lat="67.586600" lon="18.073646">
				<ele>460.000000</ele>
			</trkpt>
			<trkpt lat="67.586779" lon="18.073250">
				<ele>460.000000</ele>
			</trkpt>
			<trkpt lat="67.586943" lon="18.072954">
				<ele>460.000000</ele>
			</trkpt>
			<trkpt lat="67.587114" lon="18.072577">
				<ele>460.000000</ele>
			</trkpt>
			<trkpt lat="67.587303" lon="18.072191">
				<ele>460.000000</ele>
			</trkpt>
			<trkpt lat="67.587549" lon="18.071562">
				<ele>460.000000</ele>
			</trkpt>
			<trkpt lat="67.588022" lon="18.070384">
				<ele>460.000000</ele>
			</trkpt>
			<trkpt lat="67.588269" lon="18.069782">
				<ele>460.000000</ele>
			</trkpt>
			<trkpt lat="67.588580" lon="18.069109">
				<ele>460.000000</ele>
			</trkpt>
			<trkpt lat="67.589197" lon="18.067734">
				<ele>460.000000</ele>
			</trkpt>
			<trkpt lat="67.589289" lon="18.067546">
				<ele>460.000000</ele>
			</trkpt>
			<trkpt lat="67.589491" lon="18.067195">
				<ele>460.000000</ele>
			</trkpt>
			<trkpt lat="67.589700" lon="18.066809">
				<ele>460.000000</ele>
			</trkpt>
			<trkpt lat="67.590392" lon="18.065489">
				<ele>460.000000</ele>
			</trkpt>
			<trkpt lat="67.590539" lon="18.065237">
				<ele>460.000000</ele>
			</trkpt>
			<trkpt lat="67.590748" lon="18.064815">
				<ele>460.000000</ele>
			</trkpt>
			<trkpt lat="67.590916" lon="18.064510">
				<ele>460.000000</ele>
			</trkpt>
			<trkpt lat="67.591152" lon="18.064034">
				<ele>460.000000</ele>
			</trkpt>
			<trkpt lat="67.591248" lon="18.063772">
				<ele>460.000000</ele>
			</trkpt>
			<trkpt lat="67.591354" lon="18.063503">
				<ele>460.000000</ele>
			</trkpt>
			<trkpt lat="67.591450" lon="18.063216">
				<ele>460.000000</ele>
			</trkpt>
			<trkpt lat="67.591662" lon="18.062641">
				<ele>460.000000</ele>
			</trkpt>
			<trkpt lat="67.591762" lon="18.062407">
				<ele>460.000000</ele>
			</trkpt>
			<trkpt lat="67.591871" lon="18.062111">
				<ele>460.000000</ele>
			</trkpt>
			<trkpt lat="67.592094" lon="18.061644">
				<ele>460.000000</ele>
			</trkpt>
			<trkpt lat="67.592214" lon="18.061446">
				<ele>460.000000</ele>
			</trkpt>
			<trkpt lat="67.592467" lon="18.061114">
				<ele>460.000000</ele>
			</trkpt>
			<trkpt lat="67.592625" lon="18.060872">
				<ele>460.000000</ele>
			</trkpt>
			<trkpt lat="67.592786" lon="18.060673">
				<ele>460.000000</ele>
			</trkpt>
			<trkpt lat="67.593173" lon="18.060126">
				<ele>460.000000</ele>
			</trkpt>
			<trkpt lat="67.593519" lon="18.059604">
				<ele>461.000000</ele>
			</trkpt>
			<trkpt lat="67.593676" lon="18.059335">
				<ele>461.000000</ele>
			</trkpt>
			<trkpt lat="67.593909" lon="18.058922">
				<ele>462.000000</ele>
			</trkpt>
			<trkpt lat="67.594052" lon="18.058616">
				<ele>462.000000</ele>
			</trkpt>
			<trkpt lat="67.594278" lon="18.058132">
				<ele>463.000000</ele>
			</trkpt>
			<trkpt lat="67.594439" lon="18.057835">
				<ele>463.000000</ele>
			</trkpt>
			<trkpt lat="67.594580" lon="18.057512">
				<ele>463.000000</ele>
			</trkpt>
			<trkpt lat="67.595104" lon="18.056442">
				<ele>465.000000</ele>
			</trkpt>
			<trkpt lat="67.595693" lon="18.055132">
				<ele>466.000000</ele>
			</trkpt>
			<trkpt lat="67.596073" lon="18.054331">
				<ele>467.000000</ele>
			</trkpt>
			<trkpt lat="67.597131" lon="18.052067">
				<ele>470.000000</ele>
			</trkpt>
			<trkpt lat="67.597346" lon="18.051627">
				<ele>470.000000</ele>
			</trkpt>
			<trkpt lat="67.597549" lon="18.051125">
				<ele>471.000000</ele>
			</trkpt>
			<trkpt lat="67.597671" lon="18.050721">
				<ele>471.000000</ele>
			</trkpt>
			<trkpt lat="67.597778" lon="18.050335">
				<ele>471.000000</ele>
			</trkpt>
			<trkpt lat="67.597853" lon="18.050038">
				<ele>471.000000</ele>
			</trkpt>
			<trkpt lat="67.597959" lon="18.049490">
				<ele>472.000000</ele>
			</trkpt>
			<trkpt lat="67.598021" lon="18.048996">
				<ele>472.000000</ele>
			</trkpt>
			<trkpt lat="67.598076" lon="18.048421">
				<ele>472.000000</ele>
			</trkpt>
			<trkpt lat="67.598092" lon="18.047872">
				<ele>473.000000</ele>
			</trkpt>
			<trkpt lat="67.598089" lon="18.047639">
				<ele>473.000000</ele>
			</trkpt>
			<trkpt lat="67.598089" lon="18.047145">
				<ele>473.000000</ele>
			</trkpt>
			<trkpt lat="67.598092" lon="18.046893">
				<ele>473.000000</ele>
			</trkpt>
			<trkpt lat="67.598096" lon="18.045744">
				<ele>474.000000</ele>
			</trkpt>
			<trkpt lat="67.598110" lon="18.044064">
				<ele>475.000000</ele>
			</trkpt>
			<trkpt lat="67.598096" lon="18.043480">
				<ele>475.000000</ele>
			</trkpt>
			<trkpt lat="67.598055" lon="18.042878">
				<ele>476.000000</ele>
			</trkpt>
			<trkpt lat="67.598011" lon="18.042312">
				<ele>476.000000</ele>
			</trkpt>
			<trkpt lat="67.597952" lon="18.041782">
				<ele>476.000000</ele>
			</trkpt>
			<trkpt lat="67.597874" lon="18.041234">
				<ele>477.000000</ele>
			</trkpt>
			<trkpt lat="67.597795" lon="18.040750">
				<ele>477.000000</ele>
			</trkpt>
			<trkpt lat="67.597723" lon="18.040408">
				<ele>477.000000</ele>
			</trkpt>
			<trkpt lat="67.597637" lon="18.040004">
				<ele>478.000000</ele>
			</trkpt>
			<trkpt lat="67.597315" lon="18.038727">
				<ele>479.000000</ele>
			</trkpt>
			<trkpt lat="67.597162" lon="18.038054">
				<ele>479.000000</ele>
			</trkpt>
			<trkpt lat="67.596997" lon="18.037264">
				<ele>480.000000</ele>
			</trkpt>
			<trkpt lat="67.596936" lon="18.036850">
				<ele>480.000000</ele>
			</trkpt>
			<trkpt lat="67.596902" lon="18.036492">
				<ele>481.000000</ele>
			</trkpt>
			<trkpt lat="67.596874" lon="18.036114">
				<ele>482.000000</ele>
			</trkpt>
			<trkpt lat="67.596871" lon="18.035700">
				<ele>483.000000</ele>
			</trkpt>
			<trkpt lat="67.596871" lon="18.035324">
				<ele>484.000000</ele>
			</trkpt>
			<trkpt lat="67.596891" lon="18.034945">
				<ele>485.000000</ele>
			</trkpt>
			<trkpt lat="67.596956" lon="18.034290">
				<ele>487.000000</ele>
			</trkpt>
			<trkpt lat="67.597014" lon="18.033805">
				<ele>488.000000</ele>
			</trkpt>
			<trkpt lat="67.597079" lon="18.033464">
				<ele>489.000000</ele>
			</trkpt>
			<trkpt lat="67.597165" lon="18.033050">
				<ele>490.000000</ele>
			</trkpt>
			<trkpt lat="67.597284" lon="18.032494">
				<ele>490.000000</ele>
			</trkpt>
			<trkpt lat="67.597388" lon="18.031945">
				<ele>490.000000</ele>
			</trkpt>
			<trkpt lat="67.597538" lon="18.031003">
				<ele>490.000000</ele>
			</trkpt>
			<trkpt lat="67.597603" lon="18.030517">
				<ele>489.000000</ele>
			</trkpt>
			<trkpt lat="67.597665" lon="18.030087">
				<ele>489.000000</ele>
			</trkpt>
			<trkpt lat="67.597775" lon="18.029421">
				<ele>488.000000</ele>
			</trkpt>
			<trkpt lat="67.597836" lon="18.028873">
				<ele>487.000000</ele>
			</trkpt>
			<trkpt lat="67.597894" lon="18.028397">
				<ele>487.000000</ele>
			</trkpt>
			<trkpt lat="67.597928" lon="18.027894">
				<ele>486.000000</ele>
			</trkpt>
			<trkpt lat="67.597970" lon="18.027175">
				<ele>485.000000</ele>
			</trkpt>
			<trkpt lat="67.597976" lon="18.026672">
				<ele>485.000000</ele>
			</trkpt>
			<trkpt lat="67.597976" lon="18.026349">
				<ele>485.000000</ele>
			</trkpt>
			<trkpt lat="67.597966" lon="18.025837">
				<ele>484.000000</ele>
			</trkpt>
			<trkpt lat="67.597952" lon="18.025450">
				<ele>484.000000</ele>
			</trkpt>
			<trkpt lat="67.597915" lon="18.024597">
				<ele>483.000000</ele>
			</trkpt>
			<trkpt lat="67.597866" lon="18.023466">
				<ele>481.000000</ele>
			</trkpt>
			<trkpt lat="67.597840" lon="18.022621">
				<ele>481.000000</ele>
			</trkpt>
			<trkpt lat="67.597843" lon="18.021722">
				<ele>480.000000</ele>
			</trkpt>
			<trkpt lat="67.597874" lon="18.021058">
				<ele>480.000000</ele>
			</trkpt>
			<trkpt lat="67.597901" lon="18.020582">
				<ele>480.000000</ele>
			</trkpt>
			<trkpt lat="67.598001" lon="18.019756">
				<ele>480.000000</ele>
			</trkpt>
			<trkpt lat="67.598103" lon="18.019108">
				<ele>480.000000</ele>
			</trkpt>
			<trkpt lat="67.598332" lon="18.017626">
				<ele>480.000000</ele>
			</trkpt>
			<trkpt lat="67.598442" lon="18.016890">
				<ele>480.000000</ele>
			</trkpt>
			<trkpt lat="67.598555" lon="18.016153">
				<ele>480.000000</ele>
			</trkpt>
			<trkpt lat="67.598726" lon="18.015102">
				<ele>480.000000</ele>
			</trkpt>
			<trkpt lat="67.598832" lon="18.014374">
				<ele>480.000000</ele>
			</trkpt>
			<trkpt lat="67.598955" lon="18.013602">
				<ele>480.000000</ele>
			</trkpt>
			<trkpt lat="67.599147" lon="18.012470">
				<ele>480.000000</ele>
			</trkpt>
			<trkpt lat="67.599209" lon="18.012183">
				<ele>480.000000</ele>
			</trkpt>
			<trkpt lat="67.599356" lon="18.011617">
				<ele>480.000000</ele>
			</trkpt>
			<trkpt lat="67.599479" lon="18.011105">
				<ele>480.000000</ele>
			</trkpt>
			<trkpt lat="67.599705" lon="18.010206">
				<ele>480.000000</ele>
			</trkpt>
			<trkpt lat="67.599814" lon="18.009713">
				<ele>480.000000</ele>
			</trkpt>
			<trkpt lat="67.599924" lon="18.009273">
				<ele>480.000000</ele>
			</trkpt>
			<trkpt lat="67.600071" lon="18.008715">
				<ele>480.000000</ele>
			</trkpt>
			<trkpt lat="67.600136" lon="18.008518">
				<ele>480.000000</ele>
			</trkpt>
			<trkpt lat="67.600201" lon="18.008365">
				<ele>480.000000</ele>
			</trkpt>
			<trkpt lat="67.600270" lon="18.008168">
				<ele>480.000000</ele>
			</trkpt>
			<trkpt lat="67.600352" lon="18.007969">
				<ele>480.000000</ele>
			</trkpt>
			<trkpt lat="67.600557" lon="18.007520">
				<ele>480.000000</ele>
			</trkpt>
			<trkpt lat="67.600663" lon="18.007305">
				<ele>480.000000</ele>
			</trkpt>
			<trkpt lat="67.600900" lon="18.006856">
				<ele>480.000000</ele>
			</trkpt>
			<trkpt lat="67.601068" lon="18.006550">
				<ele>479.000000</ele>
			</trkpt>
			<trkpt lat="67.601564" lon="18.005715">
				<ele>476.000000</ele>
			</trkpt>
			<trkpt lat="67.602098" lon="18.004763">
				<ele>473.000000</ele>
			</trkpt>
			<trkpt lat="67.602218" lon="18.004529">
				<ele>472.000000</ele>
			</trkpt>
			<trkpt lat="67.602369" lon="18.004260">
				<ele>472.000000</ele>
			</trkpt>
			<trkpt lat="67.602577" lon="18.003747">
				<ele>470.000000</ele>
			</trkpt>
			<trkpt lat="67.602690" lon="18.003415">
				<ele>470.000000</ele>
			</trkpt>
			<trkpt lat="67.602865" lon="18.002965">
				<ele>470.000000</ele>
			</trkpt>
			<trkpt lat="67.603132" lon="18.002185">
				<ele>469.000000</ele>
			</trkpt>
			<trkpt lat="67.603867" lon="18.000172">
				<ele>468.000000</ele>
			</trkpt>
			<trkpt lat="67.604155" lon="17.999480">
				<ele>468.000000</ele>
			</trkpt>
			<trkpt lat="67.604247" lon="17.999292">
				<ele>468.000000</ele>
			</trkpt>
			<trkpt lat="67.604353" lon="17.999112">
				<ele>467.000000</ele>
			</trkpt>
			<trkpt lat="67.604501" lon="17.998897">
				<ele>467.000000</ele>
			</trkpt>
			<trkpt lat="67.604596" lon="17.998780">
				<ele>467.000000</ele>
			</trkpt>
			<trkpt lat="67.604737" lon="17.998573">
				<ele>467.000000</ele>
			</trkpt>
			<trkpt lat="67.605284" lon="17.997872">
				<ele>466.000000</ele>
			</trkpt>
			<trkpt lat="67.605671" lon="17.997334">
				<ele>466.000000</ele>
			</trkpt>
			<trkpt lat="67.605842" lon="17.997091">
				<ele>466.000000</ele>
			</trkpt>
			<trkpt lat="67.606055" lon="17.996803">
				<ele>465.000000</ele>
			</trkpt>
			<trkpt lat="67.606229" lon="17.996525">
				<ele>465.000000</ele>
			</trkpt>
			<trkpt lat="67.606400" lon="17.996210">
				<ele>465.000000</ele>
			</trkpt>
			<trkpt lat="67.606612" lon="17.995744">
				<ele>465.000000</ele>
			</trkpt>
			<trkpt lat="67.606876" lon="17.995187">
				<ele>464.000000</ele>
			</trkpt>
			<trkpt lat="67.607420" lon="17.994073">
				<ele>464.000000</ele>
			</trkpt>
			<trkpt lat="67.607680" lon="17.993470">
				<ele>463.000000</ele>
			</trkpt>
			<trkpt lat="67.607895" lon="17.992994">
				<ele>463.000000</ele>
			</trkpt>
			<trkpt lat="67.608166" lon="17.992375">
				<ele>463.000000</ele>
			</trkpt>
			<trkpt lat="67.608402" lon="17.991881">
				<ele>462.000000</ele>
			</trkpt>
			<trkpt lat="67.608710" lon="17.991216">
				<ele>462.000000</ele>
			</trkpt>
			<trkpt lat="67.608922" lon="17.990723">
				<ele>462.000000</ele>
			</trkpt>
			<trkpt lat="67.609097" lon="17.990254">
				<ele>461.000000</ele>
			</trkpt>
			<trkpt lat="67.609227" lon="17.989887">
				<ele>461.000000</ele>
			</trkpt>
			<trkpt lat="67.609432" lon="17.989239">
				<ele>461.000000</ele>
			</trkpt>
			<trkpt lat="67.609596" lon="17.988692">
				<ele>461.000000</ele>
			</trkpt>
			<trkpt lat="67.609719" lon="17.988224">
				<ele>460.000000</ele>
			</trkpt>
			<trkpt lat="67.609849" lon="17.987641">
				<ele>460.000000</ele>
			</trkpt>
			<trkpt lat="67.610010" lon="17.986994">
				<ele>460.000000</ele>
			</trkpt>
			<trkpt lat="67.610116" lon="17.986499">
				<ele>460.000000</ele>
			</trkpt>
			<trkpt lat="67.610298" lon="17.985736">
				<ele>460.000000</ele>
			</trkpt>
			<trkpt lat="67.610626" lon="17.984228">
				<ele>460.000000</ele>
			</trkpt>
			<trkpt lat="67.610695" lon="17.983895">
				<ele>460.000000</ele>
			</trkpt>
			<trkpt lat="67.610817" lon="17.983400">
				<ele>460.000000</ele>
			</trkpt>
			<trkpt lat="67.610962" lon="17.982799">
				<ele>460.000000</ele>
			</trkpt>
			<trkpt lat="67.611078" lon="17.982430">
				<ele>460.000000</ele>
			</trkpt>
			<trkpt lat="67.611194" lon="17.982071">
				<ele>460.000000</ele>
			</trkpt>
			<trkpt lat="67.611372" lon="17.981578">
				<ele>460.000000</ele>
			</trkpt>
			<trkpt lat="67.611526" lon="17.981128">
				<ele>460.000000</ele>
			</trkpt>
			<trkpt lat="67.611676" lon="17.980625">
				<ele>460.000000</ele>
			</trkpt>
			<trkpt lat="67.611947" lon="17.979691">
				<ele>460.000000</ele>
			</trkpt>
			<trkpt lat="67.612036" lon="17.979304">
				<ele>460.000000</ele>
			</trkpt>
			<trkpt lat="67.612108" lon="17.978927">
				<ele>460.000000</ele>
			</trkpt>
			<trkpt lat="67.612149" lon="17.978639">
				<ele>460.000000</ele>
			</trkpt>
			<trkpt lat="67.612190" lon="17.978335">
				<ele>460.000000</ele>
			</trkpt>
			<trkpt lat="67.612217" lon="17.978083">
				<ele>460.000000</ele>
			</trkpt>
			<trkpt lat="67.612426" lon="17.975819">
				<ele>460.000000</ele>
			</trkpt>
			<trkpt lat="67.612625" lon="17.973564">
				<ele>460.000000</ele>
			</trkpt>
			<trkpt lat="67.612686" lon="17.972783">
				<ele>460.000000</ele>
			</trkpt>
			<trkpt lat="67.612716" lon="17.972306">
				<ele>460.000000</ele>
			</trkpt>
			<trkpt lat="67.612737" lon="17.971848">
				<ele>460.000000</ele>
			</trkpt>
			<trkpt lat="67.612768" lon="17.970888">
				<ele>460.000000</ele>
			</trkpt>
			<trkpt lat="67.612809" lon="17.969666">
				<ele>460.000000</ele>
			</trkpt>
			<trkpt lat="67.612884" lon="17.968398">
				<ele>461.000000</ele>
			</trkpt>
			<trkpt lat="67.612926" lon="17.967833">
				<ele>461.000000</ele>
			</trkpt>
			<trkpt lat="67.612967" lon="17.967410">
				<ele>462.000000</ele>
			</trkpt>
			<trkpt lat="67.613151" lon="17.966117">
				<ele>463.000000</ele>
			</trkpt>
			<trkpt lat="67.613274" lon="17.965299">
				<ele>464.000000</ele>
			</trkpt>
			<trkpt lat="67.613384" lon="17.964401">
				<ele>464.000000</ele>
			</trkpt>
			<trkpt lat="67.613439" lon="17.963871">
				<ele>465.000000</ele>
			</trkpt>
			<trkpt lat="67.613504" lon="17.963171">
				<ele>465.000000</ele>
			</trkpt>
			<trkpt lat="67.613531" lon="17.962676">
				<ele>466.000000</ele>
			</trkpt>
			<trkpt lat="67.613654" lon="17.960934">
				<ele>467.000000</ele>
			</trkpt>
			<trkpt lat="67.613695" lon="17.960341">
				<ele>468.000000</ele>
			</trkpt>
			<trkpt lat="67.613846" lon="17.957781">
				<ele>470.000000</ele>
			</trkpt>
			<trkpt lat="67.613901" lon="17.956693">
				<ele>470.000000</ele>
			</trkpt>
			<trkpt lat="67.613952" lon="17.955760">
				<ele>470.000000</ele>
			</trkpt>
			<trkpt lat="67.614054" lon="17.954070">
				<ele>470.000000</ele>
			</trkpt>
			<trkpt lat="67.614157" lon="17.952328">
				<ele>470.000000</ele>
			</trkpt>
			<trkpt lat="67.614225" lon="17.951053">
				<ele>470.000000</ele>
			</trkpt>
			<trkpt lat="67.614284" lon="17.949822">
				<ele>470.000000</ele>
			</trkpt>
			<trkpt lat="67.614335" lon="17.948906">
				<ele>470.000000</ele>
			</trkpt>
			<trkpt lat="67.614352" lon="17.948053">
				<ele>470.000000</ele>
			</trkpt>
			<trkpt lat="67.614362" lon="17.947342">
				<ele>471.000000</ele>
			</trkpt>
			<trkpt lat="67.614318" lon="17.946390">
				<ele>471.000000</ele>
			</trkpt>
			<trkpt lat="67.614280" lon="17.945644">
				<ele>472.000000</ele>
			</trkpt>
			<trkpt lat="67.614208" lon="17.944728">
				<ele>472.000000</ele>
			</trkpt>
			<trkpt lat="67.614034" lon="17.942105">
				<ele>474.000000</ele>
			</trkpt>
			<trkpt lat="67.613972" lon="17.941359">
				<ele>475.000000</ele>
			</trkpt>
			<trkpt lat="67.613917" lon="17.940910">
				<ele>475.000000</ele>
			</trkpt>
			<trkpt lat="67.613870" lon="17.940605">
				<ele>475.000000</ele>
			</trkpt>
			<trkpt lat="67.613760" lon="17.940066">
				<ele>476.000000</ele>
			</trkpt>
			<trkpt lat="67.613671" lon="17.939671">
				<ele>476.000000</ele>
			</trkpt>
			<trkpt lat="67.613565" lon="17.939231">
				<ele>476.000000</ele>
			</trkpt>
			<trkpt lat="67.613473" lon="17.938791">
				<ele>477.000000</ele>
			</trkpt>
			<trkpt lat="67.613390" lon="17.938377">
				<ele>477.000000</ele>
			</trkpt>
			<trkpt lat="67.613312" lon="17.937900">
				<ele>477.000000</ele>
			</trkpt>
			<trkpt lat="67.613281" lon="17.937506">
				<ele>478.000000</ele>
			</trkpt>
			<trkpt lat="67.613254" lon="17.937074">
				<ele>478.000000</ele>
			</trkpt>
			<trkpt lat="67.613254" lon="17.936571">
				<ele>478.000000</ele>
			</trkpt>
			<trkpt lat="67.613271" lon="17.936122">
				<ele>478.000000</ele>
			</trkpt>
			<trkpt lat="67.613336" lon="17.935009">
				<ele>479.000000</ele>
			</trkpt>
			<trkpt lat="67.613380" lon="17.934334">
				<ele>480.000000</ele>
			</trkpt>
			<trkpt lat="67.613445" lon="17.933472">
				<ele>480.000000</ele>
			</trkpt>
			<trkpt lat="67.613490" lon="17.932826">
				<ele>480.000000</ele>
			</trkpt>
			<trkpt lat="67.613545" lon="17.931289">
				<ele>480.000000</ele>
			</trkpt>
			<trkpt lat="67.613582" lon="17.930400">
				<ele>479.000000</ele>
			</trkpt>
			<trkpt lat="67.613616" lon="17.929771">
				<ele>478.000000</ele>
			</trkpt>
			<trkpt lat="67.613678" lon="17.929268">
				<ele>478.000000</ele>
			</trkpt>
			<trkpt lat="67.613746" lon="17.928828">
				<ele>477.000000</ele>
			</trkpt>
			<trkpt lat="67.613836" lon="17.928379">
				<ele>477.000000</ele>
			</trkpt>
			<trkpt lat="67.614109" lon="17.926879">
				<ele>475.000000</ele>
			</trkpt>
			<trkpt lat="67.614194" lon="17.926044">
				<ele>474.000000</ele>
			</trkpt>
			<trkpt lat="67.614205" lon="17.925002">
				<ele>473.000000</ele>
			</trkpt>
			<trkpt lat="67.614171" lon="17.923321">
				<ele>471.000000</ele>
			</trkpt>
			<trkpt lat="67.614188" lon="17.922738">
				<ele>470.000000</ele>
			</trkpt>
			<trkpt lat="67.614215" lon="17.922216">
				<ele>470.000000</ele>
			</trkpt>
			<trkpt lat="67.614263" lon="17.921704">
				<ele>470.000000</ele>
			</trkpt>
			<trkpt lat="67.614345" lon="17.921138">
				<ele>470.000000</ele>
			</trkpt>
			<trkpt lat="67.614417" lon="17.920465">
				<ele>470.000000</ele>
			</trkpt>
			<trkpt lat="67.614495" lon="17.919863">
				<ele>470.000000</ele>
			</trkpt>
			<trkpt lat="67.614530" lon="17.919576">
				<ele>470.000000</ele>
			</trkpt>
			<trkpt lat="67.614677" lon="17.918480">
				<ele>470.000000</ele>
			</trkpt>
			<trkpt lat="67.614804" lon="17.917545">
				<ele>470.000000</ele>
			</trkpt>
			<trkpt lat="67.615002" lon="17.916144">
				<ele>470.000000</ele>
			</trkpt>
			<trkpt lat="67.615101" lon="17.915515">
				<ele>470.000000</ele>
			</trkpt>
			<trkpt lat="67.615208" lon="17.914805">
				<ele>470.000000</ele>
			</trkpt>
			<trkpt lat="67.615296" lon="17.914230">
				<ele>470.000000</ele>
			</trkpt>
			<trkpt lat="67.615361" lon="17.913807">
				<ele>470.000000</ele>
			</trkpt>
			<trkpt lat="67.615460" lon="17.913242">
				<ele>470.000000</ele>
			</trkpt>
			<trkpt lat="67.615659" lon="17.912138">
				<ele>470.000000</ele>
			</trkpt>
			<trkpt lat="67.615799" lon="17.911427">
				<ele>470.000000</ele>
			</trkpt>
			<trkpt lat="67.616059" lon="17.910178">
				<ele>470.000000</ele>
			</trkpt>
			<trkpt lat="67.616370" lon="17.908660">
				<ele>470.000000</ele>
			</trkpt>
			<trkpt lat="67.616681" lon="17.907161">
				<ele>469.000000</ele>
			</trkpt>
			<trkpt lat="67.616839" lon="17.906460">
				<ele>468.000000</ele>
			</trkpt>
			<trkpt lat="67.617209" lon="17.904888">
				<ele>467.000000</ele>
			</trkpt>
			<trkpt lat="67.617516" lon="17.903343">
				<ele>466.000000</ele>
			</trkpt>
			<trkpt lat="67.617636" lon="17.902794">
				<ele>466.000000</ele>
			</trkpt>
			<trkpt lat="67.617762" lon="17.902265">
				<ele>465.000000</ele>
			</trkpt>
			<trkpt lat="67.617899" lon="17.901807">
				<ele>465.000000</ele>
			</trkpt>
			<trkpt lat="67.617982" lon="17.901546">
				<ele>465.000000</ele>
			</trkpt>
			<trkpt lat="67.618194" lon="17.900936">
				<ele>464.000000</ele>
			</trkpt>
			<trkpt lat="67.618296" lon="17.900657">
				<ele>464.000000</ele>
			</trkpt>
			<trkpt lat="67.618529" lon="17.900037">
				<ele>464.000000</ele>
			</trkpt>
			<trkpt lat="67.618734" lon="17.899525">
				<ele>463.000000</ele>
			</trkpt>
			<trkpt lat="67.618970" lon="17.898896">
				<ele>463.000000</ele>
			</trkpt>
			<trkpt lat="67.619254" lon="17.898177">
				<ele>462.000000</ele>
			</trkpt>
			<trkpt lat="67.619364" lon="17.897846">
				<ele>462.000000</ele>
			</trkpt>
			<trkpt lat="67.619623" lon="17.897117">
				<ele>461.000000</ele>
			</trkpt>
			<trkpt lat="67.620048" lon="17.895823">
				<ele>460.000000</ele>
			</trkpt>
			<trkpt lat="67.620201" lon="17.895320">
				<ele>460.000000</ele>
			</trkpt>
			<trkpt lat="67.620585" lon="17.894162">
				<ele>460.000000</ele>
			</trkpt>
			<trkpt lat="67.620749" lon="17.893767">
				<ele>460.000000</ele>
			</trkpt>
			<trkpt lat="67.620940" lon="17.893353">
				<ele>460.000000</ele>
			</trkpt>
			<trkpt lat="67.621114" lon="17.893049">
				<ele>460.000000</ele>
			</trkpt>
			<trkpt lat="67.621248" lon="17.892859">
				<ele>460.000000</ele>
			</trkpt>
			<trkpt lat="67.621446" lon="17.892626">
				<ele>460.000000</ele>
			</trkpt>
			<trkpt lat="67.621611" lon="17.892473">
				<ele>460.000000</ele>
			</trkpt>
			<trkpt lat="67.621898" lon="17.892267">
				<ele>460.000000</ele>
			</trkpt>
			<trkpt lat="67.622271" lon="17.892087">
				<ele>460.000000</ele>
			</trkpt>
			<trkpt lat="67.622623" lon="17.891854">
				<ele>461.000000</ele>
			</trkpt>
			<trkpt lat="67.622961" lon="17.891565">
				<ele>461.000000</ele>
			</trkpt>
			<trkpt lat="67.623191" lon="17.891269">
				<ele>461.000000</ele>
			</trkpt>
			<trkpt lat="67.623433" lon="17.890928">
				<ele>462.000000</ele>
			</trkpt>
			<trkpt lat="67.623721" lon="17.890407">
				<ele>462.000000</ele>
			</trkpt>
			<trkpt lat="67.624029" lon="17.889833">
				<ele>462.000000</ele>
			</trkpt>
			<trkpt lat="67.624518" lon="17.888888">
				<ele>463.000000</ele>
			</trkpt>
			<trkpt lat="67.625503" lon="17.886967">
				<ele>464.000000</ele>
			</trkpt>
			<trkpt lat="67.625708" lon="17.886580">
				<ele>465.000000</ele>
			</trkpt>
			<trkpt lat="67.626443" lon="17.885043">
				<ele>466.000000</ele>
			</trkpt>
			<trkpt lat="67.626870" lon="17.883975">
				<ele>466.000000</ele>
			</trkpt>
			<trkpt lat="67.627280" lon="17.882682">
				<ele>467.000000</ele>
			</trkpt>
			<trkpt lat="67.627557" lon="17.881864">
				<ele>467.000000</ele>
			</trkpt>
			<trkpt lat="67.627814" lon="17.881038">
				<ele>468.000000</ele>
			</trkpt>
			<trkpt lat="67.628450" lon="17.879097">
				<ele>469.000000</ele>
			</trkpt>
			<trkpt lat="67.628798" lon="17.878055">
				<ele>469.000000</ele>
			</trkpt>
			<trkpt lat="67.629541" lon="17.875810">
				<ele>470.000000</ele>
			</trkpt>
			<trkpt lat="67.630662" lon="17.872351">
				<ele>470.000000</ele>
			</trkpt>
			<trkpt lat="67.631103" lon="17.870958">
				<ele>470.000000</ele>
			</trkpt>
			<trkpt lat="67.631434" lon="17.869935">
				<ele>470.000000</ele>
			</trkpt>
			<trkpt lat="67.631615" lon="17.869189">
				<ele>470.000000</ele>
			</trkpt>
			<trkpt lat="67.631776" lon="17.868407">
				<ele>470.000000</ele>
			</trkpt>
			<trkpt lat="67.631916" lon="17.867564">
				<ele>470.000000</ele>
			</trkpt>
			<trkpt lat="67.632333" lon="17.864761">
				<ele>470.000000</ele>
			</trkpt>
			<trkpt lat="67.632494" lon="17.863583">
				<ele>470.000000</ele>
			</trkpt>
			<trkpt lat="67.632576" lon="17.862927">
				<ele>470.000000</ele>
			</trkpt>
			<trkpt lat="67.632655" lon="17.862174">
				<ele>470.000000</ele>
			</trkpt>
			<trkpt lat="67.632720" lon="17.861203">
				<ele>470.000000</ele>
			</trkpt>
			<trkpt lat="67.632867" lon="17.858805">
				<ele>470.000000</ele>
			</trkpt>
			<trkpt lat="67.633007" lon="17.856369">
				<ele>470.000000</ele>
			</trkpt>
			<trkpt lat="67.633089" lon="17.855337">
				<ele>470.000000</ele>
			</trkpt>
			<trkpt lat="67.633215" lon="17.854465">
				<ele>470.000000</ele>
			</trkpt>
			<trkpt lat="67.633256" lon="17.854195">
				<ele>470.000000</ele>
			</trkpt>
			<trkpt lat="67.633404" lon="17.853180">
				<ele>470.000000</ele>
			</trkpt>
			<trkpt lat="67.633445" lon="17.852947">
				<ele>470.000000</ele>
			</trkpt>
			<trkpt lat="67.633571" lon="17.852157">
				<ele>470.000000</ele>
			</trkpt>
			<trkpt lat="67.633667" lon="17.851285">
				<ele>470.000000</ele>
			</trkpt>
			<trkpt lat="67.633732" lon="17.850297">
				<ele>470.000000</ele>
			</trkpt>
			<trkpt lat="67.633756" lon="17.849461">
				<ele>470.000000</ele>
			</trkpt>
			<trkpt lat="67.633745" lon="17.848671">
				<ele>470.000000</ele>
			</trkpt>
			<trkpt lat="67.633707" lon="17.847539">
				<ele>470.000000</ele>
			</trkpt>
			<trkpt lat="67.633632" lon="17.846362">
				<ele>470.000000</ele>
			</trkpt>
			<trkpt lat="67.633424" lon="17.843335">
				<ele>470.000000</ele>
			</trkpt>
			<trkpt lat="67.633304" lon="17.841521">
				<ele>470.000000</ele>
			</trkpt>
			<trkpt lat="67.633109" lon="17.838817">
				<ele>470.000000</ele>
			</trkpt>
			<trkpt lat="67.633028" lon="17.837415">
				<ele>470.000000</ele>
			</trkpt>
			<trkpt lat="67.633024" lon="17.836813">
				<ele>470.000000</ele>
			</trkpt>
			<trkpt lat="67.633055" lon="17.836373">
				<ele>470.000000</ele>
			</trkpt>
			<trkpt lat="67.633103" lon="17.836023">
				<ele>470.000000</ele>
			</trkpt>
			<trkpt lat="67.633164" lon="17.835655">
				<ele>470.000000</ele>
			</trkpt>
			<trkpt lat="67.633243" lon="17.835322">
				<ele>470.000000</ele>
			</trkpt>
			<trkpt lat="67.633359" lon="17.834909">
				<ele>470.000000</ele>
			</trkpt>
			<trkpt lat="67.633841" lon="17.833624">
				<ele>470.000000</ele>
			</trkpt>
			<trkpt lat="67.634005" lon="17.833121">
				<ele>470.000000</ele>
			</trkpt>
			<trkpt lat="67.634340" lon="17.832035">
				<ele>470.000000</ele>
			</trkpt>
			<trkpt lat="67.634514" lon="17.831226">
				<ele>470.000000</ele>
			</trkpt>
			<trkpt lat="67.634617" lon="17.830597">
				<ele>470.000000</ele>
			</trkpt>
			<trkpt lat="67.634863" lon="17.828584">
				<ele>470.000000</ele>
			</trkpt>
			<trkpt lat="67.634955" lon="17.827660">
				<ele>470.000000</ele>
			</trkpt>
			<trkpt lat="67.635051" lon="17.826842">
				<ele>470.000000</ele>
			</trkpt>
			<trkpt lat="67.635185" lon="17.825611">
				<ele>470.000000</ele>
			</trkpt>
			<trkpt lat="67.635246" lon="17.825162">
				<ele>470.000000</ele>
			</trkpt>
			<trkpt lat="67.635434" lon="17.823923">
				<ele>470.000000</ele>
			</trkpt>
			<trkpt lat="67.635537" lon="17.823510">
				<ele>470.000000</ele>
			</trkpt>
			<trkpt lat="67.635659" lon="17.823114">
				<ele>470.000000</ele>
			</trkpt>
			<trkpt lat="67.635793" lon="17.822540">
				<ele>470.000000</ele>
			</trkpt>
			<trkpt lat="67.635946" lon="17.821919">
				<ele>470.000000</ele>
			</trkpt>
			<trkpt lat="67.636148" lon="17.821192">
				<ele>470.000000</ele>
			</trkpt>
			<trkpt lat="67.636244" lon="17.820752">
				<ele>470.000000</ele>
			</trkpt>
			<trkpt lat="67.636469" lon="17.820015">
				<ele>470.000000</ele>
			</trkpt>
			<trkpt lat="67.636569" lon="17.819665">
				<ele>470.000000</ele>
			</trkpt>
			<trkpt lat="67.636808" lon="17.818758">
				<ele>470.000000</ele>
			</trkpt>
			<trkpt lat="67.637177" lon="17.817508">
				<ele>470.000000</ele>
			</trkpt>
			<trkpt lat="67.637369" lon="17.816915">
				<ele>470.000000</ele>
			</trkpt>
			<trkpt lat="67.637601" lon="17.816269">
				<ele>470.000000</ele>
			</trkpt>
			<trkpt lat="67.637765" lon="17.815892">
				<ele>470.000000</ele>
			</trkpt>
			<trkpt lat="67.637912" lon="17.815487">
				<ele>470.000000</ele>
			</trkpt>
			<trkpt lat="67.638086" lon="17.815057">
				<ele>470.000000</ele>
			</trkpt>
			<trkpt lat="67.638291" lon="17.814491">
				<ele>470.000000</ele>
			</trkpt>
			<trkpt lat="67.638497" lon="17.813915">
				<ele>470.000000</ele>
			</trkpt>
			<trkpt lat="67.638616" lon="17.813601">
				<ele>470.000000</ele>
			</trkpt>
			<trkpt lat="67.638886" lon="17.812514">
				<ele>470.000000</ele>
			</trkpt>
			<trkpt lat="67.638999" lon="17.811948">
				<ele>470.000000</ele>
			</trkpt>
			<trkpt lat="67.639118" lon="17.811328">
				<ele>470.000000</ele>
			</trkpt>
			<trkpt lat="67.639330" lon="17.810089">
				<ele>470.000000</ele>
			</trkpt>
			<trkpt lat="67.639433" lon="17.809441">
				<ele>470.000000</ele>
			</trkpt>
			<trkpt lat="67.639532" lon="17.808822">
				<ele>470.000000</ele>
			</trkpt>
			<trkpt lat="67.639624" lon="17.808301">
				<ele>470.000000</ele>
			</trkpt>
			<trkpt lat="67.639949" lon="17.806873">
				<ele>470.000000</ele>
			</trkpt>
			<trkpt lat="67.640062" lon="17.806361">
				<ele>470.000000</ele>
			</trkpt>
			<trkpt lat="67.640143" lon="17.806038">
				<ele>470.000000</ele>
			</trkpt>
			<trkpt lat="67.640324" lon="17.805202">
				<ele>470.000000</ele>
			</trkpt>
			<trkpt lat="67.640430" lon="17.804816">
				<ele>470.000000</ele>
			</trkpt>
			<trkpt lat="67.640550" lon="17.804321">
				<ele>470.000000</ele>
			</trkpt>
			<trkpt lat="67.640755" lon="17.803692">
				<ele>470.000000</ele>
			</trkpt>
			<trkpt lat="67.640933" lon="17.803208">
				<ele>470.000000</ele>
			</trkpt>
			<trkpt lat="67.641275" lon="17.802390">
				<ele>470.000000</ele>
			</trkpt>
			<trkpt lat="67.641401" lon="17.802013">
				<ele>470.000000</ele>
			</trkpt>
			<trkpt lat="67.641542" lon="17.801581">
				<ele>470.000000</ele>
			</trkpt>
			<trkpt lat="67.641620" lon="17.801312">
				<ele>470.000000</ele>
			</trkpt>
			<trkpt lat="67.641702" lon="17.800998">
				<ele>470.000000</ele>
			</trkpt>
			<trkpt lat="67.641808" lon="17.800566">
				<ele>470.000000</ele>
			</trkpt>
			<trkpt lat="67.641900" lon="17.800162">
				<ele>470.000000</ele>
			</trkpt>
			<trkpt lat="67.642003" lon="17.799669">
				<ele>470.000000</ele>
			</trkpt>
			<trkpt lat="67.642245" lon="17.798411">
				<ele>470.000000</ele>
			</trkpt>
			<trkpt lat="67.642430" lon="17.797432">
				<ele>470.000000</ele>
			</trkpt>
			<trkpt lat="67.642631" lon="17.796291">
				<ele>470.000000</ele>
			</trkpt>
			<trkpt lat="67.642761" lon="17.795644">
				<ele>470.000000</ele>
			</trkpt>
			<trkpt lat="67.642850" lon="17.795105">
				<ele>470.000000</ele>
			</trkpt>
			<trkpt lat="67.642949" lon="17.794629">
				<ele>470.000000</ele>
			</trkpt>
			<trkpt lat="67.643079" lon="17.794036">
				<ele>470.000000</ele>
			</trkpt>
			<trkpt lat="67.643359" lon="17.792608">
				<ele>470.000000</ele>
			</trkpt>
			<trkpt lat="67.643701" lon="17.790954">
				<ele>470.000000</ele>
			</trkpt>
			<trkpt lat="67.643820" lon="17.790361">
				<ele>470.000000</ele>
			</trkpt>
			<trkpt lat="67.644019" lon="17.789562">
				<ele>470.000000</ele>
			</trkpt>
			<trkpt lat="67.644265" lon="17.788448">
				<ele>470.000000</ele>
			</trkpt>
			<trkpt lat="67.644480" lon="17.787478">
				<ele>470.000000</ele>
			</trkpt>
			<trkpt lat="67.644698" lon="17.786445">
				<ele>470.000000</ele>
			</trkpt>
			<trkpt lat="67.645122" lon="17.784559">
				<ele>470.000000</ele>
			</trkpt>
			<trkpt lat="67.645279" lon="17.783893">
				<ele>470.000000</ele>
			</trkpt>
			<trkpt lat="67.645447" lon="17.783031">
				<ele>470.000000</ele>
			</trkpt>
			<trkpt lat="67.645635" lon="17.782250">
				<ele>470.000000</ele>
			</trkpt>
			<trkpt lat="67.645799" lon="17.781540">
				<ele>470.000000</ele>
			</trkpt>
			<trkpt lat="67.645936" lon="17.780857">
				<ele>470.000000</ele>
			</trkpt>
			<trkpt lat="67.646093" lon="17.780048">
				<ele>470.000000</ele>
			</trkpt>
			<trkpt lat="67.646301" lon="17.778872">
				<ele>470.000000</ele>
			</trkpt>
			<trkpt lat="67.646390" lon="17.778297">
				<ele>470.000000</ele>
			</trkpt>
			<trkpt lat="67.646455" lon="17.777777">
				<ele>470.000000</ele>
			</trkpt>
			<trkpt lat="67.646564" lon="17.776087">
				<ele>470.000000</ele>
			</trkpt>
			<trkpt lat="67.646608" lon="17.775683">
				<ele>470.000000</ele>
			</trkpt>
			<trkpt lat="67.646629" lon="17.775306">
				<ele>470.000000</ele>
			</trkpt>
			<trkpt lat="67.646670" lon="17.774838">
				<ele>470.000000</ele>
			</trkpt>
			<trkpt lat="67.647226" lon="17.768102">
				<ele>470.000000</ele>
			</trkpt>
			<trkpt lat="67.647319" lon="17.767266">
				<ele>470.000000</ele>
			</trkpt>
			<trkpt lat="67.647432" lon="17.766385">
				<ele>470.000000</ele>
			</trkpt>
			<trkpt lat="67.647623" lon="17.765047">
				<ele>470.000000</ele>
			</trkpt>
			<trkpt lat="67.647746" lon="17.764238">
				<ele>470.000000</ele>
			</trkpt>
			<trkpt lat="67.647886" lon="17.763475">
				<ele>470.000000</ele>
			</trkpt>
			<trkpt lat="67.648098" lon="17.762532">
				<ele>470.000000</ele>
			</trkpt>
			<trkpt lat="67.648676" lon="17.759882">
				<ele>470.000000</ele>
			</trkpt>
			<trkpt lat="67.648891" lon="17.758930">
				<ele>470.000000</ele>
			</trkpt>
			<trkpt lat="67.648983" lon="17.758534">
				<ele>470.000000</ele>
			</trkpt>
			<trkpt lat="67.649136" lon="17.757806">
				<ele>470.000000</ele>
			</trkpt>
			<trkpt lat="67.649539" lon="17.756100">
				<ele>470.000000</ele>
			</trkpt>
			<trkpt lat="67.649758" lon="17.755139">
				<ele>470.000000</ele>
			</trkpt>
			<trkpt lat="67.650082" lon="17.753791">
				<ele>470.000000</ele>
			</trkpt>
			<trkpt lat="67.650322" lon="17.753171">
				<ele>470.000000</ele>
			</trkpt>
			<trkpt lat="67.650554" lon="17.752705">
				<ele>470.000000</ele>
			</trkpt>
			<trkpt lat="67.650837" lon="17.752147">
				<ele>470.000000</ele>
			</trkpt>
			<trkpt lat="67.651285" lon="17.751420">
				<ele>470.000000</ele>
			</trkpt>
			<trkpt lat="67.651548" lon="17.750944">
				<ele>470.000000</ele>
			</trkpt>
			<trkpt lat="67.651941" lon="17.750305">
				<ele>470.000000</ele>
			</trkpt>
			<trkpt lat="67.653550" lon="17.747745">
				<ele>470.000000</ele>
			</trkpt>
			<trkpt lat="67.654206" lon="17.746452">
				<ele>472.000000</ele>
			</trkpt>
			<trkpt lat="67.654397" lon="17.746021">
				<ele>473.000000</ele>
			</trkpt>
			<trkpt lat="67.654981" lon="17.744898">
				<ele>476.000000</ele>
			</trkpt>
			<trkpt lat="67.655927" lon="17.742805">
				<ele>482.000000</ele>
			</trkpt>
			<trkpt lat="67.656261" lon="17.742078">
				<ele>486.000000</ele>
			</trkpt>
			<trkpt lat="67.656480" lon="17.741646">
				<ele>488.000000</ele>
			</trkpt>
			<trkpt lat="67.656821" lon="17.740883">
				<ele>490.000000</ele>
			</trkpt>
			<trkpt lat="67.657074" lon="17.740370">
				<ele>490.000000</ele>
			</trkpt>
			<trkpt lat="67.657259" lon="17.739894">
				<ele>490.000000</ele>
			</trkpt>
			<trkpt lat="67.657446" lon="17.739302">
				<ele>490.000000</ele>
			</trkpt>
			<trkpt lat="67.657624" lon="17.738709">
				<ele>490.000000</ele>
			</trkpt>
			<trkpt lat="67.657768" lon="17.737936">
				<ele>487.000000</ele>
			</trkpt>
			<trkpt lat="67.657904" lon="17.737325">
				<ele>485.000000</ele>
			</trkpt>
			<trkpt lat="67.658013" lon="17.736661">
				<ele>482.000000</ele>
			</trkpt>
			<trkpt lat="67.658143" lon="17.735923">
				<ele>480.000000</ele>
			</trkpt>
			<trkpt lat="67.658235" lon="17.735349">
				<ele>479.000000</ele>
			</trkpt>
			<trkpt lat="67.658324" lon="17.734828">
				<ele>479.000000</ele>
			</trkpt>
			<trkpt lat="67.658430" lon="17.734046">
				<ele>478.000000</ele>
			</trkpt>
			<trkpt lat="67.658741" lon="17.732195">
				<ele>477.000000</ele>
			</trkpt>
			<trkpt lat="67.658915" lon="17.731243">
				<ele>476.000000</ele>
			</trkpt>
			<trkpt lat="67.659017" lon="17.730489">
				<ele>475.000000</ele>
			</trkpt>
			<trkpt lat="67.659089" lon="17.729860">
				<ele>474.000000</ele>
			</trkpt>
			<trkpt lat="67.659119" lon="17.729204">
				<ele>474.000000</ele>
			</trkpt>
			<trkpt lat="67.659119" lon="17.728638">
				<ele>474.000000</ele>
			</trkpt>
			<trkpt lat="67.659065" lon="17.726033">
				<ele>471.000000</ele>
			</trkpt>
			<trkpt lat="67.659051" lon="17.725692">
				<ele>471.000000</ele>
			</trkpt>
			<trkpt lat="67.659116" lon="17.724102">
				<ele>470.000000</ele>
			</trkpt>
			<trkpt lat="67.659147" lon="17.723625">
				<ele>469.000000</ele>
			</trkpt>
			<trkpt lat="67.659181" lon="17.723132">
				<ele>469.000000</ele>
			</trkpt>
			<trkpt lat="67.659331" lon="17.721541">
				<ele>467.000000</ele>
			</trkpt>
			<trkpt lat="67.659468" lon="17.720212">
				<ele>466.000000</ele>
			</trkpt>
			<trkpt lat="67.659632" lon="17.718524">
				<ele>464.000000</ele>
			</trkpt>
			<trkpt lat="67.659642" lon="17.717535">
				<ele>463.000000</ele>
			</trkpt>
			<trkpt lat="67.659635" lon="17.716681">
				<ele>462.000000</ele>
			</trkpt>
			<trkpt lat="67.659622" lon="17.716178">
				<ele>461.000000</ele>
			</trkpt>
			<trkpt lat="67.659553" lon="17.715568">
				<ele>461.000000</ele>
			</trkpt>
			<trkpt lat="67.659403" lon="17.714652">
				<ele>460.000000</ele>
			</trkpt>
			<trkpt lat="67.659198" lon="17.713780">
				<ele>460.000000</ele>
			</trkpt>
			<trkpt lat="67.659041" lon="17.712864">
				<ele>460.000000</ele>
			</trkpt>
			<trkpt lat="67.658959" lon="17.712298">
				<ele>460.000000</ele>
			</trkpt>
			<trkpt lat="67.658904" lon="17.711678">
				<ele>460.000000</ele>
			</trkpt>
			<trkpt lat="67.658908" lon="17.711148">
				<ele>460.000000</ele>
			</trkpt>
			<trkpt lat="67.658928" lon="17.710429">
				<ele>460.000000</ele>
			</trkpt>
			<trkpt lat="67.659054" lon="17.709477">
				<ele>460.000000</ele>
			</trkpt>
			<trkpt lat="67.659168" lon="17.708750">
				<ele>460.000000</ele>
			</trkpt>
			<trkpt lat="67.659362" lon="17.707627">
				<ele>460.000000</ele>
			</trkpt>
			<trkpt lat="67.659444" lon="17.707123">
				<ele>460.000000</ele>
			</trkpt>
			<trkpt lat="67.659775" lon="17.704582">
				<ele>460.000000</ele>
			</trkpt>
			<trkpt lat="67.659857" lon="17.704096">
				<ele>460.000000</ele>
			</trkpt>
			<trkpt lat="67.659932" lon="17.703324">
				<ele>460.000000</ele>
			</trkpt>
			<trkpt lat="67.659970" lon="17.702884">
				<ele>460.000000</ele>
			</trkpt>
			<trkpt lat="67.660079" lon="17.701043">
				<ele>460.000000</ele>
			</trkpt>
			<trkpt lat="67.660113" lon="17.700620">
				<ele>460.000000</ele>
			</trkpt>
			<trkpt lat="67.660137" lon="17.700215">
				<ele>460.000000</ele>
			</trkpt>
			<trkpt lat="67.660171" lon="17.699722">
				<ele>460.000000</ele>
			</trkpt>
			<trkpt lat="67.660219" lon="17.699335">
				<ele>460.000000</ele>
			</trkpt>
			<trkpt lat="67.660304" lon="17.698769">
				<ele>460.000000</ele>
			</trkpt>
			<trkpt lat="67.660407" lon="17.698194">
				<ele>460.000000</ele>
			</trkpt>
			<trkpt lat="67.660523" lon="17.697683">
				<ele>460.000000</ele>
			</trkpt>
			<trkpt lat="67.660786" lon="17.696479">
				<ele>461.000000</ele>
			</trkpt>
			<trkpt lat="67.661360" lon="17.693972">
				<ele>464.000000</ele>
			</trkpt>
			<trkpt lat="67.661435" lon="17.693658">
				<ele>464.000000</ele>
			</trkpt>
			<trkpt lat="67.661523" lon="17.693389">
				<ele>464.000000</ele>
			</trkpt>
			<trkpt lat="67.661646" lon="17.693093">
				<ele>465.000000</ele>
			</trkpt>
			<trkpt lat="67.661739" lon="17.692930">
				<ele>465.000000</ele>
			</trkpt>
			<trkpt lat="67.662329" lon="17.691619">
				<ele>467.000000</ele>
			</trkpt>
			<trkpt lat="67.662503" lon="17.691269">
				<ele>467.000000</ele>
			</trkpt>
			<trkpt lat="67.662739" lon="17.690720">
				<ele>468.000000</ele>
			</trkpt>
			<trkpt lat="67.662909" lon="17.690326">
				<ele>469.000000</ele>
			</trkpt>
			<trkpt lat="67.663005" lon="17.689993">
				<ele>469.000000</ele>
			</trkpt>
			<trkpt lat="67.663087" lon="17.689615">
				<ele>470.000000</ele>
			</trkpt>
			<trkpt lat="67.663152" lon="17.689221">
				<ele>470.000000</ele>
			</trkpt>
			<trkpt lat="67.663244" lon="17.688393">
				<ele>471.000000</ele>
			</trkpt>
			<trkpt lat="67.663381" lon="17.686930">
				<ele>473.000000</ele>
			</trkpt>
			<trkpt lat="67.663428" lon="17.686301">
				<ele>473.000000</ele>
			</trkpt>
			<trkpt lat="67.663483" lon="17.685861">
				<ele>474.000000</ele>
			</trkpt>
			<trkpt lat="67.663568" lon="17.685447">
				<ele>475.000000</ele>
			</trkpt>
			<trkpt lat="67.663674" lon="17.685079">
				<ele>475.000000</ele>
			</trkpt>
			<trkpt lat="67.663790" lon="17.684747">
				<ele>476.000000</ele>
			</trkpt>
			<trkpt lat="67.663927" lon="17.684315">
				<ele>476.000000</ele>
			</trkpt>
			<trkpt lat="67.664145" lon="17.683839">
				<ele>477.000000</ele>
			</trkpt>
			<trkpt lat="67.664630" lon="17.682590">
				<ele>479.000000</ele>
			</trkpt>
			<trkpt lat="67.664999" lon="17.681701">
				<ele>480.000000</ele>
			</trkpt>
			<trkpt lat="67.665299" lon="17.680938">
				<ele>480.000000</ele>
			</trkpt>
			<trkpt lat="67.665497" lon="17.680399">
				<ele>480.000000</ele>
			</trkpt>
			<trkpt lat="67.665685" lon="17.679833">
				<ele>480.000000</ele>
			</trkpt>
			<trkpt lat="67.665890" lon="17.679114">
				<ele>480.000000</ele>
			</trkpt>
			<trkpt lat="67.666200" lon="17.677686">
				<ele>480.000000</ele>
			</trkpt>
			<trkpt lat="67.666432" lon="17.676330">
				<ele>480.000000</ele>
			</trkpt>
			<trkpt lat="67.666552" lon="17.675575">
				<ele>480.000000</ele>
			</trkpt>
			<trkpt lat="67.666668" lon="17.674973">
				<ele>480.000000</ele>
			</trkpt>
			<trkpt lat="67.666968" lon="17.673095">
				<ele>479.000000</ele>
			</trkpt>
			<trkpt lat="67.667126" lon="17.672279">
				<ele>478.000000</ele>
			</trkpt>
			<trkpt lat="67.667224" lon="17.671713">
				<ele>477.000000</ele>
			</trkpt>
			<trkpt lat="67.667494" lon="17.670042">
				<ele>474.000000</ele>
			</trkpt>
			<trkpt lat="67.667562" lon="17.669646">
				<ele>474.000000</ele>
			</trkpt>
			<trkpt lat="67.667662" lon="17.669026">
				<ele>473.000000</ele>
			</trkpt>
			<trkpt lat="67.667747" lon="17.668541">
				<ele>472.000000</ele>
			</trkpt>
			<trkpt lat="67.667805" lon="17.668271">
				<ele>472.000000</ele>
			</trkpt>
			<trkpt lat="67.667904" lon="17.667759">
				<ele>471.000000</ele>
			</trkpt>
			<trkpt lat="67.668191" lon="17.666413">
				<ele>470.000000</ele>
			</trkpt>
			<trkpt lat="67.668361" lon="17.665721">
				<ele>470.000000</ele>
			</trkpt>
			<trkpt lat="67.668494" lon="17.665118">
				<ele>470.000000</ele>
			</trkpt>
			<trkpt lat="67.668672" lon="17.664346">
				<ele>470.000000</ele>
			</trkpt>
			<trkpt lat="67.668832" lon="17.663681">
				<ele>471.000000</ele>
			</trkpt>
			<trkpt lat="67.668972" lon="17.663044">
				<ele>472.000000</ele>
			</trkpt>
			<trkpt lat="67.669102" lon="17.662424">
				<ele>473.000000</ele>
			</trkpt>
			<trkpt lat="67.669235" lon="17.661885">
				<ele>474.000000</ele>
			</trkpt>
			<trkpt lat="67.669334" lon="17.661499">
				<ele>475.000000</ele>
			</trkpt>
			<trkpt lat="67.669416" lon="17.661166">
				<ele>475.000000</ele>
			</trkpt>
			<trkpt lat="67.669597" lon="17.660591">
				<ele>476.000000</ele>
			</trkpt>
			<trkpt lat="67.669716" lon="17.660241">
				<ele>477.000000</ele>
			</trkpt>
			<trkpt lat="67.669917" lon="17.659765">
				<ele>478.000000</ele>
			</trkpt>
			<trkpt lat="67.670211" lon="17.659100">
				<ele>479.000000</ele>
			</trkpt>
			<trkpt lat="67.670375" lon="17.658713">
				<ele>480.000000</ele>
			</trkpt>
			<trkpt lat="67.670521" lon="17.658336">
				<ele>480.000000</ele>
			</trkpt>
			<trkpt lat="67.670696" lon="17.657860">
				<ele>481.000000</ele>
			</trkpt>
			<trkpt lat="67.670921" lon="17.657294">
				<ele>482.000000</ele>
			</trkpt>
			<trkpt lat="67.671088" lon="17.656828">
				<ele>483.000000</ele>
			</trkpt>
			<trkpt lat="67.671225" lon="17.656396">
				<ele>484.000000</ele>
			</trkpt>
			<trkpt lat="67.671757" lon="17.654842">
				<ele>486.000000</ele>
			</trkpt>
			<trkpt lat="67.671842" lon="17.654671">
				<ele>486.000000</ele>
			</trkpt>
			<trkpt lat="67.672115" lon="17.653952">
				<ele>488.000000</ele>
			</trkpt>
			<trkpt lat="67.672283" lon="17.653557">
				<ele>488.000000</ele>
			</trkpt>
			<trkpt lat="67.672607" lon="17.652704">
				<ele>490.000000</ele>
			</trkpt>
			<trkpt lat="67.672811" lon="17.652255">
				<ele>490.000000</ele>
			</trkpt>
			<trkpt lat="67.673033" lon="17.651742">
				<ele>490.000000</ele>
			</trkpt>
			<trkpt lat="67.673221" lon="17.651276">
				<ele>490.000000</ele>
			</trkpt>
			<trkpt lat="67.673381" lon="17.650836">
				<ele>490.000000</ele>
			</trkpt>
			<trkpt lat="67.673467" lon="17.650539">
				<ele>490.000000</ele>
			</trkpt>
			<trkpt lat="67.673559" lon="17.650207">
				<ele>490.000000</ele>
			</trkpt>
			<trkpt lat="67.673726" lon="17.649541">
				<ele>490.000000</ele>
			</trkpt>
			<trkpt lat="67.673819" lon="17.649075">
				<ele>490.000000</ele>
			</trkpt>
			<trkpt lat="67.673890" lon="17.648562">
				<ele>490.000000</ele>
			</trkpt>
			<trkpt lat="67.674132" lon="17.646559">
				<ele>489.000000</ele>
			</trkpt>
			<trkpt lat="67.674201" lon="17.645985">
				<ele>488.000000</ele>
			</trkpt>
			<trkpt lat="67.674273" lon="17.645436">
				<ele>487.000000</ele>
			</trkpt>
			<trkpt lat="67.674340" lon="17.645068">
				<ele>486.000000</ele>
			</trkpt>
			<trkpt lat="67.674395" lon="17.644798">
				<ele>486.000000</ele>
			</trkpt>
			<trkpt lat="67.674494" lon="17.644368">
				<ele>485.000000</ele>
			</trkpt>
			<trkpt lat="67.674641" lon="17.643694">
				<ele>483.000000</ele>
			</trkpt>
			<trkpt lat="67.675238" lon="17.641520">
				<ele>478.000000</ele>
			</trkpt>
			<trkpt lat="67.675449" lon="17.640802">
				<ele>477.000000</ele>
			</trkpt>
			<trkpt lat="67.675586" lon="17.640333">
				<ele>476.000000</ele>
			</trkpt>
			<trkpt lat="67.675716" lon="17.639804">
				<ele>475.000000</ele>
			</trkpt>
			<trkpt lat="67.675913" lon="17.639121">
				<ele>473.000000</ele>
			</trkpt>
			<trkpt lat="67.676176" lon="17.638070">
				<ele>471.000000</ele>
			</trkpt>
			<trkpt lat="67.676310" lon="17.637486">
				<ele>470.000000</ele>
			</trkpt>
			<trkpt lat="67.676408" lon="17.637020">
				<ele>470.000000</ele>
			</trkpt>
			<trkpt lat="67.676483" lon="17.636552">
				<ele>470.000000</ele>
			</trkpt>
			<trkpt lat="67.676558" lon="17.636058">
				<ele>470.000000</ele>
			</trkpt>
			<trkpt lat="67.676620" lon="17.635492">
				<ele>470.000000</ele>
			</trkpt>
			<trkpt lat="67.676702" lon="17.634809">
				<ele>470.000000</ele>
			</trkpt>
			<trkpt lat="67.676838" lon="17.633605">
				<ele>470.000000</ele>
			</trkpt>
			<trkpt lat="67.676924" lon="17.632825">
				<ele>470.000000</ele>
			</trkpt>
			<trkpt lat="67.677070" lon="17.631728">
				<ele>470.000000</ele>
			</trkpt>
			<trkpt lat="67.677152" lon="17.631091">
				<ele>470.000000</ele>
			</trkpt>
			<trkpt lat="67.677289" lon="17.630165">
				<ele>470.000000</ele>
			</trkpt>
			<trkpt lat="67.677384" lon="17.629572">
				<ele>470.000000</ele>
			</trkpt>
			<trkpt lat="67.677470" lon="17.628988">
				<ele>470.000000</ele>
			</trkpt>
			<trkpt lat="67.677616" lon="17.627946">
				<ele>469.000000</ele>
			</trkpt>
			<trkpt lat="67.677749" lon="17.627219">
				<ele>468.000000</ele>
			</trkpt>
			<trkpt lat="67.677923" lon="17.626141">
				<ele>468.000000</ele>
			</trkpt>
			<trkpt lat="67.677975" lon="17.625800">
				<ele>467.000000</ele>
			</trkpt>
			<trkpt lat="67.678213" lon="17.624586">
				<ele>467.000000</ele>
			</trkpt>
			<trkpt lat="67.678305" lon="17.624183">
				<ele>466.000000</ele>
			</trkpt>
			<trkpt lat="67.678510" lon="17.623374">
				<ele>466.000000</ele>
			</trkpt>
			<trkpt lat="67.679145" lon="17.620967">
				<ele>464.000000</ele>
			</trkpt>
			<trkpt lat="67.679465" lon="17.619808">
				<ele>463.000000</ele>
			</trkpt>
			<trkpt lat="67.679629" lon="17.619143">
				<ele>462.000000</ele>
			</trkpt>
			<trkpt lat="67.680049" lon="17.617598">
				<ele>461.000000</ele>
			</trkpt>
			<trkpt lat="67.680475" lon="17.615944">
				<ele>460.000000</ele>
			</trkpt>
			<trkpt lat="67.681147" lon="17.613474">
				<ele>460.000000</ele>
			</trkpt>
			<trkpt lat="67.681338" lon="17.612720">
				<ele>460.000000</ele>
			</trkpt>
			<trkpt lat="67.681407" lon="17.612432">
				<ele>460.000000</ele>
			</trkpt>
			<trkpt lat="67.681485" lon="17.612072">
				<ele>460.000000</ele>
			</trkpt>
			<trkpt lat="67.681547" lon="17.611732">
				<ele>460.000000</ele>
			</trkpt>
			<trkpt lat="67.681645" lon="17.610923">
				<ele>460.000000</ele>
			</trkpt>
			<trkpt lat="67.681704" lon="17.610366">
				<ele>460.000000</ele>
			</trkpt>
			<trkpt lat="67.681741" lon="17.609468">
				<ele>461.000000</ele>
			</trkpt>
			<trkpt lat="67.681761" lon="17.608290">
				<ele>461.000000</ele>
			</trkpt>
			<trkpt lat="67.681758" lon="17.607617">
				<ele>461.000000</ele>
			</trkpt>
			<trkpt lat="67.681751" lon="17.606980">
				<ele>461.000000</ele>
			</trkpt>
			<trkpt lat="67.681751" lon="17.606332">
				<ele>461.000000</ele>
			</trkpt>
			<trkpt lat="67.681761" lon="17.605695">
				<ele>462.000000</ele>
			</trkpt>
			<trkpt lat="67.681775" lon="17.605156">
				<ele>462.000000</ele>
			</trkpt>
			<trkpt lat="67.681795" lon="17.604598">
				<ele>462.000000</ele>
			</trkpt>
			<trkpt lat="67.681823" lon="17.604095">
				<ele>462.000000</ele>
			</trkpt>
			<trkpt lat="67.681867" lon="17.603629">
				<ele>462.000000</ele>
			</trkpt>
			<trkpt lat="67.681915" lon="17.603189">
				<ele>462.000000</ele>
			</trkpt>
			<trkpt lat="67.681983" lon="17.602713">
				<ele>462.000000</ele>
			</trkpt>
			<trkpt lat="67.682113" lon="17.602011">
				<ele>462.000000</ele>
			</trkpt>
			<trkpt lat="67.682229" lon="17.601508">
				<ele>463.000000</ele>
			</trkpt>
			<trkpt lat="67.682396" lon="17.600862">
				<ele>463.000000</ele>
			</trkpt>
			<trkpt lat="67.682583" lon="17.600269">
				<ele>463.000000</ele>
			</trkpt>
			<trkpt lat="67.683150" lon="17.598643">
				<ele>463.000000</ele>
			</trkpt>
			<trkpt lat="67.683484" lon="17.597629">
				<ele>464.000000</ele>
			</trkpt>
			<trkpt lat="67.683668" lon="17.597035">
				<ele>464.000000</ele>
			</trkpt>
			<trkpt lat="67.683845" lon="17.596532">
				<ele>464.000000</ele>
			</trkpt>
			<trkpt lat="67.684036" lon="17.596029">
				<ele>464.000000</ele>
			</trkpt>
			<trkpt lat="67.684190" lon="17.595545">
				<ele>464.000000</ele>
			</trkpt>
			<trkpt lat="67.684344" lon="17.595005">
				<ele>465.000000</ele>
			</trkpt>
			<trkpt lat="67.684480" lon="17.594457">
				<ele>465.000000</ele>
			</trkpt>
			<trkpt lat="67.684579" lon="17.594017">
				<ele>465.000000</ele>
			</trkpt>
			<trkpt lat="67.684644" lon="17.593792">
				<ele>465.000000</ele>
			</trkpt>
			<trkpt lat="67.684739" lon="17.593397">
				<ele>465.000000</ele>
			</trkpt>
			<trkpt lat="67.684818" lon="17.593101">
				<ele>465.000000</ele>
			</trkpt>
			<trkpt lat="67.684927" lon="17.592616">
				<ele>465.000000</ele>
			</trkpt>
			<trkpt lat="67.685182" lon="17.591528">
				<ele>466.000000</ele>
			</trkpt>
			<trkpt lat="67.685336" lon="17.590811">
				<ele>466.000000</ele>
			</trkpt>
			<trkpt lat="67.685469" lon="17.590245">
				<ele>466.000000</ele>
			</trkpt>
			<trkpt lat="67.685677" lon="17.589319">
				<ele>466.000000</ele>
			</trkpt>
			<trkpt lat="67.685855" lon="17.588574">
				<ele>466.000000</ele>
			</trkpt>
			<trkpt lat="67.686035" lon="17.587792">
				<ele>467.000000</ele>
			</trkpt>
			<trkpt lat="67.686393" lon="17.586283">
				<ele>467.000000</ele>
			</trkpt>
			<trkpt lat="67.686717" lon="17.584872">
				<ele>467.000000</ele>
			</trkpt>
			<trkpt lat="67.687232" lon="17.582626">
				<ele>468.000000</ele>
			</trkpt>
			<trkpt lat="67.687359" lon="17.582105">
				<ele>468.000000</ele>
			</trkpt>
			<trkpt lat="67.687498" lon="17.581494">
				<ele>468.000000</ele>
			</trkpt>
			<trkpt lat="67.687765" lon="17.580327">
				<ele>469.000000</ele>
			</trkpt>
			<trkpt lat="67.687912" lon="17.579716">
				<ele>469.000000</ele>
			</trkpt>
			<trkpt lat="67.688167" lon="17.578593">
				<ele>469.000000</ele>
			</trkpt>
			<trkpt lat="67.688266" lon="17.578180">
				<ele>469.000000</ele>
			</trkpt>
			<trkpt lat="67.688372" lon="17.577695">
				<ele>469.000000</ele>
			</trkpt>
			<trkpt lat="67.688467" lon="17.577299">
				<ele>469.000000</ele>
			</trkpt>
			<trkpt lat="67.688535" lon="17.576994">
				<ele>469.000000</ele>
			</trkpt>
			<trkpt lat="67.688620" lon="17.576635">
				<ele>470.000000</ele>
			</trkpt>
			<trkpt lat="67.688699" lon="17.576302">
				<ele>470.000000</ele>
			</trkpt>
			<trkpt lat="67.688846" lon="17.575773">
				<ele>470.000000</ele>
			</trkpt>
			<trkpt lat="67.688927" lon="17.575484">
				<ele>470.000000</ele>
			</trkpt>
			<trkpt lat="67.689132" lon="17.574874">
				<ele>472.000000</ele>
			</trkpt>
			<trkpt lat="67.689197" lon="17.574676">
				<ele>473.000000</ele>
			</trkpt>
			<trkpt lat="67.689289" lon="17.574461">
				<ele>474.000000</ele>
			</trkpt>
			<trkpt lat="67.689402" lon="17.574218">
				<ele>475.000000</ele>
			</trkpt>
			<trkpt lat="67.689658" lon="17.573733">
				<ele>478.000000</ele>
			</trkpt>
			<trkpt lat="67.689811" lon="17.573473">
				<ele>480.000000</ele>
			</trkpt>
			<trkpt lat="67.689971" lon="17.573230">
				<ele>480.000000</ele>
			</trkpt>
			<trkpt lat="67.690438" lon="17.572592">
				<ele>481.000000</ele>
			</trkpt>
			<trkpt lat="67.690595" lon="17.572377">
				<ele>482.000000</ele>
			</trkpt>
			<trkpt lat="67.690769" lon="17.572152">
				<ele>482.000000</ele>
			</trkpt>
			<trkpt lat="67.690946" lon="17.571901">
				<ele>482.000000</ele>
			</trkpt>
			<trkpt lat="67.691100" lon="17.571702">
				<ele>483.000000</ele>
			</trkpt>
			<trkpt lat="67.691284" lon="17.571452">
				<ele>483.000000</ele>
			</trkpt>
			<trkpt lat="67.691434" lon="17.571253">
				<ele>483.000000</ele>
			</trkpt>
			<trkpt lat="67.691594" lon="17.570984">
				<ele>484.000000</ele>
			</trkpt>
			<trkpt lat="67.691720" lon="17.570733">
				<ele>484.000000</ele>
			</trkpt>
			<trkpt lat="67.691850" lon="17.570364">
				<ele>484.000000</ele>
			</trkpt>
			<trkpt lat="67.691942" lon="17.570041">
				<ele>485.000000</ele>
			</trkpt>
			<trkpt lat="67.692017" lon="17.569699">
				<ele>485.000000</ele>
			</trkpt>
			<trkpt lat="67.692133" lon="17.568981">
				<ele>485.000000</ele>
			</trkpt>
			<trkpt lat="67.692229" lon="17.568280">
				<ele>486.000000</ele>
			</trkpt>
			<trkpt lat="67.692286" lon="17.567966">
				<ele>486.000000</ele>
			</trkpt>
			<trkpt lat="67.692345" lon="17.567687">
				<ele>486.000000</ele>
			</trkpt>
			<trkpt lat="67.692416" lon="17.567418">
				<ele>487.000000</ele>
			</trkpt>
			<trkpt lat="67.692491" lon="17.567175">
				<ele>487.000000</ele>
			</trkpt>
			<trkpt lat="67.692583" lon="17.566905">
				<ele>487.000000</ele>
			</trkpt>
			<trkpt lat="67.692713" lon="17.566582">
				<ele>487.000000</ele>
			</trkpt>
			<trkpt lat="67.692835" lon="17.566295">
				<ele>488.000000</ele>
			</trkpt>
			<trkpt lat="67.693081" lon="17.565747">
				<ele>488.000000</ele>
			</trkpt>
			<trkpt lat="67.693279" lon="17.565297">
				<ele>489.000000</ele>
			</trkpt>
			<trkpt lat="67.693633" lon="17.564525">
				<ele>490.000000</ele>
			</trkpt>
			<trkpt lat="67.693780" lon="17.564184">
				<ele>490.000000</ele>
			</trkpt>
			<trkpt lat="67.694001" lon="17.563689">
				<ele>493.000000</ele>
			</trkpt>
			<trkpt lat="67.694325" lon="17.562962">
				<ele>497.000000</ele>
			</trkpt>
			<trkpt lat="67.694667" lon="17.562127">
				<ele>500.000000</ele>
			</trkpt>
			<trkpt lat="67.694816" lon="17.561668">
				<ele>500.000000</ele>
			</trkpt>
			<trkpt lat="67.695143" lon="17.560645">
				<ele>500.000000</ele>
			</trkpt>
			<trkpt lat="67.695239" lon="17.560312">
				<ele>500.000000</ele>
			</trkpt>
			<trkpt lat="67.695403" lon="17.559693">
				<ele>500.000000</ele>
			</trkpt>
			<trkpt lat="67.695573" lon="17.558982">
				<ele>500.000000</ele>
			</trkpt>
			<trkpt lat="67.695696" lon="17.558416">
				<ele>500.000000</ele>
			</trkpt>
			<trkpt lat="67.695815" lon="17.557896">
				<ele>499.000000</ele>
			</trkpt>
			<trkpt lat="67.695955" lon="17.557213">
				<ele>498.000000</ele>
			</trkpt>
			<trkpt lat="67.696054" lon="17.556791">
				<ele>498.000000</ele>
			</trkpt>
			<trkpt lat="67.696173" lon="17.556234">
				<ele>497.000000</ele>
			</trkpt>
			<trkpt lat="67.696484" lon="17.554733">
				<ele>495.000000</ele>
			</trkpt>
			<trkpt lat="67.696640" lon="17.554041">
				<ele>494.000000</ele>
			</trkpt>
			<trkpt lat="67.696821" lon="17.553206">
				<ele>493.000000</ele>
			</trkpt>
			<trkpt lat="67.696920" lon="17.552712">
				<ele>492.000000</ele>
			</trkpt>
			<trkpt lat="67.697138" lon="17.551715">
				<ele>490.000000</ele>
			</trkpt>
			<trkpt lat="67.697217" lon="17.551320">
				<ele>490.000000</ele>
			</trkpt>
			<trkpt lat="67.697288" lon="17.551015">
				<ele>488.000000</ele>
			</trkpt>
			<trkpt lat="67.697360" lon="17.550655">
				<ele>487.000000</ele>
			</trkpt>
			<trkpt lat="67.697629" lon="17.549407">
				<ele>482.000000</ele>
			</trkpt>
			<trkpt lat="67.697721" lon="17.548948">
				<ele>481.000000</ele>
			</trkpt>
			<trkpt lat="67.697926" lon="17.547996">
				<ele>478.000000</ele>
			</trkpt>
			<trkpt lat="67.698045" lon="17.547430">
				<ele>476.000000</ele>
			</trkpt>
			<trkpt lat="67.698195" lon="17.546676">
				<ele>474.000000</ele>
			</trkpt>
			<trkpt lat="67.698277" lon="17.546317">
				<ele>473.000000</ele>
			</trkpt>
			<trkpt lat="67.698338" lon="17.546028">
				<ele>472.000000</ele>
			</trkpt>
			<trkpt lat="67.698410" lon="17.545715">
				<ele>471.000000</ele>
			</trkpt>
			<trkpt lat="67.698597" lon="17.544835">
				<ele>470.000000</ele>
			</trkpt>
			<trkpt lat="67.698703" lon="17.544269">
				<ele>470.000000</ele>
			</trkpt>
			<trkpt lat="67.698914" lon="17.543271">
				<ele>470.000000</ele>
			</trkpt>
			<trkpt lat="67.699197" lon="17.541896">
				<ele>470.000000</ele>
			</trkpt>
			<trkpt lat="67.699269" lon="17.541529">
				<ele>470.000000</ele>
			</trkpt>
			<trkpt lat="67.699381" lon="17.540854">
				<ele>470.000000</ele>
			</trkpt>
			<trkpt lat="67.699442" lon="17.540397">
				<ele>470.000000</ele>
			</trkpt>
			<trkpt lat="67.699473" lon="17.540055">
				<ele>470.000000</ele>
			</trkpt>
			<trkpt lat="67.699504" lon="17.539651">
				<ele>470.000000</ele>
			</trkpt>
			<trkpt lat="67.699524" lon="17.539300">
				<ele>470.000000</ele>
			</trkpt>
			<trkpt lat="67.699538" lon="17.538950">
				<ele>470.000000</ele>
			</trkpt>
			<trkpt lat="67.699555" lon="17.538250">
				<ele>470.000000</ele>
			</trkpt>
			<trkpt lat="67.699552" lon="17.536983">
				<ele>470.000000</ele>
			</trkpt>
			<trkpt lat="67.699558" lon="17.535545">
				<ele>470.000000</ele>
			</trkpt>
			<trkpt lat="67.699558" lon="17.534145">
				<ele>470.000000</ele>
			</trkpt>
			<trkpt lat="67.699565" lon="17.533740">
				<ele>470.000000</ele>
			</trkpt>
			<trkpt lat="67.699579" lon="17.533453">
				<ele>470.000000</ele>
			</trkpt>
			<trkpt lat="67.699609" lon="17.533030">
				<ele>470.000000</ele>
			</trkpt>
			<trkpt lat="67.699620" lon="17.532923">
				<ele>470.000000</ele>
			</trkpt>
			<trkpt lat="67.699647" lon="17.532688">
				<ele>470.000000</ele>
			</trkpt>
			<trkpt lat="67.699688" lon="17.532365">
				<ele>470.000000</ele>
			</trkpt>
			<trkpt lat="67.699743" lon="17.532114">
				<ele>470.000000</ele>
			</trkpt>
			<trkpt lat="67.699804" lon="17.531881">
				<ele>470.000000</ele>
			</trkpt>
			<trkpt lat="67.699869" lon="17.531692">
				<ele>470.000000</ele>
			</trkpt>
			<trkpt lat="67.699951" lon="17.531459">
				<ele>470.000000</ele>
			</trkpt>
			<trkpt lat="67.700070" lon="17.531170">
				<ele>470.000000</ele>
			</trkpt>
			<trkpt lat="67.700336" lon="17.530623">
				<ele>470.000000</ele>
			</trkpt>
			<trkpt lat="67.700537" lon="17.530218">
				<ele>470.000000</ele>
			</trkpt>
			<trkpt lat="67.700813" lon="17.529698">
				<ele>470.000000</ele>
			</trkpt>
			<trkpt lat="67.701464" lon="17.528422">
				<ele>470.000000</ele>
			</trkpt>
			<trkpt lat="67.701583" lon="17.528180">
				<ele>470.000000</ele>
			</trkpt>
			<trkpt lat="67.701699" lon="17.527891">
				<ele>470.000000</ele>
			</trkpt>
			<trkpt lat="67.701785" lon="17.527631">
				<ele>470.000000</ele>
			</trkpt>
			<trkpt lat="67.701859" lon="17.527335">
				<ele>470.000000</ele>
			</trkpt>
			<trkpt lat="67.701927" lon="17.526931">
				<ele>470.000000</ele>
			</trkpt>
			<trkpt lat="67.701978" lon="17.526581">
				<ele>470.000000</ele>
			</trkpt>
			<trkpt lat="67.702023" lon="17.526176">
				<ele>470.000000</ele>
			</trkpt>
			<trkpt lat="67.702050" lon="17.525843">
				<ele>470.000000</ele>
			</trkpt>
			<trkpt lat="67.702145" lon="17.524469">
				<ele>470.000000</ele>
			</trkpt>
			<trkpt lat="67.702220" lon="17.523598">
				<ele>470.000000</ele>
			</trkpt>
			<trkpt lat="67.702320" lon="17.522717">
				<ele>470.000000</ele>
			</trkpt>
			<trkpt lat="67.702371" lon="17.522304">
				<ele>470.000000</ele>
			</trkpt>
			<trkpt lat="67.702456" lon="17.521784">
				<ele>470.000000</ele>
			</trkpt>
			<trkpt lat="67.702609" lon="17.520732">
				<ele>470.000000</ele>
			</trkpt>
			<trkpt lat="67.702749" lon="17.519879">
				<ele>470.000000</ele>
			</trkpt>
			<trkpt lat="67.702916" lon="17.518899">
				<ele>470.000000</ele>
			</trkpt>
			<trkpt lat="67.703001" lon="17.518432">
				<ele>470.000000</ele>
			</trkpt>
			<trkpt lat="67.703083" lon="17.518029">
				<ele>470.000000</ele>
			</trkpt>
			<trkpt lat="67.703182" lon="17.517570">
				<ele>470.000000</ele>
			</trkpt>
			<trkpt lat="67.703362" lon="17.516798">
				<ele>470.000000</ele>
			</trkpt>
			<trkpt lat="67.703554" lon="17.516115">
				<ele>470.000000</ele>
			</trkpt>
			<trkpt lat="67.703665" lon="17.515738">
				<ele>470.000000</ele>
			</trkpt>
			<trkpt lat="67.703822" lon="17.515280">
				<ele>470.000000</ele>
			</trkpt>
			<trkpt lat="67.703942" lon="17.514893">
				<ele>470.000000</ele>
			</trkpt>
			<trkpt lat="67.704130" lon="17.514318">
				<ele>470.000000</ele>
			</trkpt>
			<trkpt lat="67.705496" lon="17.510150">
				<ele>470.000000</ele>
			</trkpt>
			<trkpt lat="67.706269" lon="17.507806">
				<ele>470.000000</ele>
			</trkpt>
			<trkpt lat="67.706529" lon="17.506997">
				<ele>470.000000</ele>
			</trkpt>
			<trkpt lat="67.707547" lon="17.503970">
				<ele>470.000000</ele>
			</trkpt>
			<trkpt lat="67.708096" lon="17.502245">
				<ele>470.000000</ele>
			</trkpt>
			<trkpt lat="67.708297" lon="17.501634">
				<ele>470.000000</ele>
			</trkpt>
			<trkpt lat="67.708570" lon="17.500844">
				<ele>470.000000</ele>
			</trkpt>
			<trkpt lat="67.708835" lon="17.500108">
				<ele>470.000000</ele>
			</trkpt>
			<trkpt lat="67.709012" lon="17.499666">
				<ele>470.000000</ele>
			</trkpt>
			<trkpt lat="67.709132" lon="17.499416">
				<ele>470.000000</ele>
			</trkpt>
			<trkpt lat="67.709374" lon="17.498939">
				<ele>470.000000</ele>
			</trkpt>
			<trkpt lat="67.709517" lon="17.498687">
				<ele>470.000000</ele>
			</trkpt>
			<trkpt lat="67.709946" lon="17.498032">
				<ele>470.000000</ele>
			</trkpt>
			<trkpt lat="67.710423" lon="17.497395">
				<ele>470.000000</ele>
			</trkpt>
			<trkpt lat="67.710597" lon="17.497133">
				<ele>470.000000</ele>
			</trkpt>
			<trkpt lat="67.710873" lon="17.496630">
				<ele>470.000000</ele>
			</trkpt>
			<trkpt lat="67.711173" lon="17.495957">
				<ele>470.000000</ele>
			</trkpt>
			<trkpt lat="67.711329" lon="17.495561">
				<ele>470.000000</ele>
			</trkpt>
			<trkpt lat="67.711687" lon="17.494718">
				<ele>470.000000</ele>
			</trkpt>
			<trkpt lat="67.711813" lon="17.494403">
				<ele>470.000000</ele>
			</trkpt>
			<trkpt lat="67.711949" lon="17.494089">
				<ele>470.000000</ele>
			</trkpt>
			<trkpt lat="67.712328" lon="17.493253">
				<ele>470.000000</ele>
			</trkpt>
			<trkpt lat="67.713077" lon="17.491645">
				<ele>470.000000</ele>
			</trkpt>
			<trkpt lat="67.713264" lon="17.491259">
				<ele>470.000000</ele>
			</trkpt>
			<trkpt lat="67.713660" lon="17.490387">
				<ele>470.000000</ele>
			</trkpt>
			<trkpt lat="67.713816" lon="17.490010">
				<ele>470.000000</ele>
			</trkpt>
			<trkpt lat="67.713949" lon="17.489659">
				<ele>470.000000</ele>
			</trkpt>
			<trkpt lat="67.714245" lon="17.488797">
				<ele>470.000000</ele>
			</trkpt>
			<trkpt lat="67.714365" lon="17.488410">
				<ele>470.000000</ele>
			</trkpt>
			<trkpt lat="67.714730" lon="17.487414">
				<ele>470.000000</ele>
			</trkpt>
			<trkpt lat="67.714866" lon="17.487064">
				<ele>470.000000</ele>
			</trkpt>
			<trkpt lat="67.714992" lon="17.486812">
				<ele>470.000000</ele>
			</trkpt>
			<trkpt lat="67.715305" lon="17.486300">
				<ele>470.000000</ele>
			</trkpt>
			<trkpt lat="67.715516" lon="17.485986">
				<ele>470.000000</ele>
			</trkpt>
			<trkpt lat="67.715707" lon="17.485689">
				<ele>470.000000</ele>
			</trkpt>
			<trkpt lat="67.715864" lon="17.485456">
				<ele>470.000000</ele>
			</trkpt>
			<trkpt lat="67.716017" lon="17.485213">
				<ele>470.000000</ele>
			</trkpt>
			<trkpt lat="67.716293" lon="17.484718">
				<ele>470.000000</ele>
			</trkpt>
			<trkpt lat="67.716436" lon="17.484441">
				<ele>470.000000</ele>
			</trkpt>
			<trkpt lat="67.716603" lon="17.484036">
				<ele>470.000000</ele>
			</trkpt>
			<trkpt lat="67.716971" lon="17.483057">
				<ele>470.000000</ele>
			</trkpt>
			<trkpt lat="67.717124" lon="17.482608">
				<ele>470.000000</ele>
			</trkpt>
			<trkpt lat="67.717260" lon="17.482185">
				<ele>470.000000</ele>
			</trkpt>
			<trkpt lat="67.717819" lon="17.480093">
				<ele>467.000000</ele>
			</trkpt>
			<trkpt lat="67.717938" lon="17.479680">
				<ele>466.000000</ele>
			</trkpt>
			<trkpt lat="67.718092" lon="17.479185">
				<ele>465.000000</ele>
			</trkpt>
			<trkpt lat="67.718316" lon="17.478575">
				<ele>463.000000</ele>
			</trkpt>
			<trkpt lat="67.718466" lon="17.478179">
				<ele>462.000000</ele>
			</trkpt>
			<trkpt lat="67.718609" lon="17.477873">
				<ele>462.000000</ele>
			</trkpt>
			<trkpt lat="67.718895" lon="17.477281">
				<ele>460.000000</ele>
			</trkpt>
			<trkpt lat="67.718660" lon="17.476967">
				<ele>457.000000</ele>
			</trkpt>
			<trkpt lat="67.718603" lon="17.476885">
				<ele>456.000000</ele>
			</trkpt>
			<trkpt lat="67.718497" lon="17.476751">
				<ele>455.000000</ele>
			</trkpt>
			<trkpt lat="67.718821" lon="17.476158">
				<ele>456.000000</ele>
			</trkpt>
			<trkpt lat="67.719859" lon="17.475107">
				<ele>459.000000</ele>
			</trkpt>
			<trkpt lat="67.720258" lon="17.474352">
				<ele>460.000000</ele>
			</trkpt>
			<trkpt lat="67.720333" lon="17.474298">
				<ele>460.000000</ele>
			</trkpt>
			<trkpt lat="67.720390" lon="17.474164">
				<ele>460.000000</ele>
			</trkpt>
			<trkpt lat="67.720564" lon="17.473715">
				<ele>460.000000</ele>
			</trkpt>
			<trkpt lat="67.720687" lon="17.473338">
				<ele>460.000000</ele>
			</trkpt>
			<trkpt lat="67.720813" lon="17.472825">
				<ele>460.000000</ele>
			</trkpt>
			<trkpt lat="67.720942" lon="17.472233">
				<ele>461.000000</ele>
			</trkpt>
			<trkpt lat="67.721051" lon="17.471352">
				<ele>464.000000</ele>
			</trkpt>
			<trkpt lat="67.721106" lon="17.470669">
				<ele>466.000000</ele>
			</trkpt>
			<trkpt lat="67.721157" lon="17.470193">
				<ele>468.000000</ele>
			</trkpt>
			<trkpt lat="67.721211" lon="17.469726">
				<ele>469.000000</ele>
			</trkpt>
			<trkpt lat="67.721320" lon="17.469088">
				<ele>472.000000</ele>
			</trkpt>
			<trkpt lat="67.721416" lon="17.468612">
				<ele>473.000000</ele>
			</trkpt>
			<trkpt lat="67.721569" lon="17.467965">
				<ele>476.000000</ele>
			</trkpt>
			<trkpt lat="67.721797" lon="17.467057">
				<ele>480.000000</ele>
			</trkpt>
			<trkpt lat="67.722001" lon="17.466267">
				<ele>482.000000</ele>
			</trkpt>
			<trkpt lat="67.722233" lon="17.465478">
				<ele>485.000000</ele>
			</trkpt>
			<trkpt lat="67.722274" lon="17.465298">
				<ele>486.000000</ele>
			</trkpt>
			<trkpt lat="67.722410" lon="17.464740">
				<ele>487.000000</ele>
			</trkpt>
			<trkpt lat="67.723071" lon="17.462199">
				<ele>495.000000</ele>
			</trkpt>
			<trkpt lat="67.723173" lon="17.461794">
				<ele>496.000000</ele>
			</trkpt>
			<trkpt lat="67.723323" lon="17.461191">
				<ele>497.000000</ele>
			</trkpt>
			<trkpt lat="67.723592" lon="17.460231">
				<ele>500.000000</ele>
			</trkpt>
			<trkpt lat="67.723742" lon="17.459836">
				<ele>502.000000</ele>
			</trkpt>
			<trkpt lat="67.723898" lon="17.459575">
				<ele>505.000000</ele>
			</trkpt>
			<trkpt lat="67.724075" lon="17.459359">
				<ele>507.000000</ele>
			</trkpt>
			<trkpt lat="67.724215" lon="17.459252">
				<ele>509.000000</ele>
			</trkpt>
			<trkpt lat="67.724402" lon="17.459216">
				<ele>511.000000</ele>
			</trkpt>
			<trkpt lat="67.724569" lon="17.459252">
				<ele>513.000000</ele>
			</trkpt>
			<trkpt lat="67.724705" lon="17.459342">
				<ele>515.000000</ele>
			</trkpt>
			<trkpt lat="67.724787" lon="17.459440">
				<ele>516.000000</ele>
			</trkpt>
			<trkpt lat="67.724852" lon="17.459530">
				<ele>516.000000</ele>
			</trkpt>
			<trkpt lat="67.724981" lon="17.459845">
				<ele>518.000000</ele>
			</trkpt>
			<trkpt lat="67.725049" lon="17.460195">
				<ele>519.000000</ele>
			</trkpt>
			<trkpt lat="67.725097" lon="17.460608">
				<ele>520.000000</ele>
			</trkpt>
			<trkpt lat="67.725110" lon="17.461264">
				<ele>522.000000</ele>
			</trkpt>
			<trkpt lat="67.725114" lon="17.461614">
				<ele>522.000000</ele>
			</trkpt>
			<trkpt lat="67.725110" lon="17.461731">
				<ele>523.000000</ele>
			</trkpt>
			<trkpt lat="67.725073" lon="17.462486">
				<ele>524.000000</ele>
			</trkpt>
			<trkpt lat="67.724994" lon="17.463725">
				<ele>527.000000</ele>
			</trkpt>
			<trkpt lat="67.724947" lon="17.464570">
				<ele>529.000000</ele>
			</trkpt>
			<trkpt lat="67.724889" lon="17.465782">
				<ele>531.000000</ele>
			</trkpt>
			<trkpt lat="67.724879" lon="17.466034">
				<ele>532.000000</ele>
			</trkpt>
			<trkpt lat="67.724865" lon="17.466474">
				<ele>533.000000</ele>
			</trkpt>
			<trkpt lat="67.724858" lon="17.466996">
				<ele>534.000000</ele>
			</trkpt>
			<trkpt lat="67.724879" lon="17.467516">
				<ele>535.000000</ele>
			</trkpt>
			<trkpt lat="67.724933" lon="17.468162">
				<ele>536.000000</ele>
			</trkpt>
			<trkpt lat="67.725131" lon="17.469583">
				<ele>539.000000</ele>
			</trkpt>
			<trkpt lat="67.725376" lon="17.471604">
				<ele>544.000000</ele>
			</trkpt>
			<trkpt lat="67.725451" lon="17.472214">
				<ele>546.000000</ele>
			</trkpt>
			<trkpt lat="67.725553" lon="17.472897">
				<ele>549.000000</ele>
			</trkpt>
			<trkpt lat="67.725662" lon="17.473499">
				<ele>551.000000</ele>
			</trkpt>
			<trkpt lat="67.725720" lon="17.473822">
				<ele>553.000000</ele>
			</trkpt>
			<trkpt lat="67.725822" lon="17.474298">
				<ele>555.000000</ele>
			</trkpt>
			<trkpt lat="67.725955" lon="17.474711">
				<ele>557.000000</ele>
			</trkpt>
			<trkpt lat="67.726122" lon="17.475125">
				<ele>560.000000</ele>
			</trkpt>
			<trkpt lat="67.726340" lon="17.475493">
				<ele>562.000000</ele>
			</trkpt>
			<trkpt lat="67.726557" lon="17.475718">
				<ele>564.000000</ele>
			</trkpt>
			<trkpt lat="67.726752" lon="17.475862">
				<ele>565.000000</ele>
			</trkpt>
			<trkpt lat="67.726949" lon="17.475925">
				<ele>567.000000</ele>
			</trkpt>
			<trkpt lat="67.727174" lon="17.475843">
				<ele>568.000000</ele>
			</trkpt>
			<trkpt lat="67.727354" lon="17.475718">
				<ele>570.000000</ele>
			</trkpt>
			<trkpt lat="67.727899" lon="17.475160">
				<ele>574.000000</ele>
			</trkpt>
			<trkpt lat="67.728794" lon="17.474164">
				<ele>583.000000</ele>
			</trkpt>
			<trkpt lat="67.729047" lon="17.473912">
				<ele>586.000000</ele>
			</trkpt>
			<trkpt lat="67.729271" lon="17.473741">
				<ele>588.000000</ele>
			</trkpt>
			<trkpt lat="67.729462" lon="17.473634">
				<ele>590.000000</ele>
			</trkpt>
			<trkpt lat="67.729710" lon="17.473579">
				<ele>593.000000</ele>
			</trkpt>
			<trkpt lat="67.729908" lon="17.473607">
				<ele>595.000000</ele>
			</trkpt>
			<trkpt lat="67.730119" lon="17.473724">
				<ele>598.000000</ele>
			</trkpt>
			<trkpt lat="67.730333" lon="17.473876">
				<ele>600.000000</ele>
			</trkpt>
			<trkpt lat="67.730643" lon="17.474155">
				<ele>602.000000</ele>
			</trkpt>
			<trkpt lat="67.730976" lon="17.474487">
				<ele>604.000000</ele>
			</trkpt>
			<trkpt lat="67.731304" lon="17.474793">
				<ele>605.000000</ele>
			</trkpt>
			<trkpt lat="67.731855" lon="17.475349">
				<ele>608.000000</ele>
			</trkpt>
			<trkpt lat="67.733091" lon="17.476562">
				<ele>614.000000</ele>
			</trkpt>
			<trkpt lat="67.733132" lon="17.476607">
				<ele>615.000000</ele>
			</trkpt>
			<trkpt lat="67.733397" lon="17.476850">
				<ele>619.000000</ele>
			</trkpt>
			<trkpt lat="67.733676" lon="17.477155">
				<ele>621.000000</ele>
			</trkpt>
			<trkpt lat="67.733972" lon="17.477497">
				<ele>622.000000</ele>
			</trkpt>
			<trkpt lat="67.734289" lon="17.477810">
				<ele>624.000000</ele>
			</trkpt>
			<trkpt lat="67.734499" lon="17.478036">
				<ele>625.000000</ele>
			</trkpt>
			<trkpt lat="67.734680" lon="17.478206">
				<ele>625.000000</ele>
			</trkpt>
			<trkpt lat="67.734881" lon="17.478313">
				<ele>626.000000</ele>
			</trkpt>
			<trkpt lat="67.735092" lon="17.478376">
				<ele>627.000000</ele>
			</trkpt>
			<trkpt lat="67.735279" lon="17.478376">
				<ele>628.000000</ele>
			</trkpt>
			<trkpt lat="67.735490" lon="17.478332">
				<ele>629.000000</ele>
			</trkpt>
			<trkpt lat="67.735688" lon="17.478233">
				<ele>630.000000</ele>
			</trkpt>
			<trkpt lat="67.735994" lon="17.478009">
				<ele>631.000000</ele>
			</trkpt>
			<trkpt lat="67.736263" lon="17.477784">
				<ele>633.000000</ele>
			</trkpt>
			<trkpt lat="67.736889" lon="17.477290">
				<ele>637.000000</ele>
			</trkpt>
			<trkpt lat="67.737233" lon="17.477038">
				<ele>640.000000</ele>
			</trkpt>
			<trkpt lat="67.737437" lon="17.476940">
				<ele>642.000000</ele>
			</trkpt>
			<trkpt lat="67.737618" lon="17.476940">
				<ele>643.000000</ele>
			</trkpt>
			<trkpt lat="67.737781" lon="17.476975">
				<ele>645.000000</ele>
			</trkpt>
			<trkpt lat="67.737975" lon="17.477084">
				<ele>647.000000</ele>
			</trkpt>
			<trkpt lat="67.738151" lon="17.477271">
				<ele>649.000000</ele>
			</trkpt>
			<trkpt lat="67.738305" lon="17.477506">
				<ele>650.000000</ele>
			</trkpt>
			<trkpt lat="67.738472" lon="17.477820">
				<ele>651.000000</ele>
			</trkpt>
			<trkpt lat="67.738591" lon="17.478134">
				<ele>651.000000</ele>
			</trkpt>
			<trkpt lat="67.738723" lon="17.478529">
				<ele>652.000000</ele>
			</trkpt>
			<trkpt lat="67.738843" lon="17.478925">
				<ele>652.000000</ele>
			</trkpt>
			<trkpt lat="67.739125" lon="17.479894">
				<ele>654.000000</ele>
			</trkpt>
			<trkpt lat="67.739261" lon="17.480308">
				<ele>654.000000</ele>
			</trkpt>
			<trkpt lat="67.739401" lon="17.480694">
				<ele>655.000000</ele>
			</trkpt>
			<trkpt lat="67.739547" lon="17.481063">
				<ele>655.000000</ele>
			</trkpt>
			<trkpt lat="67.739724" lon="17.481395">
				<ele>656.000000</ele>
			</trkpt>
			<trkpt lat="67.740027" lon="17.481898">
				<ele>657.000000</ele>
			</trkpt>
			<trkpt lat="67.740309" lon="17.482365">
				<ele>658.000000</ele>
			</trkpt>
			<trkpt lat="67.740578" lon="17.482760">
				<ele>659.000000</ele>
			</trkpt>
			<trkpt lat="67.740877" lon="17.483236">
				<ele>660.000000</ele>
			</trkpt>
			<trkpt lat="67.741112" lon="17.483623">
				<ele>661.000000</ele>
			</trkpt>
			<trkpt lat="67.741340" lon="17.483965">
				<ele>663.000000</ele>
			</trkpt>
			<trkpt lat="67.741633" lon="17.484441">
				<ele>665.000000</ele>
			</trkpt>
			<trkpt lat="67.742058" lon="17.485114">
				<ele>668.000000</ele>
			</trkpt>
			<trkpt lat="67.742902" lon="17.486462">
				<ele>670.000000</ele>
			</trkpt>
			<trkpt lat="67.743130" lon="17.486821">
				<ele>671.000000</ele>
			</trkpt>
			<trkpt lat="67.743718" lon="17.487764">
				<ele>671.000000</ele>
			</trkpt>
			<trkpt lat="67.744069" lon="17.488313">
				<ele>672.000000</ele>
			</trkpt>
			<trkpt lat="67.744324" lon="17.488716">
				<ele>672.000000</ele>
			</trkpt>
			<trkpt lat="67.745627" lon="17.490800">
				<ele>673.000000</ele>
			</trkpt>
			<trkpt lat="67.746270" lon="17.491816">
				<ele>674.000000</ele>
			</trkpt>
			<trkpt lat="67.746546" lon="17.492274">
				<ele>674.000000</ele>
			</trkpt>
			<trkpt lat="67.746797" lon="17.492660">
				<ele>674.000000</ele>
			</trkpt>
			<trkpt lat="67.747131" lon="17.493200">
				<ele>674.000000</ele>
			</trkpt>
			<trkpt lat="67.747505" lon="17.493827">
				<ele>675.000000</ele>
			</trkpt>
			<trkpt lat="67.747757" lon="17.494259">
				<ele>675.000000</ele>
			</trkpt>
			<trkpt lat="67.747907" lon="17.494582">
				<ele>675.000000</ele>
			</trkpt>
			<trkpt lat="67.748036" lon="17.494888">
				<ele>675.000000</ele>
			</trkpt>
			<trkpt lat="67.748161" lon="17.495238">
				<ele>675.000000</ele>
			</trkpt>
			<trkpt lat="67.748274" lon="17.495607">
				<ele>675.000000</ele>
			</trkpt>
			<trkpt lat="67.748389" lon="17.496056">
				<ele>676.000000</ele>
			</trkpt>
			<trkpt lat="67.748492" lon="17.496513">
				<ele>676.000000</ele>
			</trkpt>
			<trkpt lat="67.748576" lon="17.496936">
				<ele>676.000000</ele>
			</trkpt>
			<trkpt lat="67.748648" lon="17.497385">
				<ele>676.000000</ele>
			</trkpt>
			<trkpt lat="67.748709" lon="17.497934">
				<ele>676.000000</ele>
			</trkpt>
			<trkpt lat="67.748760" lon="17.498471">
				<ele>676.000000</ele>
			</trkpt>
			<trkpt lat="67.748784" lon="17.498903">
				<ele>676.000000</ele>
			</trkpt>
			<trkpt lat="67.748801" lon="17.499353">
				<ele>677.000000</ele>
			</trkpt>
			<trkpt lat="67.748801" lon="17.500062">
				<ele>677.000000</ele>
			</trkpt>
			<trkpt lat="67.748757" lon="17.501661">
				<ele>677.000000</ele>
			</trkpt>
			<trkpt lat="67.748662" lon="17.504284">
				<ele>678.000000</ele>
			</trkpt>
			<trkpt lat="67.748645" lon="17.504679">
				<ele>678.000000</ele>
			</trkpt>
			<trkpt lat="67.748635" lon="17.505182">
				<ele>678.000000</ele>
			</trkpt>
			<trkpt lat="67.748635" lon="17.505784">
				<ele>678.000000</ele>
			</trkpt>
			<trkpt lat="67.748645" lon="17.506270">
				<ele>679.000000</ele>
			</trkpt>
			<trkpt lat="67.748658" lon="17.506700">
				<ele>679.000000</ele>
			</trkpt>
			<trkpt lat="67.748675" lon="17.507077">
				<ele>679.000000</ele>
			</trkpt>
			<trkpt lat="67.748709" lon="17.507500">
				<ele>679.000000</ele>
			</trkpt>
			<trkpt lat="67.748763" lon="17.507985">
				<ele>679.000000</ele>
			</trkpt>
			<trkpt lat="67.748845" lon="17.508524">
				<ele>679.000000</ele>
			</trkpt>
			<trkpt lat="67.748924" lon="17.508974">
				<ele>679.000000</ele>
			</trkpt>
			<trkpt lat="67.748998" lon="17.509341">
				<ele>680.000000</ele>
			</trkpt>
			<trkpt lat="67.749107" lon="17.509817">
				<ele>680.000000</ele>
			</trkpt>
			<trkpt lat="67.749206" lon="17.510186">
				<ele>680.000000</ele>
			</trkpt>
			<trkpt lat="67.749352" lon="17.510680">
				<ele>680.000000</ele>
			</trkpt>
			<trkpt lat="67.749556" lon="17.511335">
				<ele>680.000000</ele>
			</trkpt>
			<trkpt lat="67.749733" lon="17.511857">
				<ele>680.000000</ele>
			</trkpt>
			<trkpt lat="67.749893" lon="17.512369">
				<ele>680.000000</ele>
			</trkpt>
			<trkpt lat="67.750199" lon="17.513358">
				<ele>680.000000</ele>
			</trkpt>
			<trkpt lat="67.750380" lon="17.513941">
				<ele>680.000000</ele>
			</trkpt>
			<trkpt lat="67.750573" lon="17.514516">
				<ele>680.000000</ele>
			</trkpt>
			<trkpt lat="67.750788" lon="17.515153">
				<ele>681.000000</ele>
			</trkpt>
			<trkpt lat="67.751029" lon="17.515845">
				<ele>681.000000</ele>
			</trkpt>
			<trkpt lat="67.751277" lon="17.516528">
				<ele>682.000000</ele>
			</trkpt>
			<trkpt lat="67.751668" lon="17.517534">
				<ele>682.000000</ele>
			</trkpt>
			<trkpt lat="67.752240" lon="17.518989">
				<ele>683.000000</ele>
			</trkpt>
			<trkpt lat="67.752580" lon="17.519870">
				<ele>684.000000</ele>
			</trkpt>
			<trkpt lat="67.752835" lon="17.520570">
				<ele>684.000000</ele>
			</trkpt>
			<trkpt lat="67.753019" lon="17.521109">
				<ele>684.000000</ele>
			</trkpt>
			<trkpt lat="67.753162" lon="17.521532">
				<ele>685.000000</ele>
			</trkpt>
			<trkpt lat="67.753301" lon="17.521990">
				<ele>685.000000</ele>
			</trkpt>
			<trkpt lat="67.753454" lon="17.522547">
				<ele>685.000000</ele>
			</trkpt>
			<trkpt lat="67.753593" lon="17.523140">
				<ele>685.000000</ele>
			</trkpt>
			<trkpt lat="67.753709" lon="17.523661">
				<ele>686.000000</ele>
			</trkpt>
			<trkpt lat="67.753818" lon="17.524209">
				<ele>686.000000</ele>
			</trkpt>
			<trkpt lat="67.754097" lon="17.525673">
				<ele>687.000000</ele>
			</trkpt>
			<trkpt lat="67.754389" lon="17.527362">
				<ele>687.000000</ele>
			</trkpt>
			<trkpt lat="67.754522" lon="17.528189">
				<ele>688.000000</ele>
			</trkpt>
			<trkpt lat="67.754665" lon="17.528906">
				<ele>688.000000</ele>
			</trkpt>
			<trkpt lat="67.754916" lon="17.530344">
				<ele>689.000000</ele>
			</trkpt>
			<trkpt lat="67.755012" lon="17.530866">
				<ele>689.000000</ele>
			</trkpt>
			<trkpt lat="67.755114" lon="17.531359">
				<ele>689.000000</ele>
			</trkpt>
			<trkpt lat="67.755243" lon="17.531925">
				<ele>690.000000</ele>
			</trkpt>
			<trkpt lat="67.755393" lon="17.532509">
				<ele>690.000000</ele>
			</trkpt>
			<trkpt lat="67.755560" lon="17.533084">
				<ele>690.000000</ele>
			</trkpt>
			<trkpt lat="67.755852" lon="17.534009">
				<ele>691.000000</ele>
			</trkpt>
			<trkpt lat="67.756005" lon="17.534468">
				<ele>692.000000</ele>
			</trkpt>
			<trkpt lat="67.756182" lon="17.534952">
				<ele>692.000000</ele>
			</trkpt>
			<trkpt lat="67.756406" lon="17.535527">
				<ele>692.000000</ele>
			</trkpt>
			<trkpt lat="67.756804" lon="17.536623">
				<ele>693.000000</ele>
			</trkpt>
			<trkpt lat="67.757117" lon="17.537441">
				<ele>694.000000</ele>
			</trkpt>
			<trkpt lat="67.757385" lon="17.538105">
				<ele>695.000000</ele>
			</trkpt>
			<trkpt lat="67.757957" lon="17.539570">
				<ele>696.000000</ele>
			</trkpt>
			<trkpt lat="67.758868" lon="17.541887">
				<ele>698.000000</ele>
			</trkpt>
			<trkpt lat="67.759507" lon="17.543550">
				<ele>700.000000</ele>
			</trkpt>
			<trkpt lat="67.759762" lon="17.544179">
				<ele>700.000000</ele>
			</trkpt>
			<trkpt lat="67.759881" lon="17.544466">
				<ele>700.000000</ele>
			</trkpt>
			<trkpt lat="67.760174" lon="17.545229">
				<ele>700.000000</ele>
			</trkpt>
			<trkpt lat="67.760453" lon="17.545984">
				<ele>700.000000</ele>
			</trkpt>
			<trkpt lat="67.760833" lon="17.546954">
				<ele>700.000000</ele>
			</trkpt>
			<trkpt lat="67.761292" lon="17.548158">
				<ele>700.000000</ele>
			</trkpt>
			<trkpt lat="67.761622" lon="17.549003">
				<ele>700.000000</ele>
			</trkpt>
			<trkpt lat="67.762101" lon="17.550251">
				<ele>700.000000</ele>
			</trkpt>
			<trkpt lat="67.762540" lon="17.551391">
				<ele>700.000000</ele>
			</trkpt>
			<trkpt lat="67.762675" lon="17.551787">
				<ele>700.000000</ele>
			</trkpt>
			<trkpt lat="67.762781" lon="17.552129">
				<ele>700.000000</ele>
			</trkpt>
			<trkpt lat="67.763046" lon="17.553125">
				<ele>700.000000</ele>
			</trkpt>
			<trkpt lat="67.763342" lon="17.554357">
				<ele>700.000000</ele>
			</trkpt>
			<trkpt lat="67.763695" lon="17.555812">
				<ele>700.000000</ele>
			</trkpt>
			<trkpt lat="67.763859" lon="17.556449">
				<ele>700.000000</ele>
			</trkpt>
			<trkpt lat="67.764032" lon="17.557123">
				<ele>700.000000</ele>
			</trkpt>
			<trkpt lat="67.764454" lon="17.558588">
				<ele>700.000000</ele>
			</trkpt>
			<trkpt lat="67.764685" lon="17.559333">
				<ele>700.000000</ele>
			</trkpt>
			<trkpt lat="67.765331" lon="17.561255">
				<ele>700.000000</ele>
			</trkpt>
			<trkpt lat="67.765722" lon="17.562460">
				<ele>700.000000</ele>
			</trkpt>
			<trkpt lat="67.766167" lon="17.563888">
				<ele>700.000000</ele>
			</trkpt>
			<trkpt lat="67.766340" lon="17.564471">
				<ele>700.000000</ele>
			</trkpt>
			<trkpt lat="67.766507" lon="17.565028">
				<ele>700.000000</ele>
			</trkpt>
			<trkpt lat="67.766683" lon="17.565676">
				<ele>698.000000</ele>
			</trkpt>
			<trkpt lat="67.766854" lon="17.566331">
				<ele>697.000000</ele>
			</trkpt>
			<trkpt lat="67.767023" lon="17.567014">
				<ele>695.000000</ele>
			</trkpt>
			<trkpt lat="67.767245" lon="17.567947">
				<ele>693.000000</ele>
			</trkpt>
			<trkpt lat="67.767884" lon="17.570769">
				<ele>687.000000</ele>
			</trkpt>
			<trkpt lat="67.768135" lon="17.571892">
				<ele>686.000000</ele>
			</trkpt>
			<trkpt lat="67.768648" lon="17.574110">
				<ele>682.000000</ele>
			</trkpt>
			<trkpt lat="67.768920" lon="17.575350">
				<ele>680.000000</ele>
			</trkpt>
			<trkpt lat="67.769144" lon="17.576213">
				<ele>678.000000</ele>
			</trkpt>
			<trkpt lat="67.769325" lon="17.576850">
				<ele>677.000000</ele>
			</trkpt>
			<trkpt lat="67.769494" lon="17.577408">
				<ele>676.000000</ele>
			</trkpt>
			<trkpt lat="67.769688" lon="17.577964">
				<ele>674.000000</ele>
			</trkpt>
			<trkpt lat="67.769861" lon="17.578431">
				<ele>673.000000</ele>
			</trkpt>
			<trkpt lat="67.770066" lon="17.578952">
				<ele>672.000000</ele>
			</trkpt>
			<trkpt lat="67.770344" lon="17.579563">
				<ele>670.000000</ele>
			</trkpt>
			<trkpt lat="67.770884" lon="17.580560">
				<ele>666.000000</ele>
			</trkpt>
			<trkpt lat="67.771285" lon="17.581243">
				<ele>663.000000</ele>
			</trkpt>
			<trkpt lat="67.771846" lon="17.582258">
				<ele>660.000000</ele>
			</trkpt>
			<trkpt lat="67.772005" lon="17.582599">
				<ele>659.000000</ele>
			</trkpt>
			<trkpt lat="67.772335" lon="17.583255">
				<ele>657.000000</ele>
			</trkpt>
			<trkpt lat="67.773001" lon="17.584656">
				<ele>653.000000</ele>
			</trkpt>
			<trkpt lat="67.773182" lon="17.585025">
				<ele>652.000000</ele>
			</trkpt>
			<trkpt lat="67.773382" lon="17.585474">
				<ele>650.000000</ele>
			</trkpt>
			<trkpt lat="67.773647" lon="17.586031">
				<ele>649.000000</ele>
			</trkpt>
			<trkpt lat="67.773882" lon="17.586553">
				<ele>647.000000</ele>
			</trkpt>
			<trkpt lat="67.774262" lon="17.587360">
				<ele>645.000000</ele>
			</trkpt>
			<trkpt lat="67.774439" lon="17.587729">
				<ele>643.000000</ele>
			</trkpt>
			<trkpt lat="67.774776" lon="17.588358">
				<ele>641.000000</ele>
			</trkpt>
			<trkpt lat="67.775305" lon="17.589300">
				<ele>638.000000</ele>
			</trkpt>
			<trkpt lat="67.775815" lon="17.590118">
				<ele>635.000000</ele>
			</trkpt>
			<trkpt lat="67.776165" lon="17.590603">
				<ele>633.000000</ele>
			</trkpt>
			<trkpt lat="67.776416" lon="17.590918">
				<ele>632.000000</ele>
			</trkpt>
			<trkpt lat="67.776916" lon="17.591493">
				<ele>629.000000</ele>
			</trkpt>
			<trkpt lat="67.777184" lon="17.591771">
				<ele>628.000000</ele>
			</trkpt>
			<trkpt lat="67.777452" lon="17.591969">
				<ele>627.000000</ele>
			</trkpt>
			<trkpt lat="67.777850" lon="17.592239">
				<ele>625.000000</ele>
			</trkpt>
			<trkpt lat="67.778322" lon="17.592535">
				<ele>623.000000</ele>
			</trkpt>
			<trkpt lat="67.778710" lon="17.592750">
				<ele>621.000000</ele>
			</trkpt>
			<trkpt lat="67.779107" lon="17.593011">
				<ele>620.000000</ele>
			</trkpt>
			<trkpt lat="67.779416" lon="17.593191">
				<ele>619.000000</ele>
			</trkpt>
			<trkpt lat="67.779736" lon="17.593361">
				<ele>618.000000</ele>
			</trkpt>
			<trkpt lat="67.780119" lon="17.593621">
				<ele>616.000000</ele>
			</trkpt>
			<trkpt lat="67.780408" lon="17.593855">
				<ele>615.000000</ele>
			</trkpt>
			<trkpt lat="67.780643" lon="17.594107">
				<ele>614.000000</ele>
			</trkpt>
			<trkpt lat="67.780863" lon="17.594421">
				<ele>613.000000</ele>
			</trkpt>
			<trkpt lat="67.781118" lon="17.594807">
				<ele>612.000000</ele>
			</trkpt>
			<trkpt lat="67.781305" lon="17.595122">
				<ele>612.000000</ele>
			</trkpt>
			<trkpt lat="67.781472" lon="17.595445">
				<ele>611.000000</ele>
			</trkpt>
			<trkpt lat="67.781651" lon="17.595876">
				<ele>610.000000</ele>
			</trkpt>
			<trkpt lat="67.781818" lon="17.596380">
				<ele>609.000000</ele>
			</trkpt>
			<trkpt lat="67.781988" lon="17.596918">
				<ele>608.000000</ele>
			</trkpt>
			<trkpt lat="67.782199" lon="17.597682">
				<ele>606.000000</ele>
			</trkpt>
			<trkpt lat="67.782385" lon="17.598302">
				<ele>605.000000</ele>
			</trkpt>
			<trkpt lat="67.782735" lon="17.599560">
				<ele>602.000000</ele>
			</trkpt>
			<trkpt lat="67.782986" lon="17.600369">
				<ele>601.000000</ele>
			</trkpt>
			<trkpt lat="67.783571" lon="17.601904">
				<ele>592.000000</ele>
			</trkpt>
			<trkpt lat="67.783740" lon="17.602264">
				<ele>590.000000</ele>
			</trkpt>
			<trkpt lat="67.783972" lon="17.602713">
				<ele>590.000000</ele>
			</trkpt>
			<trkpt lat="67.784182" lon="17.603090">
				<ele>590.000000</ele>
			</trkpt>
			<trkpt lat="67.784505" lon="17.603539">
				<ele>590.000000</ele>
			</trkpt>
			<trkpt lat="67.784807" lon="17.603908">
				<ele>590.000000</ele>
			</trkpt>
			<trkpt lat="67.785503" lon="17.604590">
				<ele>590.000000</ele>
			</trkpt>
			<trkpt lat="67.785805" lon="17.604833">
				<ele>590.000000</ele>
			</trkpt>
			<trkpt lat="67.786016" lon="17.605048">
				<ele>590.000000</ele>
			</trkpt>
			<trkpt lat="67.786155" lon="17.605237">
				<ele>590.000000</ele>
			</trkpt>
			<trkpt lat="67.786366" lon="17.605606">
				<ele>590.000000</ele>
			</trkpt>
			<trkpt lat="67.786746" lon="17.606252">
				<ele>590.000000</ele>
			</trkpt>
			<trkpt lat="67.787116" lon="17.606809">
				<ele>590.000000</ele>
			</trkpt>
			<trkpt lat="67.787758" lon="17.607734">
				<ele>590.000000</ele>
			</trkpt>
			<trkpt lat="67.788132" lon="17.608210">
				<ele>590.000000</ele>
			</trkpt>
			<trkpt lat="67.788332" lon="17.608480">
				<ele>590.000000</ele>
			</trkpt>
			<trkpt lat="67.788692" lon="17.608929">
				<ele>590.000000</ele>
			</trkpt>
			<trkpt lat="67.789052" lon="17.609333">
				<ele>590.000000</ele>
			</trkpt>
			<trkpt lat="67.789242" lon="17.609422">
				<ele>590.000000</ele>
			</trkpt>
			<trkpt lat="67.789456" lon="17.609369">
				<ele>590.000000</ele>
			</trkpt>
			<trkpt lat="67.789986" lon="17.609126">
				<ele>590.000000</ele>
			</trkpt>
			<trkpt lat="67.790591" lon="17.608875">
				<ele>590.000000</ele>
			</trkpt>
			<trkpt lat="67.790879" lon="17.608767">
				<ele>590.000000</ele>
			</trkpt>
			<trkpt lat="67.791049" lon="17.608740">
				<ele>590.000000</ele>
			</trkpt>
			<trkpt lat="67.791201" lon="17.608749">
				<ele>590.000000</ele>
			</trkpt>
			<trkpt lat="67.791348" lon="17.608785">
				<ele>590.000000</ele>
			</trkpt>
			<trkpt lat="67.791487" lon="17.608830">
				<ele>590.000000</ele>
			</trkpt>
			<trkpt lat="67.791629" lon="17.608911">
				<ele>590.000000</ele>
			</trkpt>
			<trkpt lat="67.791857" lon="17.609072">
				<ele>590.000000</ele>
			</trkpt>
			<trkpt lat="67.792302" lon="17.609504">
				<ele>590.000000</ele>
			</trkpt>
			<trkpt lat="67.792896" lon="17.610196">
				<ele>590.000000</ele>
			</trkpt>
			<trkpt lat="67.793127" lon="17.610438">
				<ele>590.000000</ele>
			</trkpt>
			<trkpt lat="67.793320" lon="17.610680">
				<ele>590.000000</ele>
			</trkpt>
			<trkpt lat="67.794135" lon="17.611596">
				<ele>590.000000</ele>
			</trkpt>
			<trkpt lat="67.794604" lon="17.611974">
				<ele>590.000000</ele>
			</trkpt>
			<trkpt lat="67.794895" lon="17.612235">
				<ele>590.000000</ele>
			</trkpt>
			<trkpt lat="67.795218" lon="17.612414">
				<ele>590.000000</ele>
			</trkpt>
			<trkpt lat="67.795463" lon="17.612603">
				<ele>590.000000</ele>
			</trkpt>
			<trkpt lat="67.795707" lon="17.612801">
				<ele>590.000000</ele>
			</trkpt>
			<trkpt lat="67.796006" lon="17.612927">
				<ele>590.000000</ele>
			</trkpt>
			<trkpt lat="67.796369" lon="17.613025">
				<ele>590.000000</ele>
			</trkpt>
			<trkpt lat="67.796715" lon="17.613043">
				<ele>590.000000</ele>
			</trkpt>
			<trkpt lat="67.797126" lon="17.613151">
				<ele>594.000000</ele>
			</trkpt>
			<trkpt lat="67.797445" lon="17.613286">
				<ele>598.000000</ele>
			</trkpt>
			<trkpt lat="67.797737" lon="17.613447">
				<ele>600.000000</ele>
			</trkpt>
			<trkpt lat="67.798032" lon="17.613690">
				<ele>600.000000</ele>
			</trkpt>
			<trkpt lat="67.798240" lon="17.613879">
				<ele>600.000000</ele>
			</trkpt>
			<trkpt lat="67.798657" lon="17.614292">
				<ele>600.000000</ele>
			</trkpt>
			<trkpt lat="67.798888" lon="17.614552">
				<ele>600.000000</ele>
			</trkpt>
			<trkpt lat="67.799115" lon="17.614894">
				<ele>600.000000</ele>
			</trkpt>
			<trkpt lat="67.799346" lon="17.615190">
				<ele>600.000000</ele>
			</trkpt>
			<trkpt lat="67.799784" lon="17.615864">
				<ele>598.000000</ele>
			</trkpt>
			<trkpt lat="67.800232" lon="17.616600">
				<ele>597.000000</ele>
			</trkpt>
			<trkpt lat="67.800619" lon="17.617275">
				<ele>595.000000</ele>
			</trkpt>
			<trkpt lat="67.801165" lon="17.618028">
				<ele>593.000000</ele>
			</trkpt>
			<trkpt lat="67.801600" lon="17.618819">
				<ele>591.000000</ele>
			</trkpt>
			<trkpt lat="67.801997" lon="17.619456">
				<ele>590.000000</ele>
			</trkpt>
			<trkpt lat="67.802550" lon="17.620355">
				<ele>590.000000</ele>
			</trkpt>
			<trkpt lat="67.803090" lon="17.621217">
				<ele>590.000000</ele>
			</trkpt>
			<trkpt lat="67.803721" lon="17.622251">
				<ele>590.000000</ele>
			</trkpt>
			<trkpt lat="67.804070" lon="17.622790">
				<ele>590.000000</ele>
			</trkpt>
			<trkpt lat="67.804158" lon="17.622898">
				<ele>590.000000</ele>
			</trkpt>
			<trkpt lat="67.804305" lon="17.623087">
				<ele>590.000000</ele>
			</trkpt>
			<trkpt lat="67.804518" lon="17.623311">
				<ele>590.000000</ele>
			</trkpt>
			<trkpt lat="67.804735" lon="17.623500">
				<ele>590.000000</ele>
			</trkpt>
			<trkpt lat="67.804868" lon="17.623527">
				<ele>590.000000</ele>
			</trkpt>
			<trkpt lat="67.805221" lon="17.623670">
				<ele>590.000000</ele>
			</trkpt>
			<trkpt lat="67.805472" lon="17.623716">
				<ele>590.000000</ele>
			</trkpt>
			<trkpt lat="67.805682" lon="17.623670">
				<ele>590.000000</ele>
			</trkpt>
			<trkpt lat="67.806069" lon="17.623491">
				<ele>590.000000</ele>
			</trkpt>
			<trkpt lat="67.806635" lon="17.623257">
				<ele>590.000000</ele>
			</trkpt>
			<trkpt lat="67.806971" lon="17.623041">
				<ele>590.000000</ele>
			</trkpt>
			<trkpt lat="67.807348" lon="17.622844">
				<ele>590.000000</ele>
			</trkpt>
			<trkpt lat="67.807877" lon="17.622646">
				<ele>590.000000</ele>
			</trkpt>
			<trkpt lat="67.808295" lon="17.622529">
				<ele>590.000000</ele>
			</trkpt>
			<trkpt lat="67.809014" lon="17.622359">
				<ele>590.000000</ele>
			</trkpt>
			<trkpt lat="67.809608" lon="17.622196">
				<ele>590.000000</ele>
			</trkpt>
			<trkpt lat="67.809794" lon="17.622188">
				<ele>590.000000</ele>
			</trkpt>
			<trkpt lat="67.809981" lon="17.622162">
				<ele>590.000000</ele>
			</trkpt>
			<trkpt lat="67.810480" lon="17.622233">
				<ele>590.000000</ele>
			</trkpt>
			<trkpt lat="67.810643" lon="17.622242">
				<ele>590.000000</ele>
			</trkpt>
			<trkpt lat="67.810918" lon="17.622305">
				<ele>590.000000</ele>
			</trkpt>
			<trkpt lat="67.811250" lon="17.622385">
				<ele>590.000000</ele>
			</trkpt>
			<trkpt lat="67.811636" lon="17.622592">
				<ele>590.000000</ele>
			</trkpt>
			<trkpt lat="67.811809" lon="17.622718">
				<ele>590.000000</ele>
			</trkpt>
			<trkpt lat="67.812176" lon="17.623024">
				<ele>590.000000</ele>
			</trkpt>
			<trkpt lat="67.812631" lon="17.623517">
				<ele>590.000000</ele>
			</trkpt>
			<trkpt lat="67.812868" lon="17.623833">
				<ele>590.000000</ele>
			</trkpt>
			<trkpt lat="67.813397" lon="17.624479">
				<ele>590.000000</ele>
			</trkpt>
			<trkpt lat="67.813628" lon="17.624785">
				<ele>590.000000</ele>
			</trkpt>
			<trkpt lat="67.813879" lon="17.625144">
				<ele>590.000000</ele>
			</trkpt>
			<trkpt lat="67.814093" lon="17.625422">
				<ele>590.000000</ele>
			</trkpt>
			<trkpt lat="67.814354" lon="17.625978">
				<ele>590.000000</ele>
			</trkpt>
			<trkpt lat="67.814547" lon="17.626446">
				<ele>590.000000</ele>
			</trkpt>
			<trkpt lat="67.814666" lon="17.626842">
				<ele>590.000000</ele>
			</trkpt>
			<trkpt lat="67.814768" lon="17.627272">
				<ele>590.000000</ele>
			</trkpt>
			<trkpt lat="67.814893" lon="17.627875">
				<ele>590.000000</ele>
			</trkpt>
			<trkpt lat="67.814982" lon="17.628404">
				<ele>590.000000</ele>
			</trkpt>
			<trkpt lat="67.815073" lon="17.628871">
				<ele>590.000000</ele>
			</trkpt>
			<trkpt lat="67.815202" lon="17.629383">
				<ele>590.000000</ele>
			</trkpt>
			<trkpt lat="67.815307" lon="17.629779">
				<ele>590.000000</ele>
			</trkpt>
			<trkpt lat="67.815406" lon="17.630085">
				<ele>590.000000</ele>
			</trkpt>
			<trkpt lat="67.815569" lon="17.630506">
				<ele>590.000000</ele>
			</trkpt>
			<trkpt lat="67.815785" lon="17.630974">
				<ele>590.000000</ele>
			</trkpt>
			<trkpt lat="67.815972" lon="17.631315">
				<ele>590.000000</ele>
			</trkpt>
			<trkpt lat="67.816247" lon="17.631827">
				<ele>590.000000</ele>
			</trkpt>
			<trkpt lat="67.816643" lon="17.632762">
				<ele>590.000000</ele>
			</trkpt>
			<trkpt lat="67.816790" lon="17.633138">
				<ele>591.000000</ele>
			</trkpt>
			<trkpt lat="67.816905" lon="17.633561">
				<ele>591.000000</ele>
			</trkpt>
			<trkpt lat="67.817003" lon="17.633938">
				<ele>592.000000</ele>
			</trkpt>
			<trkpt lat="67.817125" lon="17.634522">
				<ele>592.000000</ele>
			</trkpt>
			<trkpt lat="67.817359" lon="17.635744">
				<ele>594.000000</ele>
			</trkpt>
			<trkpt lat="67.817515" lon="17.636696">
				<ele>595.000000</ele>
			</trkpt>
			<trkpt lat="67.817657" lon="17.637469">
				<ele>595.000000</ele>
			</trkpt>
			<trkpt lat="67.818054" lon="17.639544">
				<ele>598.000000</ele>
			</trkpt>
			<trkpt lat="67.818180" lon="17.640244">
				<ele>598.000000</ele>
			</trkpt>
			<trkpt lat="67.818329" lon="17.641008">
				<ele>599.000000</ele>
			</trkpt>
			<trkpt lat="67.818543" lon="17.642104">
				<ele>601.000000</ele>
			</trkpt>
			<trkpt lat="67.818730" lon="17.642849">
				<ele>602.000000</ele>
			</trkpt>
			<trkpt lat="67.818929" lon="17.643425">
				<ele>604.000000</ele>
			</trkpt>
			<trkpt lat="67.819025" lon="17.643586">
				<ele>604.000000</ele>
			</trkpt>
			<trkpt lat="67.819147" lon="17.643784">
				<ele>605.000000</ele>
			</trkpt>
			<trkpt lat="67.819397" lon="17.644125">
				<ele>606.000000</ele>
			</trkpt>
			<trkpt lat="67.819648" lon="17.644314">
				<ele>607.000000</ele>
			</trkpt>
			<trkpt lat="67.819832" lon="17.644394">
				<ele>608.000000</ele>
			</trkpt>
			<trkpt lat="67.820093" lon="17.644475">
				<ele>609.000000</ele>
			</trkpt>
			<trkpt lat="67.820357" lon="17.644467">
				<ele>610.000000</ele>
			</trkpt>
			<trkpt lat="67.820594" lon="17.644404">
				<ele>610.000000</ele>
			</trkpt>
			<trkpt lat="67.820873" lon="17.644205">
				<ele>610.000000</ele>
			</trkpt>
			<trkpt lat="67.821612" lon="17.643576">
				<ele>610.000000</ele>
			</trkpt>
			<trkpt lat="67.822172" lon="17.643083">
				<ele>610.000000</ele>
			</trkpt>
			<trkpt lat="67.823029" lon="17.642373">
				<ele>610.000000</ele>
			</trkpt>
			<trkpt lat="67.823226" lon="17.642230">
				<ele>610.000000</ele>
			</trkpt>
			<trkpt lat="67.823470" lon="17.642023">
				<ele>610.000000</ele>
			</trkpt>
			<trkpt lat="67.823667" lon="17.641907">
				<ele>610.000000</ele>
			</trkpt>
			<trkpt lat="67.823823" lon="17.641861">
				<ele>610.000000</ele>
			</trkpt>
			<trkpt lat="67.823911" lon="17.641844">
				<ele>610.000000</ele>
			</trkpt>
			<trkpt lat="67.824379" lon="17.641907">
				<ele>610.000000</ele>
			</trkpt>
			<trkpt lat="67.824532" lon="17.641951">
				<ele>610.000000</ele>
			</trkpt>
			<trkpt lat="67.825566" lon="17.642652">
				<ele>610.000000</ele>
			</trkpt>
			<trkpt lat="67.826091" lon="17.642993">
				<ele>610.000000</ele>
			</trkpt>
			<trkpt lat="67.826705" lon="17.643100">
				<ele>610.000000</ele>
			</trkpt>
			<trkpt lat="67.827827" lon="17.643182">
				<ele>610.000000</ele>
			</trkpt>
			<trkpt lat="67.828532" lon="17.643272">
				<ele>610.000000</ele>
			</trkpt>
			<trkpt lat="67.829082" lon="17.643398">
				<ele>610.000000</ele>
			</trkpt>
			<trkpt lat="67.829315" lon="17.643505">
				<ele>610.000000</ele>
			</trkpt>
			<trkpt lat="67.829756" lon="17.643819">
				<ele>610.000000</ele>
			</trkpt>
			<trkpt lat="67.830081" lon="17.644161">
				<ele>610.000000</ele>
			</trkpt>
			<trkpt lat="67.830159" lon="17.644205">
				<ele>610.000000</ele>
			</trkpt>
			<trkpt lat="67.830373" lon="17.644511">
				<ele>610.000000</ele>
			</trkpt>
			<trkpt lat="67.830576" lon="17.644781">
				<ele>610.000000</ele>
			</trkpt>
			<trkpt lat="67.830908" lon="17.645337">
				<ele>610.000000</ele>
			</trkpt>
			<trkpt lat="67.831525" lon="17.646398">
				<ele>610.000000</ele>
			</trkpt>
			<trkpt lat="67.831841" lon="17.646882">
				<ele>610.000000</ele>
			</trkpt>
			<trkpt lat="67.832376" lon="17.647574">
				<ele>610.000000</ele>
			</trkpt>
			<trkpt lat="67.833044" lon="17.647862">
				<ele>610.000000</ele>
			</trkpt>
			<trkpt lat="67.833346" lon="17.647870">
				<ele>610.000000</ele>
			</trkpt>
			<trkpt lat="67.833715" lon="17.647790">
				<ele>610.000000</ele>
			</trkpt>
			<trkpt lat="67.833932" lon="17.647601">
				<ele>610.000000</ele>
			</trkpt>
			<trkpt lat="67.834166" lon="17.647457">
				<ele>610.000000</ele>
			</trkpt>
			<trkpt lat="67.834410" lon="17.647144">
				<ele>610.000000</ele>
			</trkpt>
			<trkpt lat="67.834718" lon="17.646838">
				<ele>610.000000</ele>
			</trkpt>
			<trkpt lat="67.835237" lon="17.646469">
				<ele>610.000000</ele>
			</trkpt>
			<trkpt lat="67.836494" lon="17.645230">
				<ele>610.000000</ele>
			</trkpt>
			<trkpt lat="67.836989" lon="17.644853">
				<ele>610.000000</ele>
			</trkpt>
			<trkpt lat="67.837457" lon="17.644440">
				<ele>610.000000</ele>
			</trkpt>
			<trkpt lat="67.838029" lon="17.643981">
				<ele>610.000000</ele>
			</trkpt>
			<trkpt lat="67.838517" lon="17.643658">
				<ele>610.000000</ele>
			</trkpt>
			<trkpt lat="67.839533" lon="17.643012">
				<ele>610.000000</ele>
			</trkpt>
			<trkpt lat="67.840462" lon="17.642517">
				<ele>610.000000</ele>
			</trkpt>
			<trkpt lat="67.840981" lon="17.642184">
				<ele>610.000000</ele>
			</trkpt>
			<trkpt lat="67.841245" lon="17.641987">
				<ele>610.000000</ele>
			</trkpt>
			<trkpt lat="67.841469" lon="17.641825">
				<ele>610.000000</ele>
			</trkpt>
			<trkpt lat="67.841705" lon="17.641528">
				<ele>610.000000</ele>
			</trkpt>
			<trkpt lat="67.841977" lon="17.641224">
				<ele>610.000000</ele>
			</trkpt>
			<trkpt lat="67.842230" lon="17.640846">
				<ele>610.000000</ele>
			</trkpt>
			<trkpt lat="67.842512" lon="17.640352">
				<ele>610.000000</ele>
			</trkpt>
			<trkpt lat="67.842783" lon="17.639813">
				<ele>610.000000</ele>
			</trkpt>
			<trkpt lat="67.843443" lon="17.638574">
				<ele>610.000000</ele>
			</trkpt>
			<trkpt lat="67.843677" lon="17.638178">
				<ele>610.000000</ele>
			</trkpt>
			<trkpt lat="67.843915" lon="17.637863">
				<ele>610.000000</ele>
			</trkpt>
			<trkpt lat="67.844270" lon="17.637442">
				<ele>610.000000</ele>
			</trkpt>
			<trkpt lat="67.844402" lon="17.637316">
				<ele>610.000000</ele>
			</trkpt>
			<trkpt lat="67.844626" lon="17.637144">
				<ele>610.000000</ele>
			</trkpt>
			<trkpt lat="67.844741" lon="17.637046">
				<ele>610.000000</ele>
			</trkpt>
			<trkpt lat="67.844887" lon="17.636920">
				<ele>610.000000</ele>
			</trkpt>
			<trkpt lat="67.845059" lon="17.636821">
				<ele>610.000000</ele>
			</trkpt>
			<trkpt lat="67.845378" lon="17.636678">
				<ele>610.000000</ele>
			</trkpt>
			<trkpt lat="67.845839" lon="17.636633">
				<ele>610.000000</ele>
			</trkpt>
			<trkpt lat="67.845934" lon="17.636607">
				<ele>610.000000</ele>
			</trkpt>
			<trkpt lat="67.846201" lon="17.636615">
				<ele>610.000000</ele>
			</trkpt>
			<trkpt lat="67.846686" lon="17.636758">
				<ele>610.000000</ele>
			</trkpt>
			<trkpt lat="67.846923" lon="17.636876">
				<ele>610.000000</ele>
			</trkpt>
			<trkpt lat="67.847143" lon="17.637020">
				<ele>610.000000</ele>
			</trkpt>
			<trkpt lat="67.847424" lon="17.637262">
				<ele>610.000000</ele>
			</trkpt>
			<trkpt lat="67.847709" lon="17.637477">
				<ele>610.000000</ele>
			</trkpt>
			<trkpt lat="67.847891" lon="17.637540">
				<ele>610.000000</ele>
			</trkpt>
			<trkpt lat="67.848078" lon="17.637559">
				<ele>610.000000</ele>
			</trkpt>
			<trkpt lat="67.848312" lon="17.637504">
				<ele>610.000000</ele>
			</trkpt>
			<trkpt lat="67.848471" lon="17.637450">
				<ele>610.000000</ele>
			</trkpt>
			<trkpt lat="67.848677" lon="17.637289">
				<ele>610.000000</ele>
			</trkpt>
			<trkpt lat="67.848786" lon="17.637154">
				<ele>610.000000</ele>
			</trkpt>
			<trkpt lat="67.848928" lon="17.636911">
				<ele>610.000000</ele>
			</trkpt>
			<trkpt lat="67.849057" lon="17.636641">
				<ele>610.000000</ele>
			</trkpt>
			<trkpt lat="67.849138" lon="17.636435">
				<ele>610.000000</ele>
			</trkpt>
			<trkpt lat="67.849212" lon="17.636175">
				<ele>610.000000</ele>
			</trkpt>
			<trkpt lat="67.849301" lon="17.635842">
				<ele>610.000000</ele>
			</trkpt>
			<trkpt lat="67.849368" lon="17.635501">
				<ele>610.000000</ele>
			</trkpt>
			<trkpt lat="67.849504" lon="17.634863">
				<ele>610.000000</ele>
			</trkpt>
			<trkpt lat="67.849737" lon="17.633741">
				<ele>610.000000</ele>
			</trkpt>
			<trkpt lat="67.850032" lon="17.632438">
				<ele>610.000000</ele>
			</trkpt>
			<trkpt lat="67.850137" lon="17.631934">
				<ele>610.000000</ele>
			</trkpt>
			<trkpt lat="67.850252" lon="17.631450">
				<ele>610.000000</ele>
			</trkpt>
			<trkpt lat="67.850486" lon="17.630488">
				<ele>613.000000</ele>
			</trkpt>
			<trkpt lat="67.850564" lon="17.630093">
				<ele>614.000000</ele>
			</trkpt>
			<trkpt lat="67.850838" lon="17.628898">
				<ele>617.000000</ele>
			</trkpt>
			<trkpt lat="67.850913" lon="17.628567">
				<ele>618.000000</ele>
			</trkpt>
			<trkpt lat="67.850997" lon="17.628198">
				<ele>619.000000</ele>
			</trkpt>
			<trkpt lat="67.851109" lon="17.627775">
				<ele>620.000000</ele>
			</trkpt>
			<trkpt lat="67.851180" lon="17.627569">
				<ele>620.000000</ele>
			</trkpt>
			<trkpt lat="67.851299" lon="17.627246">
				<ele>620.000000</ele>
			</trkpt>
			<trkpt lat="67.851400" lon="17.627012">
				<ele>620.000000</ele>
			</trkpt>
			<trkpt lat="67.851702" lon="17.626393">
				<ele>620.000000</ele>
			</trkpt>
			<trkpt lat="67.851932" lon="17.625951">
				<ele>620.000000</ele>
			</trkpt>
			<trkpt lat="67.852396" lon="17.625152">
				<ele>620.000000</ele>
			</trkpt>
			<trkpt lat="67.852630" lon="17.624775">
				<ele>620.000000</ele>
			</trkpt>
			<trkpt lat="67.853199" lon="17.623787">
				<ele>620.000000</ele>
			</trkpt>
			<trkpt lat="67.853334" lon="17.623527">
				<ele>620.000000</ele>
			</trkpt>
			<trkpt lat="67.853514" lon="17.623248">
				<ele>620.000000</ele>
			</trkpt>
			<trkpt lat="67.853737" lon="17.622835">
				<ele>620.000000</ele>
			</trkpt>
			<trkpt lat="67.854133" lon="17.622035">
				<ele>620.000000</ele>
			</trkpt>
			<trkpt lat="67.854286" lon="17.621569">
				<ele>620.000000</ele>
			</trkpt>
			<trkpt lat="67.854489" lon="17.620894">
				<ele>620.000000</ele>
			</trkpt>
			<trkpt lat="67.854570" lon="17.620607">
				<ele>620.000000</ele>
			</trkpt>
			<trkpt lat="67.854682" lon="17.620131">
				<ele>620.000000</ele>
			</trkpt>
			<trkpt lat="67.854804" lon="17.619565">
				<ele>620.000000</ele>
			</trkpt>
			<trkpt lat="67.854916" lon="17.618990">
				<ele>620.000000</ele>
			</trkpt>
			<trkpt lat="67.855041" lon="17.618307">
				<ele>620.000000</ele>
			</trkpt>
			<trkpt lat="67.855146" lon="17.617814">
				<ele>620.000000</ele>
			</trkpt>
			<trkpt lat="67.855251" lon="17.617221">
				<ele>620.000000</ele>
			</trkpt>
			<trkpt lat="67.855342" lon="17.616718">
				<ele>620.000000</ele>
			</trkpt>
			<trkpt lat="67.855427" lon="17.616367">
				<ele>620.000000</ele>
			</trkpt>
			<trkpt lat="67.855620" lon="17.615764">
				<ele>620.000000</ele>
			</trkpt>
			<trkpt lat="67.855708" lon="17.615558">
				<ele>620.000000</ele>
			</trkpt>
			<trkpt lat="67.855884" lon="17.615190">
				<ele>620.000000</ele>
			</trkpt>
			<trkpt lat="67.856023" lon="17.615082">
				<ele>622.000000</ele>
			</trkpt>
			<trkpt lat="67.856162" lon="17.614948">
				<ele>624.000000</ele>
			</trkpt>
			<trkpt lat="67.856423" lon="17.614831">
				<ele>627.000000</ele>
			</trkpt>
			<trkpt lat="67.856649" lon="17.614751">
				<ele>630.000000</ele>
			</trkpt>
			<trkpt lat="67.856714" lon="17.614741">
				<ele>630.000000</ele>
			</trkpt>
			<trkpt lat="67.856842" lon="17.615154">
				<ele>630.000000</ele>
			</trkpt>
			<trkpt lat="67.856832" lon="17.615693">
				<ele>630.000000</ele>
			</trkpt>
			<trkpt lat="67.856856" lon="17.616133">
				<ele>630.000000</ele>
			</trkpt>
			<trkpt lat="67.856890" lon="17.616456">
				<ele>630.000000</ele>
			</trkpt>
			<trkpt lat="67.856917" lon="17.616780">
				<ele>630.000000</ele>
			</trkpt>
			<trkpt lat="67.856930" lon="17.617221">
				<ele>630.000000</ele>
			</trkpt>
			<trkpt lat="67.856991" lon="17.617462">
				<ele>630.000000</ele>
			</trkpt>
			<trkpt lat="67.857062" lon="17.618083">
				<ele>630.000000</ele>
			</trkpt>
			<trkpt lat="67.857082" lon="17.618451">
				<ele>630.000000</ele>
			</trkpt>
			<trkpt lat="67.857198" lon="17.618980">
				<ele>630.000000</ele>
			</trkpt>
			<trkpt lat="67.857218" lon="17.619206">
				<ele>630.000000</ele>
			</trkpt>
			<trkpt lat="67.857320" lon="17.619628">
				<ele>630.000000</ele>
			</trkpt>
			<trkpt lat="67.857350" lon="17.620104">
				<ele>629.000000</ele>
			</trkpt>
			<trkpt lat="67.857421" lon="17.620437">
				<ele>628.000000</ele>
			</trkpt>
			<trkpt lat="67.857388" lon="17.621272">
				<ele>626.000000</ele>
			</trkpt>
			<trkpt lat="67.857418" lon="17.621873">
				<ele>625.000000</ele>
			</trkpt>
			<trkpt lat="67.857371" lon="17.622341">
				<ele>624.000000</ele>
			</trkpt>
			<trkpt lat="67.857404" lon="17.622817">
				<ele>623.000000</ele>
			</trkpt>
			<trkpt lat="67.857381" lon="17.623158">
				<ele>623.000000</ele>
			</trkpt>
			<trkpt lat="67.857469" lon="17.623867">
				<ele>621.000000</ele>
			</trkpt>
			<trkpt lat="67.857462" lon="17.624192">
				<ele>621.000000</ele>
			</trkpt>
			<trkpt lat="67.857584" lon="17.624901">
				<ele>620.000000</ele>
			</trkpt>
			<trkpt lat="67.857756" lon="17.625710">
				<ele>620.000000</ele>
			</trkpt>
			<trkpt lat="67.857960" lon="17.626204">
				<ele>620.000000</ele>
			</trkpt>
			<trkpt lat="67.858133" lon="17.626599">
				<ele>620.000000</ele>
			</trkpt>
			<trkpt lat="67.858254" lon="17.626967">
				<ele>620.000000</ele>
			</trkpt>
			<trkpt lat="67.858393" lon="17.627326">
				<ele>620.000000</ele>
			</trkpt>
			<trkpt lat="67.858495" lon="17.627659">
				<ele>620.000000</ele>
			</trkpt>
			<trkpt lat="67.858610" lon="17.628135">
				<ele>620.000000</ele>
			</trkpt>
			<trkpt lat="67.858681" lon="17.628504">
				<ele>620.000000</ele>
			</trkpt>
			<trkpt lat="67.858752" lon="17.628890">
				<ele>620.000000</ele>
			</trkpt>
			<trkpt lat="67.858843" lon="17.629536">
				<ele>620.000000</ele>
			</trkpt>
			<trkpt lat="67.858928" lon="17.630183">
				<ele>620.000000</ele>
			</trkpt>
			<trkpt lat="67.859154" lon="17.630219">
				<ele>620.000000</ele>
			</trkpt>
			<trkpt lat="67.859354" lon="17.630712">
				<ele>620.000000</ele>
			</trkpt>
			<trkpt lat="67.859500" lon="17.630875">
				<ele>620.000000</ele>
			</trkpt>
			<trkpt lat="67.859531" lon="17.631054">
				<ele>620.000000</ele>
			</trkpt>
			<trkpt lat="67.859476" lon="17.631243">
				<ele>620.000000</ele>
			</trkpt>
			<trkpt lat="67.859436" lon="17.632016">
				<ele>620.000000</ele>
			</trkpt>
			<trkpt lat="67.859544" lon="17.633165">
				<ele>620.000000</ele>
			</trkpt>
			<trkpt lat="67.859592" lon="17.634316">
				<ele>620.000000</ele>
			</trkpt>
			<trkpt lat="67.859805" lon="17.635645">
				<ele>620.000000</ele>
			</trkpt>
			<trkpt lat="67.860022" lon="17.636517">
				<ele>620.000000</ele>
			</trkpt>
			<trkpt lat="67.860208" lon="17.636903">
				<ele>620.000000</ele>
			</trkpt>
			<trkpt lat="67.860252" lon="17.637234">
				<ele>620.000000</ele>
			</trkpt>
			<trkpt lat="67.860269" lon="17.638115">
				<ele>620.000000</ele>
			</trkpt>
			<trkpt lat="67.860218" lon="17.639067">
				<ele>620.000000</ele>
			</trkpt>
			<trkpt lat="67.860255" lon="17.639354">
				<ele>620.000000</ele>
			</trkpt>
			<trkpt lat="67.860205" lon="17.639920">
				<ele>620.000000</ele>
			</trkpt>
			<trkpt lat="67.860126" lon="17.640226">
				<ele>620.000000</ele>
			</trkpt>
			<trkpt lat="67.860177" lon="17.642283">
				<ele>620.000000</ele>
			</trkpt>
			<trkpt lat="67.860123" lon="17.642742">
				<ele>620.000000</ele>
			</trkpt>
			<trkpt lat="67.860096" lon="17.643846">
				<ele>620.000000</ele>
			</trkpt>
			<trkpt lat="67.860144" lon="17.644484">
				<ele>620.000000</ele>
			</trkpt>
			<trkpt lat="67.860123" lon="17.644933">
				<ele>620.000000</ele>
			</trkpt>
			<trkpt lat="67.860042" lon="17.645427">
				<ele>620.000000</ele>
			</trkpt>
			<trkpt lat="67.860296" lon="17.646434">
				<ele>620.000000</ele>
			</trkpt>
			<trkpt lat="67.860374" lon="17.647197">
				<ele>623.000000</ele>
			</trkpt>
			<trkpt lat="67.860543" lon="17.648159">
				<ele>627.000000</ele>
			</trkpt>
			<trkpt lat="67.860486" lon="17.648994">
				<ele>630.000000</ele>
			</trkpt>
			<trkpt lat="67.860587" lon="17.649515">
				<ele>633.000000</ele>
			</trkpt>
			<trkpt lat="67.860593" lon="17.649811">
				<ele>635.000000</ele>
			</trkpt>
			<trkpt lat="67.860644" lon="17.650054">
				<ele>636.000000</ele>
			</trkpt>
			<trkpt lat="67.860878" lon="17.650521">
				<ele>640.000000</ele>
			</trkpt>
			<trkpt lat="67.860970" lon="17.650989">
				<ele>643.000000</ele>
			</trkpt>
			<trkpt lat="67.860956" lon="17.652308">
				<ele>650.000000</ele>
			</trkpt>
			<trkpt lat="67.861034" lon="17.652893">
				<ele>653.000000</ele>
			</trkpt>
			<trkpt lat="67.861267" lon="17.653673">
				<ele>657.000000</ele>
			</trkpt>
			<trkpt lat="67.861332" lon="17.654492">
				<ele>660.000000</ele>
			</trkpt>
			<trkpt lat="67.861443" lon="17.655237">
				<ele>664.000000</ele>
			</trkpt>
			<trkpt lat="67.861542" lon="17.655570">
				<ele>666.000000</ele>
			</trkpt>
			<trkpt lat="67.861528" lon="17.656899">
				<ele>672.000000</ele>
			</trkpt>
			<trkpt lat="67.861552" lon="17.657420">
				<ele>675.000000</ele>
			</trkpt>
			<trkpt lat="67.861646" lon="17.657941">
				<ele>678.000000</ele>
			</trkpt>
			<trkpt lat="67.861545" lon="17.659002">
				<ele>685.000000</ele>
			</trkpt>
			<trkpt lat="67.861619" lon="17.659675">
				<ele>690.000000</ele>
			</trkpt>
			<trkpt lat="67.861846" lon="17.660501">
				<ele>694.000000</ele>
			</trkpt>
			<trkpt lat="67.861897" lon="17.662962">
				<ele>709.000000</ele>
			</trkpt>
			<trkpt lat="67.861971" lon="17.663537">
				<ele>714.000000</ele>
			</trkpt>
			<trkpt lat="67.861965" lon="17.663860">
				<ele>717.000000</ele>
			</trkpt>
			<trkpt lat="67.862117" lon="17.664723">
				<ele>723.000000</ele>
			</trkpt>
			<trkpt lat="67.862114" lon="17.666879">
				<ele>735.000000</ele>
			</trkpt>
			<trkpt lat="67.862290" lon="17.667669">
				<ele>740.000000</ele>
			</trkpt>
			<trkpt lat="67.862324" lon="17.668298">
				<ele>743.000000</ele>
			</trkpt>
			<trkpt lat="67.862263" lon="17.668910">
				<ele>746.000000</ele>
			</trkpt>
			<trkpt lat="67.862276" lon="17.669242">
				<ele>747.000000</ele>
			</trkpt>
			<trkpt lat="67.862232" lon="17.669682">
				<ele>746.000000</ele>
			</trkpt>
			<trkpt lat="67.862337" lon="17.671955">
				<ele>740.000000</ele>
			</trkpt>
			<trkpt lat="67.862334" lon="17.672845">
				<ele>738.000000</ele>
			</trkpt>
			<trkpt lat="67.862533" lon="17.674497">
				<ele>733.000000</ele>
			</trkpt>
			<trkpt lat="67.862679" lon="17.674820">
				<ele>732.000000</ele>
			</trkpt>
			<trkpt lat="67.862676" lon="17.674992">
				<ele>732.000000</ele>
			</trkpt>
			<trkpt lat="67.862865" lon="17.675889">
				<ele>730.000000</ele>
			</trkpt>
			<trkpt lat="67.863122" lon="17.677533">
				<ele>727.000000</ele>
			</trkpt>
			<trkpt lat="67.863140" lon="17.678548">
				<ele>726.000000</ele>
			</trkpt>
			<trkpt lat="67.863414" lon="17.680632">
				<ele>724.000000</ele>
			</trkpt>
			<trkpt lat="67.863471" lon="17.681513">
				<ele>723.000000</ele>
			</trkpt>
			<trkpt lat="67.863590" lon="17.682160">
				<ele>722.000000</ele>
			</trkpt>
			<trkpt lat="67.863651" lon="17.684513">
				<ele>721.000000</ele>
			</trkpt>
			<trkpt lat="67.863830" lon="17.686282">
				<ele>730.000000</ele>
			</trkpt>
			<trkpt lat="67.863942" lon="17.687110">
				<ele>730.000000</ele>
			</trkpt>
			<trkpt lat="67.864036" lon="17.687406">
				<ele>730.000000</ele>
			</trkpt>
			<trkpt lat="67.864168" lon="17.688951">
				<ele>727.000000</ele>
			</trkpt>
			<trkpt lat="67.864351" lon="17.689624">
				<ele>724.000000</ele>
			</trkpt>
			<trkpt lat="67.864500" lon="17.690523">
				<ele>720.000000</ele>
			</trkpt>
			<trkpt lat="67.864940" lon="17.691609">
				<ele>714.000000</ele>
			</trkpt>
			<trkpt lat="67.865069" lon="17.691735">
				<ele>713.000000</ele>
			</trkpt>
			<trkpt lat="67.865685" lon="17.692859">
				<ele>710.000000</ele>
			</trkpt>
			<trkpt lat="67.865864" lon="17.693299">
				<ele>710.000000</ele>
			</trkpt>
			<trkpt lat="67.866016" lon="17.694198">
				<ele>711.000000</ele>
			</trkpt>
			<trkpt lat="67.866406" lon="17.695329">
				<ele>711.000000</ele>
			</trkpt>
			<trkpt lat="67.866781" lon="17.696838">
				<ele>712.000000</ele>
			</trkpt>
			<trkpt lat="67.867107" lon="17.698527">
				<ele>713.000000</ele>
			</trkpt>
			<trkpt lat="67.867654" lon="17.700198">
				<ele>714.000000</ele>
			</trkpt>
			<trkpt lat="67.868094" lon="17.701796">
				<ele>715.000000</ele>
			</trkpt>
			<trkpt lat="67.868183" lon="17.702893">
				<ele>716.000000</ele>
			</trkpt>
			<trkpt lat="67.868389" lon="17.703917">
				<ele>716.000000</ele>
			</trkpt>
			<trkpt lat="67.868967" lon="17.706343">
				<ele>717.000000</ele>
			</trkpt>
			<trkpt lat="67.869580" lon="17.708417">
				<ele>719.000000</ele>
			</trkpt>
			<trkpt lat="67.869942" lon="17.711354">
				<ele>720.000000</ele>
			</trkpt>
			<trkpt lat="67.870040" lon="17.713295">
				<ele>723.000000</ele>
			</trkpt>
			<trkpt lat="67.870220" lon="17.714706">
				<ele>725.000000</ele>
			</trkpt>
			<trkpt lat="67.870264" lon="17.715415">
				<ele>726.000000</ele>
			</trkpt>
			<trkpt lat="67.870359" lon="17.715901">
				<ele>726.000000</ele>
			</trkpt>
			<trkpt lat="67.870379" lon="17.716377">
				<ele>727.000000</ele>
			</trkpt>
			<trkpt lat="67.870643" lon="17.718344">
				<ele>730.000000</ele>
			</trkpt>
			<trkpt lat="67.870632" lon="17.718847">
				<ele>730.000000</ele>
			</trkpt>
			<trkpt lat="67.870724" lon="17.719629">
				<ele>730.000000</ele>
			</trkpt>
			<trkpt lat="67.870897" lon="17.722422">
				<ele>731.000000</ele>
			</trkpt>
			<trkpt lat="67.871123" lon="17.724811">
				<ele>732.000000</ele>
			</trkpt>
			<trkpt lat="67.871330" lon="17.725791">
				<ele>733.000000</ele>
			</trkpt>
			<trkpt lat="67.871428" lon="17.726581">
				<ele>733.000000</ele>
			</trkpt>
			<trkpt lat="67.871479" lon="17.727551">
				<ele>734.000000</ele>
			</trkpt>
			<trkpt lat="67.871445" lon="17.728593">
				<ele>734.000000</ele>
			</trkpt>
			<trkpt lat="67.871526" lon="17.729159">
				<ele>734.000000</ele>
			</trkpt>
			<trkpt lat="67.871472" lon="17.729725">
				<ele>734.000000</ele>
			</trkpt>
			<trkpt lat="67.871556" lon="17.730885">
				<ele>735.000000</ele>
			</trkpt>
			<trkpt lat="67.871560" lon="17.731774">
				<ele>735.000000</ele>
			</trkpt>
			<trkpt lat="67.871692" lon="17.733436">
				<ele>736.000000</ele>
			</trkpt>
			<trkpt lat="67.871621" lon="17.735017">
				<ele>736.000000</ele>
			</trkpt>
			<trkpt lat="67.871448" lon="17.736633">
				<ele>737.000000</ele>
			</trkpt>
			<trkpt lat="67.871407" lon="17.738457">
				<ele>738.000000</ele>
			</trkpt>
			<trkpt lat="67.871445" lon="17.740963">
				<ele>739.000000</ele>
			</trkpt>
			<trkpt lat="67.871556" lon="17.741789">
				<ele>739.000000</ele>
			</trkpt>
			<trkpt lat="67.871519" lon="17.742814">
				<ele>739.000000</ele>
			</trkpt>
			<trkpt lat="67.871353" lon="17.744529">
				<ele>740.000000</ele>
			</trkpt>
			<trkpt lat="67.871431" lon="17.745024">
				<ele>741.000000</ele>
			</trkpt>
			<trkpt lat="67.871651" lon="17.745473">
				<ele>742.000000</ele>
			</trkpt>
			<trkpt lat="67.871705" lon="17.745707">
				<ele>742.000000</ele>
			</trkpt>
			<trkpt lat="67.871695" lon="17.747682">
				<ele>744.000000</ele>
			</trkpt>
			<trkpt lat="67.871756" lon="17.748078">
				<ele>745.000000</ele>
			</trkpt>
			<trkpt lat="67.872061" lon="17.748536">
				<ele>746.000000</ele>
			</trkpt>
			<trkpt lat="67.872162" lon="17.749793">
				<ele>748.000000</ele>
			</trkpt>
			<trkpt lat="67.872159" lon="17.751537">
				<ele>750.000000</ele>
			</trkpt>
			<trkpt lat="67.872230" lon="17.753135">
				<ele>753.000000</ele>
			</trkpt>
			<trkpt lat="67.872226" lon="17.754150">
				<ele>754.000000</ele>
			</trkpt>
			<trkpt lat="67.872267" lon="17.754474">
				<ele>755.000000</ele>
			</trkpt>
			<trkpt lat="67.872287" lon="17.757106">
				<ele>760.000000</ele>
			</trkpt>
			<trkpt lat="67.872230" lon="17.758309">
				<ele>761.000000</ele>
			</trkpt>
			<trkpt lat="67.872240" lon="17.759173">
				<ele>762.000000</ele>
			</trkpt>
			<trkpt lat="67.872051" lon="17.761490">
				<ele>764.000000</ele>
			</trkpt>
			<trkpt lat="67.872077" lon="17.762532">
				<ele>765.000000</ele>
			</trkpt>
			<trkpt lat="67.872165" lon="17.763008">
				<ele>766.000000</ele>
			</trkpt>
			<trkpt lat="67.872101" lon="17.765379">
				<ele>768.000000</ele>
			</trkpt>
			<trkpt lat="67.872016" lon="17.766475">
				<ele>769.000000</ele>
			</trkpt>
			<trkpt lat="67.871986" lon="17.768542">
				<ele>772.000000</ele>
			</trkpt>
			<trkpt lat="67.872203" lon="17.773482">
				<ele>779.000000</ele>
			</trkpt>
			<trkpt lat="67.872281" lon="17.773824">
				<ele>780.000000</ele>
			</trkpt>
			<trkpt lat="67.872209" lon="17.775819">
				<ele>780.000000</ele>
			</trkpt>
			<trkpt lat="67.872382" lon="17.777174">
				<ele>780.000000</ele>
			</trkpt>
			<trkpt lat="67.872474" lon="17.777840">
				<ele>781.000000</ele>
			</trkpt>
			<trkpt lat="67.872551" lon="17.780570">
				<ele>781.000000</ele>
			</trkpt>
			<trkpt lat="67.872636" lon="17.782169">
				<ele>781.000000</ele>
			</trkpt>
			<trkpt lat="67.872802" lon="17.782698">
				<ele>781.000000</ele>
			</trkpt>
			<trkpt lat="67.872849" lon="17.783283">
				<ele>781.000000</ele>
			</trkpt>
			<trkpt lat="67.872924" lon="17.783840">
				<ele>781.000000</ele>
			</trkpt>
			<trkpt lat="67.873066" lon="17.783939">
				<ele>781.000000</ele>
			</trkpt>
			<trkpt lat="67.873194" lon="17.783706">
				<ele>781.000000</ele>
			</trkpt>
			<trkpt lat="67.873272" lon="17.783633">
				<ele>781.000000</ele>
			</trkpt>
			<trkpt lat="67.873336" lon="17.783706">
				<ele>782.000000</ele>
			</trkpt>
			<trkpt lat="67.873407" lon="17.783993">
				<ele>782.000000</ele>
			</trkpt>
			<trkpt lat="67.873445" lon="17.785088">
				<ele>785.000000</ele>
			</trkpt>
			<trkpt lat="67.873417" lon="17.786598">
				<ele>788.000000</ele>
			</trkpt>
			<trkpt lat="67.873583" lon="17.788682">
				<ele>791.000000</ele>
			</trkpt>
			<trkpt lat="67.873536" lon="17.789302">
				<ele>792.000000</ele>
			</trkpt>
			<trkpt lat="67.873685" lon="17.790604">
				<ele>793.000000</ele>
			</trkpt>
			<trkpt lat="67.873885" lon="17.791206">
				<ele>794.000000</ele>
			</trkpt>
			<trkpt lat="67.874270" lon="17.792077">
				<ele>795.000000</ele>
			</trkpt>
			<trkpt lat="67.875569" lon="17.794017">
				<ele>800.000000</ele>
			</trkpt>
			<trkpt lat="67.875959" lon="17.794809">
				<ele>801.000000</ele>
			</trkpt>
			<trkpt lat="67.876050" lon="17.795105">
				<ele>802.000000</ele>
			</trkpt>
			<trkpt lat="67.876232" lon="17.795411">
				<ele>802.000000</ele>
			</trkpt>
			<trkpt lat="67.876564" lon="17.796470">
				<ele>804.000000</ele>
			</trkpt>
			<trkpt lat="67.876706" lon="17.797350">
				<ele>806.000000</ele>
			</trkpt>
			<trkpt lat="67.877190" lon="17.799344">
				<ele>809.000000</ele>
			</trkpt>
			<trkpt lat="67.877758" lon="17.802380">
				<ele>813.000000</ele>
			</trkpt>
			<trkpt lat="67.877934" lon="17.802740">
				<ele>814.000000</ele>
			</trkpt>
			<trkpt lat="67.878093" lon="17.803665">
				<ele>816.000000</ele>
			</trkpt>
			<trkpt lat="67.878407" lon="17.805040">
				<ele>818.000000</ele>
			</trkpt>
			<trkpt lat="67.878526" lon="17.805372">
				<ele>818.000000</ele>
			</trkpt>
			<trkpt lat="67.878641" lon="17.806082">
				<ele>820.000000</ele>
			</trkpt>
			<trkpt lat="67.879162" lon="17.807996">
				<ele>824.000000</ele>
			</trkpt>
			<trkpt lat="67.879355" lon="17.808472">
				<ele>825.000000</ele>
			</trkpt>
			<trkpt lat="67.879547" lon="17.809630">
				<ele>828.000000</ele>
			</trkpt>
			<trkpt lat="67.879957" lon="17.811112">
				<ele>831.000000</ele>
			</trkpt>
			<trkpt lat="67.880647" lon="17.812999">
				<ele>833.000000</ele>
			</trkpt>
			<trkpt lat="67.881949" lon="17.815810">
				<ele>836.000000</ele>
			</trkpt>
			<trkpt lat="67.883454" lon="17.818219">
				<ele>840.000000</ele>
			</trkpt>
			<trkpt lat="67.884533" lon="17.820976">
				<ele>848.000000</ele>
			</trkpt>
			<trkpt lat="67.884837" lon="17.821902">
				<ele>850.000000</ele>
			</trkpt>
			<trkpt lat="67.885497" lon="17.823447">
				<ele>854.000000</ele>
			</trkpt>
			<trkpt lat="67.886126" lon="17.825270">
				<ele>858.000000</ele>
			</trkpt>
			<trkpt lat="67.886565" lon="17.826286">
				<ele>861.000000</ele>
			</trkpt>
			<trkpt lat="67.887505" lon="17.829142">
				<ele>871.000000</ele>
			</trkpt>
			<trkpt lat="67.888098" lon="17.831513">
				<ele>872.000000</ele>
			</trkpt>
			<trkpt lat="67.888324" lon="17.832672">
				<ele>873.000000</ele>
			</trkpt>
			<trkpt lat="67.888730" lon="17.836041">
				<ele>876.000000</ele>
			</trkpt>
			<trkpt lat="67.888743" lon="17.836687">
				<ele>876.000000</ele>
			</trkpt>
			<trkpt lat="67.889125" lon="17.839805">
				<ele>878.000000</ele>
			</trkpt>
			<trkpt lat="67.889267" lon="17.841800">
				<ele>880.000000</ele>
			</trkpt>
			<trkpt lat="67.889447" lon="17.843434">
				<ele>881.000000</ele>
			</trkpt>
			<trkpt lat="67.889879" lon="17.845895">
				<ele>885.000000</ele>
			</trkpt>
			<trkpt lat="67.890031" lon="17.847377">
				<ele>887.000000</ele>
			</trkpt>
			<trkpt lat="67.890245" lon="17.847979">
				<ele>888.000000</ele>
			</trkpt>
			<trkpt lat="67.890369" lon="17.848941">
				<ele>890.000000</ele>
			</trkpt>
			<trkpt lat="67.890376" lon="17.849337">
				<ele>890.000000</ele>
			</trkpt>
			<trkpt lat="67.890803" lon="17.851995">
				<ele>890.000000</ele>
			</trkpt>
			<trkpt lat="67.890937" lon="17.853450">
				<ele>890.000000</ele>
			</trkpt>
			<trkpt lat="67.891073" lon="17.854312">
				<ele>890.000000</ele>
			</trkpt>
			<trkpt lat="67.891144" lon="17.857035">
				<ele>890.000000</ele>
			</trkpt>
			<trkpt lat="67.891309" lon="17.859082">
				<ele>890.000000</ele>
			</trkpt>
			<trkpt lat="67.891458" lon="17.860304">
				<ele>890.000000</ele>
			</trkpt>
			<trkpt lat="67.891573" lon="17.862415">
				<ele>890.000000</ele>
			</trkpt>
			<trkpt lat="67.891763" lon="17.863529">
				<ele>888.000000</ele>
			</trkpt>
			<trkpt lat="67.892192" lon="17.867797">
				<ele>882.000000</ele>
			</trkpt>
			<trkpt lat="67.892584" lon="17.870231">
				<ele>877.000000</ele>
			</trkpt>
			<trkpt lat="67.892709" lon="17.871606">
				<ele>874.000000</ele>
			</trkpt>
			<trkpt lat="67.892976" lon="17.872864">
				<ele>870.000000</ele>
			</trkpt>
			<trkpt lat="67.893003" lon="17.873501">
				<ele>869.000000</ele>
			</trkpt>
			<trkpt lat="67.893156" lon="17.874506">
				<ele>867.000000</ele>
			</trkpt>
			<trkpt lat="67.893338" lon="17.876286">
				<ele>865.000000</ele>
			</trkpt>
			<trkpt lat="67.893432" lon="17.877696">
				<ele>863.000000</ele>
			</trkpt>
			<trkpt lat="67.893382" lon="17.878819">
				<ele>861.000000</ele>
			</trkpt>
			<trkpt lat="67.893439" lon="17.879816">
				<ele>859.000000</ele>
			</trkpt>
			<trkpt lat="67.893480" lon="17.879951">
				<ele>859.000000</ele>
			</trkpt>
			<trkpt lat="67.893483" lon="17.880364">
				<ele>859.000000</ele>
			</trkpt>
			<trkpt lat="67.893740" lon="17.883049">
				<ele>855.000000</ele>
			</trkpt>
			<trkpt lat="67.893750" lon="17.883670">
				<ele>854.000000</ele>
			</trkpt>
			<trkpt lat="67.893727" lon="17.883984">
				<ele>853.000000</ele>
			</trkpt>
			<trkpt lat="67.893744" lon="17.886032">
				<ele>850.000000</ele>
			</trkpt>
			<trkpt lat="67.893892" lon="17.887380">
				<ele>847.000000</ele>
			</trkpt>
			<trkpt lat="67.893939" lon="17.889391">
				<ele>842.000000</ele>
			</trkpt>
			<trkpt lat="67.893950" lon="17.891674">
				<ele>840.000000</ele>
			</trkpt>
			<trkpt lat="67.894112" lon="17.893802">
				<ele>840.000000</ele>
			</trkpt>
			<trkpt lat="67.894423" lon="17.895186">
				<ele>840.000000</ele>
			</trkpt>
			<trkpt lat="67.894409" lon="17.895456">
				<ele>840.000000</ele>
			</trkpt>
			<trkpt lat="67.894565" lon="17.896039">
				<ele>840.000000</ele>
			</trkpt>
			<trkpt lat="67.894711" lon="17.896812">
				<ele>840.000000</ele>
			</trkpt>
			<trkpt lat="67.894687" lon="17.897037">
				<ele>840.000000</ele>
			</trkpt>
			<trkpt lat="67.894825" lon="17.897639">
				<ele>840.000000</ele>
			</trkpt>
			<trkpt lat="67.894964" lon="17.898555">
				<ele>840.000000</ele>
			</trkpt>
			<trkpt lat="67.895343" lon="17.901123">
				<ele>840.000000</ele>
			</trkpt>
			<trkpt lat="67.895491" lon="17.901618">
				<ele>840.000000</ele>
			</trkpt>
			<trkpt lat="67.896171" lon="17.902813">
				<ele>844.000000</ele>
			</trkpt>
			<trkpt lat="67.896563" lon="17.904043">
				<ele>848.000000</ele>
			</trkpt>
			<trkpt lat="67.897104" lon="17.906523">
				<ele>856.000000</ele>
			</trkpt>
			<trkpt lat="67.897263" lon="17.907654">
				<ele>860.000000</ele>
			</trkpt>
			<trkpt lat="67.897475" lon="17.908436">
				<ele>862.000000</ele>
			</trkpt>
			<trkpt lat="67.898351" lon="17.910054">
				<ele>866.000000</ele>
			</trkpt>
			<trkpt lat="67.898412" lon="17.910331">
				<ele>867.000000</ele>
			</trkpt>
			<trkpt lat="67.898973" lon="17.911652">
				<ele>870.000000</ele>
			</trkpt>
			<trkpt lat="67.899797" lon="17.914545">
				<ele>879.000000</ele>
			</trkpt>
			<trkpt lat="67.900243" lon="17.916458">
				<ele>882.000000</ele>
			</trkpt>
			<trkpt lat="67.900338" lon="17.917402">
				<ele>883.000000</ele>
			</trkpt>
			<trkpt lat="67.900332" lon="17.918021">
				<ele>883.000000</ele>
			</trkpt>
			<trkpt lat="67.900625" lon="17.920518">
				<ele>886.000000</ele>
			</trkpt>
			<trkpt lat="67.901335" lon="17.922235">
				<ele>888.000000</ele>
			</trkpt>
			<trkpt lat="67.901778" lon="17.922612">
				<ele>889.000000</ele>
			</trkpt>
			<trkpt lat="67.902123" lon="17.923231">
				<ele>890.000000</ele>
			</trkpt>
			<trkpt lat="67.902788" lon="17.924830">
				<ele>901.000000</ele>
			</trkpt>
			<trkpt lat="67.902995" lon="17.925181">
				<ele>903.000000</ele>
			</trkpt>
			<trkpt lat="67.903271" lon="17.925954">
				<ele>906.000000</ele>
			</trkpt>
			<trkpt lat="67.903616" lon="17.926610">
				<ele>909.000000</ele>
			</trkpt>
			<trkpt lat="67.903646" lon="17.926969">
				<ele>910.000000</ele>
			</trkpt>
			<trkpt lat="67.903819" lon="17.927436">
				<ele>913.000000</ele>
			</trkpt>
			<trkpt lat="67.903896" lon="17.927893">
				<ele>915.000000</ele>
			</trkpt>
			<trkpt lat="67.904062" lon="17.928208">
				<ele>918.000000</ele>
			</trkpt>
			<trkpt lat="67.905015" lon="17.931397">
				<ele>930.000000</ele>
			</trkpt>
			<trkpt lat="67.905258" lon="17.932583">
				<ele>930.000000</ele>
			</trkpt>
			<trkpt lat="67.905427" lon="17.933032">
				<ele>930.000000</ele>
			</trkpt>
			<trkpt lat="67.905701" lon="17.934397">
				<ele>930.000000</ele>
			</trkpt>
			<trkpt lat="67.906150" lon="17.935781">
				<ele>930.000000</ele>
			</trkpt>
			<trkpt lat="67.906353" lon="17.936778">
				<ele>930.000000</ele>
			</trkpt>
			<trkpt lat="67.906387" lon="17.937398">
				<ele>930.000000</ele>
			</trkpt>
			<trkpt lat="67.907066" lon="17.939887">
				<ele>925.000000</ele>
			</trkpt>
			<trkpt lat="67.907282" lon="17.940982">
				<ele>920.000000</ele>
			</trkpt>
			<trkpt lat="67.907451" lon="17.942573">
				<ele>914.000000</ele>
			</trkpt>
			<trkpt lat="67.907766" lon="17.943740">
				<ele>909.000000</ele>
			</trkpt>
			<trkpt lat="67.907870" lon="17.944378">
				<ele>908.000000</ele>
			</trkpt>
			<trkpt lat="67.907928" lon="17.944449">
				<ele>908.000000</ele>
			</trkpt>
			<trkpt lat="67.908032" lon="17.945384">
				<ele>906.000000</ele>
			</trkpt>
			<trkpt lat="67.908333" lon="17.946695">
				<ele>904.000000</ele>
			</trkpt>
			<trkpt lat="67.908384" lon="17.947405">
				<ele>903.000000</ele>
			</trkpt>
			<trkpt lat="67.908853" lon="17.949489">
				<ele>898.000000</ele>
			</trkpt>
			<trkpt lat="67.908867" lon="17.949749">
				<ele>897.000000</ele>
			</trkpt>
			<trkpt lat="67.909039" lon="17.950504">
				<ele>894.000000</ele>
			</trkpt>
			<trkpt lat="67.909060" lon="17.951007">
				<ele>891.000000</ele>
			</trkpt>
			<trkpt lat="67.909168" lon="17.951636">
				<ele>888.000000</ele>
			</trkpt>
			<trkpt lat="67.909337" lon="17.952121">
				<ele>883.000000</ele>
			</trkpt>
			<trkpt lat="67.909333" lon="17.952372">
				<ele>881.000000</ele>
			</trkpt>
			<trkpt lat="67.909492" lon="17.953047">
				<ele>876.000000</ele>
			</trkpt>
			<trkpt lat="67.909471" lon="17.953280">
				<ele>875.000000</ele>
			</trkpt>
			<trkpt lat="67.909711" lon="17.954961">
				<ele>867.000000</ele>
			</trkpt>
			<trkpt lat="67.909769" lon="17.956334">
				<ele>862.000000</ele>
			</trkpt>
			<trkpt lat="67.909742" lon="17.956720">
				<ele>861.000000</ele>
			</trkpt>
			<trkpt lat="67.909907" lon="17.958293">
				<ele>860.000000</ele>
			</trkpt>
			<trkpt lat="67.910232" lon="17.959659">
				<ele>860.000000</ele>
			</trkpt>
			<trkpt lat="67.910495" lon="17.961393">
				<ele>860.000000</ele>
			</trkpt>
			<trkpt lat="67.910522" lon="17.961913">
				<ele>860.000000</ele>
			</trkpt>
			<trkpt lat="67.910613" lon="17.962182">
				<ele>860.000000</ele>
			</trkpt>
			<trkpt lat="67.910705" lon="17.962856">
				<ele>860.000000</ele>
			</trkpt>
			<trkpt lat="67.910796" lon="17.964077">
				<ele>860.000000</ele>
			</trkpt>
			<trkpt lat="67.910772" lon="17.965075">
				<ele>860.000000</ele>
			</trkpt>
			<trkpt lat="67.910850" lon="17.965974">
				<ele>860.000000</ele>
			</trkpt>
			<trkpt lat="67.910961" lon="17.966207">
				<ele>860.000000</ele>
			</trkpt>
			<trkpt lat="67.911036" lon="17.966620">
				<ele>860.000000</ele>
			</trkpt>
			<trkpt lat="67.911211" lon="17.968417">
				<ele>860.000000</ele>
			</trkpt>
			<trkpt lat="67.911225" lon="17.971435">
				<ele>858.000000</ele>
			</trkpt>
			<trkpt lat="67.911154" lon="17.972630">
				<ele>857.000000</ele>
			</trkpt>
			<trkpt lat="67.911262" lon="17.973079">
				<ele>857.000000</ele>
			</trkpt>
			<trkpt lat="67.911340" lon="17.973232">
				<ele>856.000000</ele>
			</trkpt>
			<trkpt lat="67.911377" lon="17.973312">
				<ele>856.000000</ele>
			</trkpt>
			<trkpt lat="67.911637" lon="17.973448">
				<ele>854.000000</ele>
			</trkpt>
			<trkpt lat="67.911681" lon="17.974167">
				<ele>854.000000</ele>
			</trkpt>
			<trkpt lat="67.911850" lon="17.974553">
				<ele>855.000000</ele>
			</trkpt>
			<trkpt lat="67.912333" lon="17.975217">
				<ele>856.000000</ele>
			</trkpt>
			<trkpt lat="67.912586" lon="17.975801">
				<ele>857.000000</ele>
			</trkpt>
			<trkpt lat="67.912765" lon="17.975855">
				<ele>858.000000</ele>
			</trkpt>
			<trkpt lat="67.912863" lon="17.976098">
				<ele>859.000000</ele>
			</trkpt>
			<trkpt lat="67.912904" lon="17.976232">
				<ele>859.000000</ele>
			</trkpt>
			<trkpt lat="67.913100" lon="17.976161">
				<ele>860.000000</ele>
			</trkpt>
			<trkpt lat="67.913224" lon="17.976251">
				<ele>860.000000</ele>
			</trkpt>
			<trkpt lat="67.913312" lon="17.976196">
				<ele>860.000000</ele>
			</trkpt>
			<trkpt lat="67.913559" lon="17.976519">
				<ele>860.000000</ele>
			</trkpt>
			<trkpt lat="67.913795" lon="17.976664">
				<ele>860.000000</ele>
			</trkpt>
			<trkpt lat="67.913806" lon="17.976754">
				<ele>860.000000</ele>
			</trkpt>
			<trkpt lat="67.914160" lon="17.977140">
				<ele>860.000000</ele>
			</trkpt>
			<trkpt lat="67.914262" lon="17.977113">
				<ele>860.000000</ele>
			</trkpt>
			<trkpt lat="67.914484" lon="17.977230">
				<ele>860.000000</ele>
			</trkpt>
			<trkpt lat="67.914549" lon="17.977184">
				<ele>860.000000</ele>
			</trkpt>
			<trkpt lat="67.914637" lon="17.977130">
				<ele>860.000000</ele>
			</trkpt>
			<trkpt lat="67.914836" lon="17.977256">
				<ele>860.000000</ele>
			</trkpt>
			<trkpt lat="67.915099" lon="17.976960">
				<ele>860.000000</ele>
			</trkpt>
			<trkpt lat="67.915204" lon="17.976924">
				<ele>860.000000</ele>
			</trkpt>
			<trkpt lat="67.915413" lon="17.977085">
				<ele>860.000000</ele>
			</trkpt>
			<trkpt lat="67.915957" lon="17.976780">
				<ele>860.000000</ele>
			</trkpt>
			<trkpt lat="67.916889" lon="17.977104">
				<ele>863.000000</ele>
			</trkpt>
			<trkpt lat="67.918118" lon="17.977920">
				<ele>867.000000</ele>
			</trkpt>
			<trkpt lat="67.918946" lon="17.979978">
				<ele>870.000000</ele>
			</trkpt>
			<trkpt lat="67.920171" lon="17.978649">
				<ele>873.000000</ele>
			</trkpt>
			<trkpt lat="67.920357" lon="17.978065">
				<ele>873.000000</ele>
			</trkpt>
			<trkpt lat="67.920678" lon="17.978100">
				<ele>874.000000</ele>
			</trkpt>
			<trkpt lat="67.922663" lon="17.975953">
				<ele>878.000000</ele>
			</trkpt>
			<trkpt lat="67.923440" lon="17.976071">
				<ele>880.000000</ele>
			</trkpt>
			<trkpt lat="67.928180" lon="17.969234">
				<ele>883.000000</ele>
			</trkpt>
			<trkpt lat="67.929453" lon="17.966899">
				<ele>877.000000</ele>
			</trkpt>
			<trkpt lat="67.930475" lon="17.966162">
				<ele>874.000000</ele>
			</trkpt>
			<trkpt lat="67.931252" lon="17.966198">
				<ele>872.000000</ele>
			</trkpt>
			<trkpt lat="67.932764" lon="17.968731">
				<ele>874.000000</ele>
			</trkpt>
			<trkpt lat="67.932892" lon="17.970205">
				<ele>875.000000</ele>
			</trkpt>
			<trkpt lat="67.932909" lon="17.971337">
				<ele>876.000000</ele>
			</trkpt>
			<trkpt lat="67.933267" lon="17.971857">
				<ele>876.000000</ele>
			</trkpt>
			<trkpt lat="67.934478" lon="17.976322">
				<ele>879.000000</ele>
			</trkpt>
			<trkpt lat="67.936145" lon="17.981379">
				<ele>895.000000</ele>
			</trkpt>
			<trkpt lat="67.936357" lon="17.984048">
				<ele>901.000000</ele>
			</trkpt>
			<trkpt lat="67.936931" lon="17.986401">
				<ele>904.000000</ele>
			</trkpt>
			<trkpt lat="67.938358" lon="17.992267">
				<ele>921.000000</ele>
			</trkpt>
			<trkpt lat="67.939030" lon="17.993103">
				<ele>925.000000</ele>
			</trkpt>
			<trkpt lat="67.939364" lon="17.995187">
				<ele>930.000000</ele>
			</trkpt>
			<trkpt lat="67.941095" lon="17.998168">
				<ele>940.000000</ele>
			</trkpt>
			<trkpt lat="67.941483" lon="18.001744">
				<ele>944.000000</ele>
			</trkpt>
			<trkpt lat="67.941827" lon="18.002454">
				<ele>948.000000</ele>
			</trkpt>
			<trkpt lat="67.941850" lon="18.002499">
				<ele>948.000000</ele>
			</trkpt>
			<trkpt lat="67.941901" lon="18.002688">
				<ele>949.000000</ele>
			</trkpt>
			<trkpt lat="67.941952" lon="18.002894">
				<ele>950.000000</ele>
			</trkpt>
			<trkpt lat="67.942231" lon="18.003766">
				<ele>951.000000</ele>
			</trkpt>
			<trkpt lat="67.942673" lon="18.005822">
				<ele>952.000000</ele>
			</trkpt>
			<trkpt lat="67.942721" lon="18.006029">
				<ele>952.000000</ele>
			</trkpt>
			<trkpt lat="67.943102" lon="18.007763">
				<ele>953.000000</ele>
			</trkpt>
			<trkpt lat="67.943362" lon="18.010485">
				<ele>955.000000</ele>
			</trkpt>
			<trkpt lat="67.943598" lon="18.011716">
				<ele>956.000000</ele>
			</trkpt>
			<trkpt lat="67.944006" lon="18.013063">
				<ele>957.000000</ele>
			</trkpt>
			<trkpt lat="67.944090" lon="18.014357">
				<ele>958.000000</ele>
			</trkpt>
			<trkpt lat="67.944073" lon="18.015156">
				<ele>958.000000</ele>
			</trkpt>
			<trkpt lat="67.944067" lon="18.015596">
				<ele>959.000000</ele>
			</trkpt>
			<trkpt lat="67.944003" lon="18.016558">
				<ele>960.000000</ele>
			</trkpt>
			<trkpt lat="67.943972" lon="18.017752">
				<ele>961.000000</ele>
			</trkpt>
			<trkpt lat="67.944185" lon="18.019055">
				<ele>962.000000</ele>
			</trkpt>
			<trkpt lat="67.944319" lon="18.019693">
				<ele>963.000000</ele>
			</trkpt>
			<trkpt lat="67.944424" lon="18.020339">
				<ele>964.000000</ele>
			</trkpt>
			<trkpt lat="67.944445" lon="18.021202">
				<ele>965.000000</ele>
			</trkpt>
			<trkpt lat="67.944525" lon="18.022406">
				<ele>966.000000</ele>
			</trkpt>
			<trkpt lat="67.944596" lon="18.023861">
				<ele>967.000000</ele>
			</trkpt>
			<trkpt lat="67.944721" lon="18.025190">
				<ele>968.000000</ele>
			</trkpt>
			<trkpt lat="67.944772" lon="18.026456">
				<ele>970.000000</ele>
			</trkpt>
			<trkpt lat="67.944681" lon="18.028092">
				<ele>970.000000</ele>
			</trkpt>
			<trkpt lat="67.944684" lon="18.029188">
				<ele>970.000000</ele>
			</trkpt>
			<trkpt lat="67.944596" lon="18.030787">
				<ele>970.000000</ele>
			</trkpt>
			<trkpt lat="67.944654" lon="18.034335">
				<ele>970.000000</ele>
			</trkpt>
			<trkpt lat="67.944684" lon="18.036284">
				<ele>970.000000</ele>
			</trkpt>
			<trkpt lat="67.944573" lon="18.037704">
				<ele>970.000000</ele>
			</trkpt>
			<trkpt lat="67.944289" lon="18.039249">
				<ele>970.000000</ele>
			</trkpt>
			<trkpt lat="67.943975" lon="18.040947">
				<ele>965.000000</ele>
			</trkpt>
			<trkpt lat="67.943877" lon="18.042060">
				<ele>959.000000</ele>
			</trkpt>
			<trkpt lat="67.943227" lon="18.044270">
				<ele>954.000000</ele>
			</trkpt>
			<trkpt lat="67.942151" lon="18.045932">
				<ele>952.000000</ele>
			</trkpt>
			<trkpt lat="67.941213" lon="18.047513">
				<ele>950.000000</ele>
			</trkpt>
			<trkpt lat="67.940676" lon="18.047729">
				<ele>950.000000</ele>
			</trkpt>
			<trkpt lat="67.940187" lon="18.048501">
				<ele>951.000000</ele>
			</trkpt>
			<trkpt lat="67.939806" lon="18.050082">
				<ele>955.000000</ele>
			</trkpt>
			<trkpt lat="67.939759" lon="18.051178">
				<ele>958.000000</ele>
			</trkpt>
			<trkpt lat="67.939387" lon="18.052319">
				<ele>960.000000</ele>
			</trkpt>
			<trkpt lat="67.938912" lon="18.052939">
				<ele>960.000000</ele>
			</trkpt>
			<trkpt lat="67.938679" lon="18.053388">
				<ele>960.000000</ele>
			</trkpt>
			<trkpt lat="67.938476" lon="18.054358">
				<ele>960.000000</ele>
			</trkpt>
			<trkpt lat="67.937946" lon="18.055428">
				<ele>960.000000</ele>
			</trkpt>
			<trkpt lat="67.937204" lon="18.057126">
				<ele>960.000000</ele>
			</trkpt>
			<trkpt lat="67.936576" lon="18.058285">
				<ele>960.000000</ele>
			</trkpt>
			<trkpt lat="67.935915" lon="18.058958">
				<ele>960.000000</ele>
			</trkpt>
			<trkpt lat="67.935311" lon="18.060790">
				<ele>960.000000</ele>
			</trkpt>
			<trkpt lat="67.934785" lon="18.063485">
				<ele>960.000000</ele>
			</trkpt>
			<trkpt lat="67.934366" lon="18.065317">
				<ele>960.000000</ele>
			</trkpt>
			<trkpt lat="67.934242" lon="18.066225">
				<ele>960.000000</ele>
			</trkpt>
			<trkpt lat="67.934205" lon="18.066396">
				<ele>960.000000</ele>
			</trkpt>
			<trkpt lat="67.933803" lon="18.068147">
				<ele>957.000000</ele>
			</trkpt>
			<trkpt lat="67.933509" lon="18.069585">
				<ele>953.000000</ele>
			</trkpt>
			<trkpt lat="67.933101" lon="18.070879">
				<ele>950.000000</ele>
			</trkpt>
			<trkpt lat="67.932618" lon="18.071741">
				<ele>949.000000</ele>
			</trkpt>
			<trkpt lat="67.932288" lon="18.072980">
				<ele>948.000000</ele>
			</trkpt>
			<trkpt lat="67.931626" lon="18.075470">
				<ele>947.000000</ele>
			</trkpt>
			<trkpt lat="67.931360" lon="18.076969">
				<ele>946.000000</ele>
			</trkpt>
			<trkpt lat="67.931086" lon="18.077615">
				<ele>946.000000</ele>
			</trkpt>
			<trkpt lat="67.930975" lon="18.080518">
				<ele>945.000000</ele>
			</trkpt>
			<trkpt lat="67.930478" lon="18.082089">
				<ele>944.000000</ele>
			</trkpt>
			<trkpt lat="67.930134" lon="18.083967">
				<ele>943.000000</ele>
			</trkpt>
			<trkpt lat="67.929733" lon="18.086160">
				<ele>942.000000</ele>
			</trkpt>
			<trkpt lat="67.929182" lon="18.087533">
				<ele>941.000000</ele>
			</trkpt>
			<trkpt lat="67.928507" lon="18.089160">
				<ele>939.000000</ele>
			</trkpt>
			<trkpt lat="67.928055" lon="18.090345">
				<ele>934.000000</ele>
			</trkpt>
			<trkpt lat="67.927028" lon="18.092034">
				<ele>929.000000</ele>
			</trkpt>
			<trkpt lat="67.926330" lon="18.093777">
				<ele>927.000000</ele>
			</trkpt>
			<trkpt lat="67.925705" lon="18.095726">
				<ele>926.000000</ele>
			</trkpt>
			<trkpt lat="67.924997" lon="18.097056">
				<ele>924.000000</ele>
			</trkpt>
			<trkpt lat="67.924942" lon="18.097173">
				<ele>924.000000</ele>
			</trkpt>
			<trkpt lat="67.924561" lon="18.097953">
				<ele>923.000000</ele>
			</trkpt>
			<trkpt lat="67.923545" lon="18.099571">
				<ele>921.000000</ele>
			</trkpt>
			<trkpt lat="67.922636" lon="18.101197">
				<ele>920.000000</ele>
			</trkpt>
			<trkpt lat="67.921850" lon="18.102419">
				<ele>920.000000</ele>
			</trkpt>
			<trkpt lat="67.921120" lon="18.102769">
				<ele>920.000000</ele>
			</trkpt>
			<trkpt lat="67.919473" lon="18.103299">
				<ele>920.000000</ele>
			</trkpt>
			<trkpt lat="67.918797" lon="18.102400">
				<ele>920.000000</ele>
			</trkpt>
			<trkpt lat="67.918030" lon="18.102913">
				<ele>918.000000</ele>
			</trkpt>
			<trkpt lat="67.917440" lon="18.104628">
				<ele>916.000000</ele>
			</trkpt>
			<trkpt lat="67.916609" lon="18.107467">
				<ele>913.000000</ele>
			</trkpt>
			<trkpt lat="67.916031" lon="18.109704">
				<ele>911.000000</ele>
			</trkpt>
			<trkpt lat="67.915731" lon="18.110916">
				<ele>910.000000</ele>
			</trkpt>
			<trkpt lat="67.915528" lon="18.112417">
				<ele>910.000000</ele>
			</trkpt>
			<trkpt lat="67.915363" lon="18.113809">
				<ele>910.000000</ele>
			</trkpt>
			<trkpt lat="67.915370" lon="18.114708">
				<ele>910.000000</ele>
			</trkpt>
			<trkpt lat="67.915413" lon="18.115929">
				<ele>910.000000</ele>
			</trkpt>
			<trkpt lat="67.915579" lon="18.120484">
				<ele>910.000000</ele>
			</trkpt>
			<trkpt lat="67.915589" lon="18.122522">
				<ele>910.000000</ele>
			</trkpt>
			<trkpt lat="67.915795" lon="18.124095">
				<ele>910.000000</ele>
			</trkpt>
			<trkpt lat="67.915471" lon="18.126413">
				<ele>917.000000</ele>
			</trkpt>
			<trkpt lat="67.915005" lon="18.128298">
				<ele>920.000000</ele>
			</trkpt>
			<trkpt lat="67.914244" lon="18.129719">
				<ele>917.000000</ele>
			</trkpt>
			<trkpt lat="67.913393" lon="18.133419">
				<ele>910.000000</ele>
			</trkpt>
			<trkpt lat="67.913309" lon="18.133833">
				<ele>909.000000</ele>
			</trkpt>
			<trkpt lat="67.912964" lon="18.135548">
				<ele>908.000000</ele>
			</trkpt>
			<trkpt lat="67.912893" lon="18.137470">
				<ele>906.000000</ele>
			</trkpt>
			<trkpt lat="67.912465" lon="18.140049">
				<ele>903.000000</ele>
			</trkpt>
			<trkpt lat="67.911708" lon="18.142259">
				<ele>901.000000</ele>
			</trkpt>
			<trkpt lat="67.910563" lon="18.143355">
				<ele>890.000000</ele>
			</trkpt>
			<trkpt lat="67.909843" lon="18.146615">
				<ele>890.000000</ele>
			</trkpt>
			<trkpt lat="67.909384" lon="18.148871">
				<ele>890.000000</ele>
			</trkpt>
			<trkpt lat="67.909107" lon="18.151422">
				<ele>890.000000</ele>
			</trkpt>
			<trkpt lat="67.908603" lon="18.154764">
				<ele>890.000000</ele>
			</trkpt>
			<trkpt lat="67.908296" lon="18.157351">
				<ele>890.000000</ele>
			</trkpt>
			<trkpt lat="67.908140" lon="18.158007">
				<ele>890.000000</ele>
			</trkpt>
			<trkpt lat="67.907924" lon="18.159085">
				<ele>890.000000</ele>
			</trkpt>
			<trkpt lat="67.907607" lon="18.162425">
				<ele>890.000000</ele>
			</trkpt>
			<trkpt lat="67.907164" lon="18.166909">
				<ele>890.000000</ele>
			</trkpt>
			<trkpt lat="67.906721" lon="18.169083">
				<ele>890.000000</ele>
			</trkpt>
			<trkpt lat="67.906299" lon="18.171849">
				<ele>890.000000</ele>
			</trkpt>
			<trkpt lat="67.906154" lon="18.172945">
				<ele>890.000000</ele>
			</trkpt>
			<trkpt lat="67.905968" lon="18.173825">
				<ele>890.000000</ele>
			</trkpt>
			<trkpt lat="67.905846" lon="18.176916">
				<ele>900.000000</ele>
			</trkpt>
			<trkpt lat="67.905897" lon="18.178973">
				<ele>900.000000</ele>
			</trkpt>
			<trkpt lat="67.905992" lon="18.180671">
				<ele>900.000000</ele>
			</trkpt>
			<trkpt lat="67.906333" lon="18.182836">
				<ele>894.000000</ele>
			</trkpt>
			<trkpt lat="67.906491" lon="18.184075">
				<ele>890.000000</ele>
			</trkpt>
			<trkpt lat="67.906654" lon="18.185792">
				<ele>890.000000</ele>
			</trkpt>
			<trkpt lat="67.906799" lon="18.186860">
				<ele>890.000000</ele>
			</trkpt>
			<trkpt lat="67.906927" lon="18.188028">
				<ele>890.000000</ele>
			</trkpt>
			<trkpt lat="67.906958" lon="18.188602">
				<ele>889.000000</ele>
			</trkpt>
			<trkpt lat="67.907147" lon="18.190669">
				<ele>882.000000</ele>
			</trkpt>
			<trkpt lat="67.907786" lon="18.193839">
				<ele>880.000000</ele>
			</trkpt>
			<trkpt lat="67.907996" lon="18.197793">
				<ele>880.000000</ele>
			</trkpt>
			<trkpt lat="67.908036" lon="18.200820">
				<ele>880.000000</ele>
			</trkpt>
			<trkpt lat="67.908100" lon="18.203453">
				<ele>880.000000</ele>
			</trkpt>
			<trkpt lat="67.908293" lon="18.205814">
				<ele>880.000000</ele>
			</trkpt>
			<trkpt lat="67.908785" lon="18.209076">
				<ele>889.000000</ele>
			</trkpt>
			<trkpt lat="67.909093" lon="18.210927">
				<ele>890.000000</ele>
			</trkpt>
			<trkpt lat="67.908397" lon="18.216334">
				<ele>872.000000</ele>
			</trkpt>
			<trkpt lat="67.908394" lon="18.216540">
				<ele>870.000000</ele>
			</trkpt>
			<trkpt lat="67.908316" lon="18.219334">
				<ele>860.000000</ele>
			</trkpt>
			<trkpt lat="67.908357" lon="18.221777">
				<ele>856.000000</ele>
			</trkpt>
			<trkpt lat="67.908472" lon="18.224230">
				<ele>852.000000</ele>
			</trkpt>
			<trkpt lat="67.908472" lon="18.225730">
				<ele>850.000000</ele>
			</trkpt>
			<trkpt lat="67.908414" lon="18.228282">
				<ele>846.000000</ele>
			</trkpt>
			<trkpt lat="67.908438" lon="18.230464">
				<ele>843.000000</ele>
			</trkpt>
			<trkpt lat="67.908380" lon="18.232593">
				<ele>840.000000</ele>
			</trkpt>
			<trkpt lat="67.908026" lon="18.236240">
				<ele>837.000000</ele>
			</trkpt>
			<trkpt lat="67.907674" lon="18.238117">
				<ele>835.000000</ele>
			</trkpt>
			<trkpt lat="67.907654" lon="18.238989">
				<ele>834.000000</ele>
			</trkpt>
			<trkpt lat="67.907725" lon="18.239744">
				<ele>834.000000</ele>
			</trkpt>
			<trkpt lat="67.907766" lon="18.241136">
				<ele>833.000000</ele>
			</trkpt>
			<trkpt lat="67.907830" lon="18.242897">
				<ele>831.000000</ele>
			</trkpt>
			<trkpt lat="67.907776" lon="18.243517">
				<ele>831.000000</ele>
			</trkpt>
			<trkpt lat="67.907654" lon="18.244909">
				<ele>828.000000</ele>
			</trkpt>
			<trkpt lat="67.907850" lon="18.246050">
				<ele>825.000000</ele>
			</trkpt>
			<trkpt lat="67.907948" lon="18.247119">
				<ele>822.000000</ele>
			</trkpt>
			<trkpt lat="67.908022" lon="18.248413">
				<ele>820.000000</ele>
			</trkpt>
			<trkpt lat="67.908296" lon="18.249742">
				<ele>820.000000</ele>
			</trkpt>
			<trkpt lat="67.908350" lon="18.250874">
				<ele>819.000000</ele>
			</trkpt>
			<trkpt lat="67.908343" lon="18.252599">
				<ele>816.000000</ele>
			</trkpt>
			<trkpt lat="67.908370" lon="18.254314">
				<ele>814.000000</ele>
			</trkpt>
			<trkpt lat="67.908533" lon="18.255365">
				<ele>813.000000</ele>
			</trkpt>
			<trkpt lat="67.908830" lon="18.256929">
				<ele>810.000000</ele>
			</trkpt>
			<trkpt lat="67.908928" lon="18.258797">
				<ele>809.000000</ele>
			</trkpt>
			<trkpt lat="67.909073" lon="18.260989">
				<ele>807.000000</ele>
			</trkpt>
			<trkpt lat="67.909097" lon="18.262300">
				<ele>806.000000</ele>
			</trkpt>
			<trkpt lat="67.909073" lon="18.263648">
				<ele>805.000000</ele>
			</trkpt>
			<trkpt lat="67.909039" lon="18.264717">
				<ele>805.000000</ele>
			</trkpt>
			<trkpt lat="67.909039" lon="18.265804">
				<ele>804.000000</ele>
			</trkpt>
			<trkpt lat="67.909073" lon="18.267394">
				<ele>803.000000</ele>
			</trkpt>
			<trkpt lat="67.909025" lon="18.268518">
				<ele>802.000000</ele>
			</trkpt>
			<trkpt lat="67.908954" lon="18.269451">
				<ele>801.000000</ele>
			</trkpt>
			<trkpt lat="67.909046" lon="18.270512">
				<ele>800.000000</ele>
			</trkpt>
			<trkpt lat="67.909130" lon="18.271401">
				<ele>798.000000</ele>
			</trkpt>
			<trkpt lat="67.909431" lon="18.273386">
				<ele>789.000000</ele>
			</trkpt>
			<trkpt lat="67.909441" lon="18.274644">
				<ele>780.000000</ele>
			</trkpt>
			<trkpt lat="67.909455" lon="18.276018">
				<ele>778.000000</ele>
			</trkpt>
			<trkpt lat="67.909499" lon="18.277545">
				<ele>776.000000</ele>
			</trkpt>
			<trkpt lat="67.909732" lon="18.278426">
				<ele>774.000000</ele>
			</trkpt>
			<trkpt lat="67.909870" lon="18.279359">
				<ele>773.000000</ele>
			</trkpt>
			<trkpt lat="67.910093" lon="18.280114">
				<ele>772.000000</ele>
			</trkpt>
			<trkpt lat="67.910255" lon="18.280464">
				<ele>771.000000</ele>
			</trkpt>
			<trkpt lat="67.910464" lon="18.280294">
				<ele>770.000000</ele>
			</trkpt>
			<trkpt lat="67.910607" lon="18.280779">
				<ele>770.000000</ele>
			</trkpt>
			<trkpt lat="67.910590" lon="18.281255">
				<ele>770.000000</ele>
			</trkpt>
			<trkpt lat="67.910664" lon="18.282018">
				<ele>771.000000</ele>
			</trkpt>
			<trkpt lat="67.910884" lon="18.283106">
				<ele>772.000000</ele>
			</trkpt>
			<trkpt lat="67.911104" lon="18.284013">
				<ele>774.000000</ele>
			</trkpt>
			<trkpt lat="67.911279" lon="18.285621">
				<ele>776.000000</ele>
			</trkpt>
			<trkpt lat="67.911444" lon="18.286726">
				<ele>778.000000</ele>
			</trkpt>
			<trkpt lat="67.911458" lon="18.287489">
				<ele>779.000000</ele>
			</trkpt>
			<trkpt lat="67.911600" lon="18.288424">
				<ele>781.000000</ele>
			</trkpt>
			<trkpt lat="67.911742" lon="18.289628">
				<ele>785.000000</ele>
			</trkpt>
			<trkpt lat="67.911918" lon="18.290418">
				<ele>789.000000</ele>
			</trkpt>
			<trkpt lat="67.912019" lon="18.291208">
				<ele>791.000000</ele>
			</trkpt>
			<trkpt lat="67.912160" lon="18.291936">
				<ele>794.000000</ele>
			</trkpt>
			<trkpt lat="67.912546" lon="18.293347">
				<ele>799.000000</ele>
			</trkpt>
			<trkpt lat="67.912921" lon="18.294452">
				<ele>802.000000</ele>
			</trkpt>
			<trkpt lat="67.913248" lon="18.294542">
				<ele>804.000000</ele>
			</trkpt>
			<trkpt lat="67.913579" lon="18.294775">
				<ele>805.000000</ele>
			</trkpt>
			<trkpt lat="67.913833" lon="18.295565">
				<ele>807.000000</ele>
			</trkpt>
			<trkpt lat="67.913974" lon="18.296796">
				<ele>809.000000</ele>
			</trkpt>
			<trkpt lat="67.914096" lon="18.297909">
				<ele>812.000000</ele>
			</trkpt>
			<trkpt lat="67.914218" lon="18.299077">
				<ele>816.000000</ele>
			</trkpt>
			<trkpt lat="67.914349" lon="18.299895">
				<ele>819.000000</ele>
			</trkpt>
			<trkpt lat="67.914505" lon="18.301072">
				<ele>825.000000</ele>
			</trkpt>
			<trkpt lat="67.914602" lon="18.301916">
				<ele>829.000000</ele>
			</trkpt>
			<trkpt lat="67.914700" lon="18.302823">
				<ele>832.000000</ele>
			</trkpt>
			<trkpt lat="67.914843" lon="18.303435">
				<ele>834.000000</ele>
			</trkpt>
			<trkpt lat="67.914069" lon="18.304683">
				<ele>835.000000</ele>
			</trkpt>
			<trkpt lat="67.912809" lon="18.306246">
				<ele>838.000000</ele>
			</trkpt>
			<trkpt lat="67.911596" lon="18.307953">
				<ele>840.000000</ele>
			</trkpt>
			<trkpt lat="67.911211" lon="18.308564">
				<ele>840.000000</ele>
			</trkpt>
			<trkpt lat="67.910742" lon="18.308968">
				<ele>840.000000</ele>
			</trkpt>
			<trkpt lat="67.909978" lon="18.309390">
				<ele>837.000000</ele>
			</trkpt>
			<trkpt lat="67.909408" lon="18.309525">
				<ele>835.000000</ele>
			</trkpt>
			<trkpt lat="67.909249" lon="18.309606">
				<ele>834.000000</ele>
			</trkpt>
			<trkpt lat="67.908972" lon="18.309830">
				<ele>833.000000</ele>
			</trkpt>
			<trkpt lat="67.908485" lon="18.310153">
				<ele>831.000000</ele>
			</trkpt>
			<trkpt lat="67.907789" lon="18.310918">
				<ele>829.000000</ele>
			</trkpt>
			<trkpt lat="67.906927" lon="18.312507">
				<ele>826.000000</ele>
			</trkpt>
			<trkpt lat="67.906657" lon="18.313127">
				<ele>824.000000</ele>
			</trkpt>
			<trkpt lat="67.906407" lon="18.313541">
				<ele>824.000000</ele>
			</trkpt>
			<trkpt lat="67.905890" lon="18.314017">
				<ele>822.000000</ele>
			</trkpt>
			<trkpt lat="67.905529" lon="18.314448">
				<ele>821.000000</ele>
			</trkpt>
			<trkpt lat="67.904937" lon="18.314941">
				<ele>817.000000</ele>
			</trkpt>
			<trkpt lat="67.904055" lon="18.315562">
				<ele>811.000000</ele>
			</trkpt>
			<trkpt lat="67.903194" lon="18.316038">
				<ele>804.000000</ele>
			</trkpt>
			<trkpt lat="67.902960" lon="18.316199">
				<ele>803.000000</ele>
			</trkpt>
			<trkpt lat="67.902623" lon="18.316585">
				<ele>800.000000</ele>
			</trkpt>
			<trkpt lat="67.902221" lon="18.317295">
				<ele>799.000000</ele>
			</trkpt>
			<trkpt lat="67.901680" lon="18.318373">
				<ele>799.000000</ele>
			</trkpt>
			<trkpt lat="67.901629" lon="18.318472">
				<ele>798.000000</ele>
			</trkpt>
			<trkpt lat="67.901416" lon="18.319011">
				<ele>798.000000</ele>
			</trkpt>
			<trkpt lat="67.900781" lon="18.320449">
				<ele>797.000000</ele>
			</trkpt>
			<trkpt lat="67.900054" lon="18.322434">
				<ele>796.000000</ele>
			</trkpt>
			<trkpt lat="67.899946" lon="18.322685">
				<ele>796.000000</ele>
			</trkpt>
			<trkpt lat="67.899767" lon="18.322973">
				<ele>795.000000</ele>
			</trkpt>
			<trkpt lat="67.899223" lon="18.323843">
				<ele>795.000000</ele>
			</trkpt>
			<trkpt lat="67.898966" lon="18.324185">
				<ele>794.000000</ele>
			</trkpt>
			<trkpt lat="67.898783" lon="18.324527">
				<ele>794.000000</ele>
			</trkpt>
			<trkpt lat="67.898057" lon="18.326333">
				<ele>793.000000</ele>
			</trkpt>
			<trkpt lat="67.897925" lon="18.326566">
				<ele>793.000000</ele>
			</trkpt>
			<trkpt lat="67.897831" lon="18.326881">
				<ele>792.000000</ele>
			</trkpt>
			<trkpt lat="67.897675" lon="18.328210">
				<ele>792.000000</ele>
			</trkpt>
			<trkpt lat="67.897621" lon="18.328336">
				<ele>792.000000</ele>
			</trkpt>
			<trkpt lat="67.897580" lon="18.328533">
				<ele>792.000000</ele>
			</trkpt>
			<trkpt lat="67.897425" lon="18.328516">
				<ele>791.000000</ele>
			</trkpt>
			<trkpt lat="67.896678" lon="18.328021">
				<ele>790.000000</ele>
			</trkpt>
			<trkpt lat="67.896458" lon="18.327824">
				<ele>790.000000</ele>
			</trkpt>
			<trkpt lat="67.896380" lon="18.327751">
				<ele>790.000000</ele>
			</trkpt>
			<trkpt lat="67.896056" lon="18.327357">
				<ele>788.000000</ele>
			</trkpt>
			<trkpt lat="67.895650" lon="18.327159">
				<ele>787.000000</ele>
			</trkpt>
			<trkpt lat="67.895302" lon="18.326988">
				<ele>785.000000</ele>
			</trkpt>
			<trkpt lat="67.894832" lon="18.326323">
				<ele>783.000000</ele>
			</trkpt>
			<trkpt lat="67.894204" lon="18.325776">
				<ele>781.000000</ele>
			</trkpt>
			<trkpt lat="67.893629" lon="18.324608">
				<ele>775.000000</ele>
			</trkpt>
			<trkpt lat="67.893230" lon="18.324078">
				<ele>772.000000</ele>
			</trkpt>
			<trkpt lat="67.893179" lon="18.324015">
				<ele>771.000000</ele>
			</trkpt>
			<trkpt lat="67.893132" lon="18.323961">
				<ele>771.000000</ele>
			</trkpt>
			<trkpt lat="67.893040" lon="18.323916">
				<ele>770.000000</ele>
			</trkpt>
			<trkpt lat="67.892631" lon="18.323719">
				<ele>770.000000</ele>
			</trkpt>
			<trkpt lat="67.892550" lon="18.323700">
				<ele>770.000000</ele>
			</trkpt>
			<trkpt lat="67.892276" lon="18.323637">
				<ele>770.000000</ele>
			</trkpt>
			<trkpt lat="67.892101" lon="18.323314">
				<ele>770.000000</ele>
			</trkpt>
			<trkpt lat="67.891816" lon="18.322830">
				<ele>770.000000</ele>
			</trkpt>
			<trkpt lat="67.891269" lon="18.322801">
				<ele>770.000000</ele>
			</trkpt>
			<trkpt lat="67.890931" lon="18.322604">
				<ele>769.000000</ele>
			</trkpt>
			<trkpt lat="67.890404" lon="18.322505">
				<ele>768.000000</ele>
			</trkpt>
			<trkpt lat="67.889984" lon="18.322623">
				<ele>767.000000</ele>
			</trkpt>
			<trkpt lat="67.889707" lon="18.322650">
				<ele>766.000000</ele>
			</trkpt>
			<trkpt lat="67.889437" lon="18.322677">
				<ele>765.000000</ele>
			</trkpt>
			<trkpt lat="67.889321" lon="18.322658">
				<ele>765.000000</ele>
			</trkpt>
			<trkpt lat="67.889054" lon="18.322470">
				<ele>764.000000</ele>
			</trkpt>
			<trkpt lat="67.888912" lon="18.322425">
				<ele>764.000000</ele>
			</trkpt>
			<trkpt lat="67.888740" lon="18.322461">
				<ele>764.000000</ele>
			</trkpt>
			<trkpt lat="67.888537" lon="18.322497">
				<ele>763.000000</ele>
			</trkpt>
			<trkpt lat="67.888087" lon="18.322730">
				<ele>762.000000</ele>
			</trkpt>
			<trkpt lat="67.887695" lon="18.322793">
				<ele>761.000000</ele>
			</trkpt>
			<trkpt lat="67.886961" lon="18.322623">
				<ele>759.000000</ele>
			</trkpt>
			<trkpt lat="67.886870" lon="18.322623">
				<ele>759.000000</ele>
			</trkpt>
			<trkpt lat="67.886836" lon="18.322631">
				<ele>759.000000</ele>
			</trkpt>
			<trkpt lat="67.886494" lon="18.322704">
				<ele>758.000000</ele>
			</trkpt>
			<trkpt lat="67.885838" lon="18.323080">
				<ele>757.000000</ele>
			</trkpt>
			<trkpt lat="67.885686" lon="18.323117">
				<ele>757.000000</ele>
			</trkpt>
			<trkpt lat="67.885294" lon="18.323017">
				<ele>756.000000</ele>
			</trkpt>
			<trkpt lat="67.885209" lon="18.323000">
				<ele>756.000000</ele>
			</trkpt>
			<trkpt lat="67.884736" lon="18.322981">
				<ele>755.000000</ele>
			</trkpt>
			<trkpt lat="67.883884" lon="18.322820">
				<ele>753.000000</ele>
			</trkpt>
			<trkpt lat="67.883336" lon="18.322587">
				<ele>752.000000</ele>
			</trkpt>
			<trkpt lat="67.883052" lon="18.322451">
				<ele>752.000000</ele>
			</trkpt>
			<trkpt lat="67.882795" lon="18.322048">
				<ele>751.000000</ele>
			</trkpt>
			<trkpt lat="67.882676" lon="18.321868">
				<ele>751.000000</ele>
			</trkpt>
			<trkpt lat="67.882321" lon="18.321679">
				<ele>750.000000</ele>
			</trkpt>
			<trkpt lat="67.882264" lon="18.321643">
				<ele>750.000000</ele>
			</trkpt>
			<trkpt lat="67.882196" lon="18.321616">
				<ele>750.000000</ele>
			</trkpt>
			<trkpt lat="67.882142" lon="18.321553">
				<ele>750.000000</ele>
			</trkpt>
			<trkpt lat="67.882007" lon="18.321535">
				<ele>750.000000</ele>
			</trkpt>
			<trkpt lat="67.881513" lon="18.321491">
				<ele>750.000000</ele>
			</trkpt>
			<trkpt lat="67.880995" lon="18.321346">
				<ele>750.000000</ele>
			</trkpt>
			<trkpt lat="67.880339" lon="18.320960">
				<ele>751.000000</ele>
			</trkpt>
			<trkpt lat="67.879757" lon="18.320925">
				<ele>757.000000</ele>
			</trkpt>
			<trkpt lat="67.879097" lon="18.320484">
				<ele>760.000000</ele>
			</trkpt>
			<trkpt lat="67.878560" lon="18.320107">
				<ele>760.000000</ele>
			</trkpt>
			<trkpt lat="67.878326" lon="18.320125">
				<ele>760.000000</ele>
			</trkpt>
			<trkpt lat="67.878225" lon="18.320188">
				<ele>760.000000</ele>
			</trkpt>
			<trkpt lat="67.877839" lon="18.320700">
				<ele>760.000000</ele>
			</trkpt>
			<trkpt lat="67.877646" lon="18.320790">
				<ele>760.000000</ele>
			</trkpt>
			<trkpt lat="67.877423" lon="18.320746">
				<ele>760.000000</ele>
			</trkpt>
			<trkpt lat="67.877072" lon="18.320583">
				<ele>760.000000</ele>
			</trkpt>
			<trkpt lat="67.876828" lon="18.320593">
				<ele>760.000000</ele>
			</trkpt>
			<trkpt lat="67.876344" lon="18.320700">
				<ele>761.000000</ele>
			</trkpt>
			<trkpt lat="67.875867" lon="18.320916">
				<ele>762.000000</ele>
			</trkpt>
			<trkpt lat="67.875542" lon="18.320843">
				<ele>763.000000</ele>
			</trkpt>
			<trkpt lat="67.875420" lon="18.320646">
				<ele>764.000000</ele>
			</trkpt>
			<trkpt lat="67.875312" lon="18.320862">
				<ele>764.000000</ele>
			</trkpt>
			<trkpt lat="67.875305" lon="18.320862">
				<ele>764.000000</ele>
			</trkpt>
			<trkpt lat="67.874994" lon="18.321077">
				<ele>765.000000</ele>
			</trkpt>
			<trkpt lat="67.874913" lon="18.321149">
				<ele>765.000000</ele>
			</trkpt>
			<trkpt lat="67.874784" lon="18.321033">
				<ele>766.000000</ele>
			</trkpt>
			<trkpt lat="67.874636" lon="18.321266">
				<ele>766.000000</ele>
			</trkpt>
			<trkpt lat="67.874517" lon="18.321185">
				<ele>767.000000</ele>
			</trkpt>
			<trkpt lat="67.874419" lon="18.321113">
				<ele>767.000000</ele>
			</trkpt>
			<trkpt lat="67.873898" lon="18.320853">
				<ele>769.000000</ele>
			</trkpt>
			<trkpt lat="67.873587" lon="18.320835">
				<ele>770.000000</ele>
			</trkpt>
			<trkpt lat="67.873407" lon="18.320862">
				<ele>770.000000</ele>
			</trkpt>
			<trkpt lat="67.873357" lon="18.320889">
				<ele>771.000000</ele>
			</trkpt>
			<trkpt lat="67.872879" lon="18.321159">
				<ele>776.000000</ele>
			</trkpt>
			<trkpt lat="67.872775" lon="18.321222">
				<ele>777.000000</ele>
			</trkpt>
			<trkpt lat="67.871945" lon="18.321939">
				<ele>780.000000</ele>
			</trkpt>
			<trkpt lat="67.871445" lon="18.320817">
				<ele>780.000000</ele>
			</trkpt>
			<trkpt lat="67.871100" lon="18.319685">
				<ele>780.000000</ele>
			</trkpt>
			<trkpt lat="67.870958" lon="18.319667">
				<ele>780.000000</ele>
			</trkpt>
			<trkpt lat="67.870849" lon="18.319379">
				<ele>780.000000</ele>
			</trkpt>
			<trkpt lat="67.870599" lon="18.318931">
				<ele>780.000000</ele>
			</trkpt>
			<trkpt lat="67.870409" lon="18.318463">
				<ele>780.000000</ele>
			</trkpt>
			<trkpt lat="67.869946" lon="18.317214">
				<ele>778.000000</ele>
			</trkpt>
			<trkpt lat="67.869513" lon="18.315732">
				<ele>775.000000</ele>
			</trkpt>
			<trkpt lat="67.869150" lon="18.314574">
				<ele>772.000000</ele>
			</trkpt>
			<trkpt lat="67.868792" lon="18.313154">
				<ele>769.000000</ele>
			</trkpt>
			<trkpt lat="67.868694" lon="18.312669">
				<ele>768.000000</ele>
			</trkpt>
			<trkpt lat="67.868456" lon="18.311474">
				<ele>766.000000</ele>
			</trkpt>
			<trkpt lat="67.868250" lon="18.310756">
				<ele>765.000000</ele>
			</trkpt>
			<trkpt lat="67.868149" lon="18.310522">
				<ele>764.000000</ele>
			</trkpt>
			<trkpt lat="67.868006" lon="18.310280">
				<ele>764.000000</ele>
			</trkpt>
			<trkpt lat="67.867628" lon="18.309803">
				<ele>762.000000</ele>
			</trkpt>
			<trkpt lat="67.867248" lon="18.309759">
				<ele>761.000000</ele>
			</trkpt>
			<trkpt lat="67.866707" lon="18.308995">
				<ele>756.000000</ele>
			</trkpt>
			<trkpt lat="67.866277" lon="18.308402">
				<ele>752.000000</ele>
			</trkpt>
			<trkpt lat="67.866020" lon="18.308195">
				<ele>750.000000</ele>
			</trkpt>
			<trkpt lat="67.865753" lon="18.308393">
				<ele>748.000000</ele>
			</trkpt>
			<trkpt lat="67.865075" lon="18.308618">
				<ele>744.000000</ele>
			</trkpt>
			<trkpt lat="67.864906" lon="18.308609">
				<ele>743.000000</ele>
			</trkpt>
			<trkpt lat="67.864253" lon="18.308474">
				<ele>738.000000</ele>
			</trkpt>
			<trkpt lat="67.863908" lon="18.308339">
				<ele>733.000000</ele>
			</trkpt>
			<trkpt lat="67.863667" lon="18.308159">
				<ele>730.000000</ele>
			</trkpt>
			<trkpt lat="67.863474" lon="18.307853">
				<ele>728.000000</ele>
			</trkpt>
			<trkpt lat="67.863366" lon="18.307908">
				<ele>727.000000</ele>
			</trkpt>
			<trkpt lat="67.863041" lon="18.308043">
				<ele>725.000000</ele>
			</trkpt>
			<trkpt lat="67.862875" lon="18.308151">
				<ele>724.000000</ele>
			</trkpt>
			<trkpt lat="67.862056" lon="18.309184">
				<ele>720.000000</ele>
			</trkpt>
			<trkpt lat="67.861589" lon="18.309938">
				<ele>720.000000</ele>
			</trkpt>
			<trkpt lat="67.861477" lon="18.310082">
				<ele>720.000000</ele>
			</trkpt>
			<trkpt lat="67.860563" lon="18.311061">
				<ele>720.000000</ele>
			</trkpt>
			<trkpt lat="67.859930" lon="18.311501">
				<ele>720.000000</ele>
			</trkpt>
			<trkpt lat="67.859615" lon="18.311788">
				<ele>720.000000</ele>
			</trkpt>
			<trkpt lat="67.859159" lon="18.312058">
				<ele>720.000000</ele>
			</trkpt>
			<trkpt lat="67.858640" lon="18.312436">
				<ele>720.000000</ele>
			</trkpt>
			<trkpt lat="67.857557" lon="18.313092">
				<ele>720.000000</ele>
			</trkpt>
			<trkpt lat="67.856683" lon="18.314035">
				<ele>720.000000</ele>
			</trkpt>
			<trkpt lat="67.856466" lon="18.314188">
				<ele>720.000000</ele>
			</trkpt>
			<trkpt lat="67.855694" lon="18.314627">
				<ele>720.000000</ele>
			</trkpt>
			<trkpt lat="67.855491" lon="18.314717">
				<ele>720.000000</ele>
			</trkpt>
			<trkpt lat="67.855095" lon="18.314654">
				<ele>720.000000</ele>
			</trkpt>
			<trkpt lat="67.855000" lon="18.314627">
				<ele>720.000000</ele>
			</trkpt>
			<trkpt lat="67.854685" lon="18.314591">
				<ele>720.000000</ele>
			</trkpt>
			<trkpt lat="67.854475" lon="18.314762">
				<ele>720.000000</ele>
			</trkpt>
			<trkpt lat="67.853825" lon="18.315113">
				<ele>720.000000</ele>
			</trkpt>
			<trkpt lat="67.853449" lon="18.315230">
				<ele>720.000000</ele>
			</trkpt>
			<trkpt lat="67.853101" lon="18.315220">
				<ele>720.000000</ele>
			</trkpt>
			<trkpt lat="67.852969" lon="18.315266">
				<ele>720.000000</ele>
			</trkpt>
			<trkpt lat="67.852592" lon="18.315633">
				<ele>720.000000</ele>
			</trkpt>
			<trkpt lat="67.852470" lon="18.315715">
				<ele>720.000000</ele>
			</trkpt>
			<trkpt lat="67.851760" lon="18.315930">
				<ele>720.000000</ele>
			</trkpt>
			<trkpt lat="67.851600" lon="18.315939">
				<ele>720.000000</ele>
			</trkpt>
			<trkpt lat="67.851394" lon="18.315840">
				<ele>720.000000</ele>
			</trkpt>
			<trkpt lat="67.851322" lon="18.315715">
				<ele>720.000000</ele>
			</trkpt>
			<trkpt lat="67.851218" lon="18.315769">
				<ele>720.000000</ele>
			</trkpt>
			<trkpt lat="67.851106" lon="18.316038">
				<ele>720.000000</ele>
			</trkpt>
			<trkpt lat="67.851041" lon="18.316325">
				<ele>720.000000</ele>
			</trkpt>
			<trkpt lat="67.851007" lon="18.316451">
				<ele>720.000000</ele>
			</trkpt>
			<trkpt lat="67.851015" lon="18.316667">
				<ele>720.000000</ele>
			</trkpt>
			<trkpt lat="67.850947" lon="18.316631">
				<ele>720.000000</ele>
			</trkpt>
			<trkpt lat="67.850872" lon="18.316595">
				<ele>720.000000</ele>
			</trkpt>
			<trkpt lat="67.849863" lon="18.316325">
				<ele>720.000000</ele>
			</trkpt>
			<trkpt lat="67.849128" lon="18.316964">
				<ele>720.000000</ele>
			</trkpt>
			<trkpt lat="67.848328" lon="18.317619">
				<ele>720.000000</ele>
			</trkpt>
			<trkpt lat="67.846713" lon="18.318751">
				<ele>720.000000</ele>
			</trkpt>
			<trkpt lat="67.844863" lon="18.319164">
				<ele>720.000000</ele>
			</trkpt>
			<trkpt lat="67.844006" lon="18.319990">
				<ele>720.000000</ele>
			</trkpt>
			<trkpt lat="67.843494" lon="18.320134">
				<ele>720.000000</ele>
			</trkpt>
			<trkpt lat="67.843064" lon="18.320530">
				<ele>720.000000</ele>
			</trkpt>
			<trkpt lat="67.842281" lon="18.320180">
				<ele>720.000000</ele>
			</trkpt>
			<trkpt lat="67.841543" lon="18.320350">
				<ele>720.000000</ele>
			</trkpt>
			<trkpt lat="67.841133" lon="18.319910">
				<ele>720.000000</ele>
			</trkpt>
			<trkpt lat="67.840655" lon="18.319604">
				<ele>716.000000</ele>
			</trkpt>
			<trkpt lat="67.839690" lon="18.319703">
				<ele>709.000000</ele>
			</trkpt>
			<trkpt lat="67.838853" lon="18.319748">
				<ele>706.000000</ele>
			</trkpt>
			<trkpt lat="67.837968" lon="18.319937">
				<ele>703.000000</ele>
			</trkpt>
			<trkpt lat="67.836233" lon="18.319559">
				<ele>698.000000</ele>
			</trkpt>
			<trkpt lat="67.835908" lon="18.319524">
				<ele>697.000000</ele>
			</trkpt>
			<trkpt lat="67.835555" lon="18.319765">
				<ele>695.000000</ele>
			</trkpt>
			<trkpt lat="67.834773" lon="18.319703">
				<ele>693.000000</ele>
			</trkpt>
			<trkpt lat="67.833925" lon="18.319434">
				<ele>690.000000</ele>
			</trkpt>
			<trkpt lat="67.833325" lon="18.318822">
				<ele>690.000000</ele>
			</trkpt>
			<trkpt lat="67.832420" lon="18.318589">
				<ele>690.000000</ele>
			</trkpt>
			<trkpt lat="67.831637" lon="18.319281">
				<ele>690.000000</ele>
			</trkpt>
			<trkpt lat="67.830010" lon="18.319172">
				<ele>693.000000</ele>
			</trkpt>
			<trkpt lat="67.828841" lon="18.318715">
				<ele>695.000000</ele>
			</trkpt>
			<trkpt lat="67.827627" lon="18.317834">
				<ele>697.000000</ele>
			</trkpt>
			<trkpt lat="67.826362" lon="18.316379">
				<ele>700.000000</ele>
			</trkpt>
			<trkpt lat="67.825111" lon="18.315769">
				<ele>707.000000</ele>
			</trkpt>
			<trkpt lat="67.824284" lon="18.315077">
				<ele>712.000000</ele>
			</trkpt>
			<trkpt lat="67.823494" lon="18.313792">
				<ele>718.000000</ele>
			</trkpt>
			<trkpt lat="67.822562" lon="18.312427">
				<ele>720.000000</ele>
			</trkpt>
			<trkpt lat="67.822443" lon="18.312184">
				<ele>720.000000</ele>
			</trkpt>
			<trkpt lat="67.822259" lon="18.311987">
				<ele>720.000000</ele>
			</trkpt>
			<trkpt lat="67.821860" lon="18.311601">
				<ele>720.000000</ele>
			</trkpt>
			<trkpt lat="67.821215" lon="18.310280">
				<ele>719.000000</ele>
			</trkpt>
			<trkpt lat="67.820446" lon="18.308842">
				<ele>713.000000</ele>
			</trkpt>
			<trkpt lat="67.819842" lon="18.307953">
				<ele>710.000000</ele>
			</trkpt>
			<trkpt lat="67.818614" lon="18.306614">
				<ele>708.000000</ele>
			</trkpt>
			<trkpt lat="67.817189" lon="18.305106">
				<ele>706.000000</ele>
			</trkpt>
			<trkpt lat="67.816837" lon="18.304360">
				<ele>706.000000</ele>
			</trkpt>
			<trkpt lat="67.816403" lon="18.303937">
				<ele>705.000000</ele>
			</trkpt>
			<trkpt lat="67.814954" lon="18.301916">
				<ele>703.000000</ele>
			</trkpt>
			<trkpt lat="67.813458" lon="18.300695">
				<ele>701.000000</ele>
			</trkpt>
			<trkpt lat="67.812094" lon="18.299913">
				<ele>700.000000</ele>
			</trkpt>
			<trkpt lat="67.810761" lon="18.298827">
				<ele>700.000000</ele>
			</trkpt>
			<trkpt lat="67.810252" lon="18.298611">
				<ele>700.000000</ele>
			</trkpt>
			<trkpt lat="67.809611" lon="18.297848">
				<ele>700.000000</ele>
			</trkpt>
			<trkpt lat="67.809190" lon="18.297676">
				<ele>700.000000</ele>
			</trkpt>
			<trkpt lat="67.808705" lon="18.297622">
				<ele>700.000000</ele>
			</trkpt>
			<trkpt lat="67.808248" lon="18.297865">
				<ele>700.000000</ele>
			</trkpt>
			<trkpt lat="67.807938" lon="18.298413">
				<ele>700.000000</ele>
			</trkpt>
			<trkpt lat="67.807121" lon="18.297882">
				<ele>699.000000</ele>
			</trkpt>
			<trkpt lat="67.806612" lon="18.297379">
				<ele>698.000000</ele>
			</trkpt>
			<trkpt lat="67.804443" lon="18.297586">
				<ele>694.000000</ele>
			</trkpt>
			<trkpt lat="67.802248" lon="18.297848">
				<ele>690.000000</ele>
			</trkpt>
			<trkpt lat="67.800110" lon="18.297182">
				<ele>681.000000</ele>
			</trkpt>
			<trkpt lat="67.798032" lon="18.297972">
				<ele>676.000000</ele>
			</trkpt>
			<trkpt lat="67.797102" lon="18.298718">
				<ele>675.000000</ele>
			</trkpt>
			<trkpt lat="67.796016" lon="18.298448">
				<ele>673.000000</ele>
			</trkpt>
			<trkpt lat="67.793847" lon="18.297515">
				<ele>669.000000</ele>
			</trkpt>
			<trkpt lat="67.791409" lon="18.298206">
				<ele>667.000000</ele>
			</trkpt>
			<trkpt lat="67.790682" lon="18.297685">
				<ele>666.000000</ele>
			</trkpt>
			<trkpt lat="67.789992" lon="18.297236">
				<ele>665.000000</ele>
			</trkpt>
			<trkpt lat="67.788498" lon="18.296527">
				<ele>664.000000</ele>
			</trkpt>
			<trkpt lat="67.786556" lon="18.297047">
				<ele>662.000000</ele>
			</trkpt>
			<trkpt lat="67.785008" lon="18.296742">
				<ele>660.000000</ele>
			</trkpt>
			<trkpt lat="67.784026" lon="18.297083">
				<ele>660.000000</ele>
			</trkpt>
			<trkpt lat="67.782983" lon="18.297192">
				<ele>660.000000</ele>
			</trkpt>
			<trkpt lat="67.781889" lon="18.297173">
				<ele>660.000000</ele>
			</trkpt>
			<trkpt lat="67.781352" lon="18.297066">
				<ele>660.000000</ele>
			</trkpt>
			<trkpt lat="67.781210" lon="18.296913">
				<ele>660.000000</ele>
			</trkpt>
			<trkpt lat="67.781043" lon="18.297003">
				<ele>660.000000</ele>
			</trkpt>
			<trkpt lat="67.780541" lon="18.297209">
				<ele>661.000000</ele>
			</trkpt>
			<trkpt lat="67.779726" lon="18.297972">
				<ele>666.000000</ele>
			</trkpt>
			<trkpt lat="67.779355" lon="18.297819">
				<ele>668.000000</ele>
			</trkpt>
			<trkpt lat="67.778832" lon="18.297316">
				<ele>673.000000</ele>
			</trkpt>
			<trkpt lat="67.778547" lon="18.297066">
				<ele>677.000000</ele>
			</trkpt>
			<trkpt lat="67.778057" lon="18.296886">
				<ele>683.000000</ele>
			</trkpt>
			<trkpt lat="67.777317" lon="18.295188">
				<ele>690.000000</ele>
			</trkpt>
			<trkpt lat="67.776729" lon="18.293858">
				<ele>690.000000</ele>
			</trkpt>
			<trkpt lat="67.775784" lon="18.291829">
				<ele>686.000000</ele>
			</trkpt>
			<trkpt lat="67.775486" lon="18.290921">
				<ele>683.000000</ele>
			</trkpt>
			<trkpt lat="67.775223" lon="18.290400">
				<ele>681.000000</ele>
			</trkpt>
			<trkpt lat="67.774996" lon="18.289879">
				<ele>679.000000</ele>
			</trkpt>
			<trkpt lat="67.774568" lon="18.289205">
				<ele>675.000000</ele>
			</trkpt>
			<trkpt lat="67.774340" lon="18.288936">
				<ele>673.000000</ele>
			</trkpt>
			<trkpt lat="67.774198" lon="18.288819">
				<ele>672.000000</ele>
			</trkpt>
			<trkpt lat="67.774099" lon="18.288630">
				<ele>671.000000</ele>
			</trkpt>
			<trkpt lat="67.773878" lon="18.288091">
				<ele>666.000000</ele>
			</trkpt>
			<trkpt lat="67.773609" lon="18.287651">
				<ele>661.000000</ele>
			</trkpt>
			<trkpt lat="67.773416" lon="18.287301">
				<ele>660.000000</ele>
			</trkpt>
			<trkpt lat="67.773198" lon="18.286806">
				<ele>660.000000</ele>
			</trkpt>
			<trkpt lat="67.773015" lon="18.286447">
				<ele>660.000000</ele>
			</trkpt>
			<trkpt lat="67.772815" lon="18.286330">
				<ele>660.000000</ele>
			</trkpt>
			<trkpt lat="67.772434" lon="18.286546">
				<ele>660.000000</ele>
			</trkpt>
			<trkpt lat="67.771918" lon="18.286986">
				<ele>660.000000</ele>
			</trkpt>
			<trkpt lat="67.771706" lon="18.286995">
				<ele>660.000000</ele>
			</trkpt>
			<trkpt lat="67.771228" lon="18.286061">
				<ele>660.000000</ele>
			</trkpt>
			<trkpt lat="67.770718" lon="18.285342">
				<ele>660.000000</ele>
			</trkpt>
			<trkpt lat="67.770147" lon="18.284651">
				<ele>660.000000</ele>
			</trkpt>
			<trkpt lat="67.769290" lon="18.284031">
				<ele>660.000000</ele>
			</trkpt>
			<trkpt lat="67.769151" lon="18.283942">
				<ele>660.000000</ele>
			</trkpt>
			<trkpt lat="67.768692" lon="18.284148">
				<ele>660.000000</ele>
			</trkpt>
			<trkpt lat="67.768081" lon="18.284408">
				<ele>660.000000</ele>
			</trkpt>
			<trkpt lat="67.767662" lon="18.284561">
				<ele>660.000000</ele>
			</trkpt>
			<trkpt lat="67.767452" lon="18.285091">
				<ele>659.000000</ele>
			</trkpt>
			<trkpt lat="67.767248" lon="18.285045">
				<ele>659.000000</ele>
			</trkpt>
			<trkpt lat="67.767092" lon="18.285118">
				<ele>658.000000</ele>
			</trkpt>
			<trkpt lat="67.766847" lon="18.285487">
				<ele>657.000000</ele>
			</trkpt>
			<trkpt lat="67.766205" lon="18.285881">
				<ele>656.000000</ele>
			</trkpt>
			<trkpt lat="67.765467" lon="18.287175">
				<ele>653.000000</ele>
			</trkpt>
			<trkpt lat="67.764725" lon="18.288110">
				<ele>651.000000</ele>
			</trkpt>
			<trkpt lat="67.764083" lon="18.289142">
				<ele>649.000000</ele>
			</trkpt>
			<trkpt lat="67.763866" lon="18.289600">
				<ele>648.000000</ele>
			</trkpt>
			<trkpt lat="67.763600" lon="18.289816">
				<ele>648.000000</ele>
			</trkpt>
			<trkpt lat="67.763298" lon="18.289429">
				<ele>647.000000</ele>
			</trkpt>
			<trkpt lat="67.763046" lon="18.289331">
				<ele>646.000000</ele>
			</trkpt>
			<trkpt lat="67.762577" lon="18.288810">
				<ele>645.000000</ele>
			</trkpt>
			<trkpt lat="67.762122" lon="18.288351">
				<ele>644.000000</ele>
			</trkpt>
			<trkpt lat="67.761680" lon="18.288028">
				<ele>643.000000</ele>
			</trkpt>
			<trkpt lat="67.761122" lon="18.287848">
				<ele>642.000000</ele>
			</trkpt>
			<trkpt lat="67.760826" lon="18.288074">
				<ele>641.000000</ele>
			</trkpt>
			<trkpt lat="67.760350" lon="18.288145">
				<ele>640.000000</ele>
			</trkpt>
			<trkpt lat="67.759616" lon="18.287903">
				<ele>636.000000</ele>
			</trkpt>
			<trkpt lat="67.759402" lon="18.288110">
				<ele>635.000000</ele>
			</trkpt>
			<trkpt lat="67.759062" lon="18.288253">
				<ele>633.000000</ele>
			</trkpt>
			<trkpt lat="67.758847" lon="18.288648">
				<ele>631.000000</ele>
			</trkpt>
			<trkpt lat="67.758344" lon="18.289322">
				<ele>629.000000</ele>
			</trkpt>
			<trkpt lat="67.757246" lon="18.290112">
				<ele>624.000000</ele>
			</trkpt>
			<trkpt lat="67.756909" lon="18.290247">
				<ele>623.000000</ele>
			</trkpt>
			<trkpt lat="67.756617" lon="18.290534">
				<ele>622.000000</ele>
			</trkpt>
			<trkpt lat="67.756338" lon="18.290760">
				<ele>621.000000</ele>
			</trkpt>
			<trkpt lat="67.756120" lon="18.291353">
				<ele>620.000000</ele>
			</trkpt>
			<trkpt lat="67.755440" lon="18.291684">
				<ele>620.000000</ele>
			</trkpt>
			<trkpt lat="67.755107" lon="18.291640">
				<ele>621.000000</ele>
			</trkpt>
			<trkpt lat="67.754651" lon="18.291953">
				<ele>626.000000</ele>
			</trkpt>
			<trkpt lat="67.754444" lon="18.291882">
				<ele>628.000000</ele>
			</trkpt>
			<trkpt lat="67.754186" lon="18.292016">
				<ele>630.000000</ele>
			</trkpt>
			<trkpt lat="67.753886" lon="18.292412">
				<ele>630.000000</ele>
			</trkpt>
			<trkpt lat="67.753532" lon="18.292844">
				<ele>630.000000</ele>
			</trkpt>
			<trkpt lat="67.752975" lon="18.293301">
				<ele>630.000000</ele>
			</trkpt>
			<trkpt lat="67.752590" lon="18.293391">
				<ele>630.000000</ele>
			</trkpt>
			<trkpt lat="67.752420" lon="18.293813">
				<ele>630.000000</ele>
			</trkpt>
			<trkpt lat="67.751937" lon="18.294316">
				<ele>630.000000</ele>
			</trkpt>
			<trkpt lat="67.751481" lon="18.294532">
				<ele>630.000000</ele>
			</trkpt>
			<trkpt lat="67.751090" lon="18.294972">
				<ele>627.000000</ele>
			</trkpt>
			<trkpt lat="67.750767" lon="18.295349">
				<ele>624.000000</ele>
			</trkpt>
			<trkpt lat="67.750468" lon="18.295232">
				<ele>622.000000</ele>
			</trkpt>
			<trkpt lat="67.750158" lon="18.295521">
				<ele>620.000000</ele>
			</trkpt>
			<trkpt lat="67.749699" lon="18.295584">
				<ele>618.000000</ele>
			</trkpt>
			<trkpt lat="67.749372" lon="18.296230">
				<ele>617.000000</ele>
			</trkpt>
			<trkpt lat="67.749162" lon="18.296095">
				<ele>616.000000</ele>
			</trkpt>
			<trkpt lat="67.748719" lon="18.295844">
				<ele>614.000000</ele>
			</trkpt>
			<trkpt lat="67.748196" lon="18.295951">
				<ele>612.000000</ele>
			</trkpt>
			<trkpt lat="67.747903" lon="18.296068">
				<ele>611.000000</ele>
			</trkpt>
			<trkpt lat="67.747695" lon="18.296257">
				<ele>611.000000</ele>
			</trkpt>
			<trkpt lat="67.747260" lon="18.296814">
				<ele>605.000000</ele>
			</trkpt>
			<trkpt lat="67.747185" lon="18.296814">
				<ele>605.000000</ele>
			</trkpt>
			<trkpt lat="67.747005" lon="18.296463">
				<ele>605.000000</ele>
			</trkpt>
			<trkpt lat="67.746689" lon="18.296284">
				<ele>604.000000</ele>
			</trkpt>
			<trkpt lat="67.746522" lon="18.295682">
				<ele>603.000000</ele>
			</trkpt>
			<trkpt lat="67.746195" lon="18.295708">
				<ele>602.000000</ele>
			</trkpt>
			<trkpt lat="67.745716" lon="18.294693">
				<ele>600.000000</ele>
			</trkpt>
			<trkpt lat="67.745232" lon="18.293858">
				<ele>599.000000</ele>
			</trkpt>
			<trkpt lat="67.744552" lon="18.293104">
				<ele>597.000000</ele>
			</trkpt>
			<trkpt lat="67.744249" lon="18.292403">
				<ele>596.000000</ele>
			</trkpt>
			<trkpt lat="67.744008" lon="18.291603">
				<ele>595.000000</ele>
			</trkpt>
			<trkpt lat="67.743521" lon="18.290238">
				<ele>593.000000</ele>
			</trkpt>
			<trkpt lat="67.743283" lon="18.288576">
				<ele>591.000000</ele>
			</trkpt>
			<trkpt lat="67.743096" lon="18.288091">
				<ele>591.000000</ele>
			</trkpt>
			<trkpt lat="67.742484" lon="18.286833">
				<ele>590.000000</ele>
			</trkpt>
			<trkpt lat="67.742120" lon="18.285783">
				<ele>590.000000</ele>
			</trkpt>
			<trkpt lat="67.741837" lon="18.285424">
				<ele>591.000000</ele>
			</trkpt>
			<trkpt lat="67.741619" lon="18.284453">
				<ele>591.000000</ele>
			</trkpt>
			<trkpt lat="67.741187" lon="18.284255">
				<ele>592.000000</ele>
			</trkpt>
			<trkpt lat="67.740527" lon="18.282135">
				<ele>594.000000</ele>
			</trkpt>
			<trkpt lat="67.740101" lon="18.279621">
				<ele>595.000000</ele>
			</trkpt>
			<trkpt lat="67.739846" lon="18.278650">
				<ele>596.000000</ele>
			</trkpt>
			<trkpt lat="67.739581" lon="18.278183">
				<ele>597.000000</ele>
			</trkpt>
			<trkpt lat="67.739295" lon="18.276791">
				<ele>598.000000</ele>
			</trkpt>
			<trkpt lat="67.738703" lon="18.274617">
				<ele>599.000000</ele>
			</trkpt>
			<trkpt lat="67.738458" lon="18.273403">
				<ele>601.000000</ele>
			</trkpt>
			<trkpt lat="67.738254" lon="18.273162">
				<ele>601.000000</ele>
			</trkpt>
			<trkpt lat="67.738151" lon="18.272747">
				<ele>602.000000</ele>
			</trkpt>
			<trkpt lat="67.737903" lon="18.273152">
				<ele>603.000000</ele>
			</trkpt>
			<trkpt lat="67.737502" lon="18.272487">
				<ele>605.000000</ele>
			</trkpt>
			<trkpt lat="67.737311" lon="18.272353">
				<ele>606.000000</ele>
			</trkpt>
			<trkpt lat="67.737154" lon="18.271931">
				<ele>606.000000</ele>
			</trkpt>
			<trkpt lat="67.737001" lon="18.271481">
				<ele>607.000000</ele>
			</trkpt>
			<trkpt lat="67.736862" lon="18.270619">
				<ele>608.000000</ele>
			</trkpt>
			<trkpt lat="67.736654" lon="18.270394">
				<ele>609.000000</ele>
			</trkpt>
			<trkpt lat="67.736488" lon="18.269793">
				<ele>610.000000</ele>
			</trkpt>
			<trkpt lat="67.736467" lon="18.269254">
				<ele>611.000000</ele>
			</trkpt>
			<trkpt lat="67.736433" lon="18.268615">
				<ele>612.000000</ele>
			</trkpt>
			<trkpt lat="67.736396" lon="18.267915">
				<ele>613.000000</ele>
			</trkpt>
			<trkpt lat="67.736283" lon="18.267709">
				<ele>614.000000</ele>
			</trkpt>
			<trkpt lat="67.736280" lon="18.267044">
				<ele>615.000000</ele>
			</trkpt>
			<trkpt lat="67.736252" lon="18.266873">
				<ele>615.000000</ele>
			</trkpt>
			<trkpt lat="67.736239" lon="18.266810">
				<ele>615.000000</ele>
			</trkpt>
			<trkpt lat="67.736048" lon="18.266235">
				<ele>616.000000</ele>
			</trkpt>
			<trkpt lat="67.735824" lon="18.265786">
				<ele>617.000000</ele>
			</trkpt>
			<trkpt lat="67.735698" lon="18.265023">
				<ele>619.000000</ele>
			</trkpt>
			<trkpt lat="67.735517" lon="18.264331">
				<ele>620.000000</ele>
			</trkpt>
			<trkpt lat="67.735068" lon="18.262795">
				<ele>620.000000</ele>
			</trkpt>
			<trkpt lat="67.734864" lon="18.261348">
				<ele>620.000000</ele>
			</trkpt>
			<trkpt lat="67.734704" lon="18.260216">
				<ele>620.000000</ele>
			</trkpt>
			<trkpt lat="67.734452" lon="18.259497">
				<ele>620.000000</ele>
			</trkpt>
			<trkpt lat="67.734017" lon="18.255752">
				<ele>623.000000</ele>
			</trkpt>
			<trkpt lat="67.733952" lon="18.254845">
				<ele>624.000000</ele>
			</trkpt>
			<trkpt lat="67.733734" lon="18.254476">
				<ele>624.000000</ele>
			</trkpt>
			<trkpt lat="67.733386" lon="18.254809">
				<ele>625.000000</ele>
			</trkpt>
			<trkpt lat="67.733009" lon="18.255365">
				<ele>626.000000</ele>
			</trkpt>
			<trkpt lat="67.732832" lon="18.255411">
				<ele>627.000000</ele>
			</trkpt>
			<trkpt lat="67.732676" lon="18.255356">
				<ele>627.000000</ele>
			</trkpt>
			<trkpt lat="67.732580" lon="18.254270">
				<ele>628.000000</ele>
			</trkpt>
			<trkpt lat="67.732699" lon="18.253390">
				<ele>629.000000</ele>
			</trkpt>
			<trkpt lat="67.732750" lon="18.251494">
				<ele>631.000000</ele>
			</trkpt>
			<trkpt lat="67.732692" lon="18.250551">
				<ele>633.000000</ele>
			</trkpt>
			<trkpt lat="67.732529" lon="18.249912">
				<ele>634.000000</ele>
			</trkpt>
			<trkpt lat="67.732560" lon="18.249023">
				<ele>635.000000</ele>
			</trkpt>
			<trkpt lat="67.732403" lon="18.248394">
				<ele>636.000000</ele>
			</trkpt>
			<trkpt lat="67.732090" lon="18.247245">
				<ele>638.000000</ele>
			</trkpt>
			<trkpt lat="67.731681" lon="18.246985">
				<ele>639.000000</ele>
			</trkpt>
			<trkpt lat="67.731606" lon="18.246454">
				<ele>641.000000</ele>
			</trkpt>
			<trkpt lat="67.731239" lon="18.245404">
				<ele>649.000000</ele>
			</trkpt>
			<trkpt lat="67.731116" lon="18.244685">
				<ele>650.000000</ele>
			</trkpt>
			<trkpt lat="67.730847" lon="18.244425">
				<ele>651.000000</ele>
			</trkpt>
			<trkpt lat="67.730697" lon="18.243742">
				<ele>652.000000</ele>
			</trkpt>
			<trkpt lat="67.730374" lon="18.242834">
				<ele>652.000000</ele>
			</trkpt>
			<trkpt lat="67.730064" lon="18.242645">
				<ele>653.000000</ele>
			</trkpt>
			<trkpt lat="67.729009" lon="18.240364">
				<ele>656.000000</ele>
			</trkpt>
			<trkpt lat="67.728601" lon="18.238765">
				<ele>657.000000</ele>
			</trkpt>
			<trkpt lat="67.727675" lon="18.236123">
				<ele>660.000000</ele>
			</trkpt>
			<trkpt lat="67.727221" lon="18.235423">
				<ele>662.000000</ele>
			</trkpt>
			<trkpt lat="67.726823" lon="18.234740">
				<ele>665.000000</ele>
			</trkpt>
			<trkpt lat="67.726557" lon="18.233177">
				<ele>669.000000</ele>
			</trkpt>
			<trkpt lat="67.726159" lon="18.232934">
				<ele>672.000000</ele>
			</trkpt>
			<trkpt lat="67.725764" lon="18.231982">
				<ele>675.000000</ele>
			</trkpt>
			<trkpt lat="67.725458" lon="18.230473">
				<ele>679.000000</ele>
			</trkpt>
			<trkpt lat="67.724640" lon="18.229422">
				<ele>687.000000</ele>
			</trkpt>
			<trkpt lat="67.724586" lon="18.228848">
				<ele>690.000000</ele>
			</trkpt>
			<trkpt lat="67.724453" lon="18.228659">
				<ele>691.000000</ele>
			</trkpt>
			<trkpt lat="67.724402" lon="18.228083">
				<ele>693.000000</ele>
			</trkpt>
			<trkpt lat="67.724222" lon="18.227959">
				<ele>695.000000</ele>
			</trkpt>
			<trkpt lat="67.723077" lon="18.225137">
				<ele>708.000000</ele>
			</trkpt>
			<trkpt lat="67.722124" lon="18.223601">
				<ele>720.000000</ele>
			</trkpt>
			<trkpt lat="67.721113" lon="18.221580">
				<ele>739.000000</ele>
			</trkpt>
			<trkpt lat="67.720087" lon="18.219793">
				<ele>751.000000</ele>
			</trkpt>
			<trkpt lat="67.718963" lon="18.218265">
				<ele>761.000000</ele>
			</trkpt>
			<trkpt lat="67.717724" lon="18.216774">
				<ele>765.000000</ele>
			</trkpt>
			<trkpt lat="67.717152" lon="18.215741">
				<ele>767.000000</ele>
			</trkpt>
			<trkpt lat="67.716378" lon="18.213810">
				<ele>770.000000</ele>
			</trkpt>
			<trkpt lat="67.715799" lon="18.211977">
				<ele>774.000000</ele>
			</trkpt>
			<trkpt lat="67.715254" lon="18.210521">
				<ele>778.000000</ele>
			</trkpt>
			<trkpt lat="67.714583" lon="18.208787">
				<ele>780.000000</ele>
			</trkpt>
			<trkpt lat="67.713421" lon="18.205384">
				<ele>780.000000</ele>
			</trkpt>
			<trkpt lat="67.712426" lon="18.202769">
				<ele>780.000000</ele>
			</trkpt>
			<trkpt lat="67.711442" lon="18.200200">
				<ele>780.000000</ele>
			</trkpt>
			<trkpt lat="67.711074" lon="18.198763">
				<ele>780.000000</ele>
			</trkpt>
			<trkpt lat="67.710559" lon="18.197747">
				<ele>780.000000</ele>
			</trkpt>
			<trkpt lat="67.709725" lon="18.194612">
				<ele>780.000000</ele>
			</trkpt>
			<trkpt lat="67.709115" lon="18.193329">
				<ele>776.000000</ele>
			</trkpt>
			<trkpt lat="67.708631" lon="18.191755">
				<ele>773.000000</ele>
			</trkpt>
			<trkpt lat="67.708113" lon="18.190849">
				<ele>770.000000</ele>
			</trkpt>
			<trkpt lat="67.707145" lon="18.187390">
				<ele>767.000000</ele>
			</trkpt>
			<trkpt lat="67.704794" lon="18.180868">
				<ele>758.000000</ele>
			</trkpt>
			<trkpt lat="67.703778" lon="18.179934">
				<ele>752.000000</ele>
			</trkpt>
			<trkpt lat="67.703066" lon="18.178865">
				<ele>747.000000</ele>
			</trkpt>
			<trkpt lat="67.702729" lon="18.178111">
				<ele>745.000000</ele>
			</trkpt>
			<trkpt lat="67.701958" lon="18.175739">
				<ele>737.000000</ele>
			</trkpt>
			<trkpt lat="67.701569" lon="18.174131">
				<ele>730.000000</ele>
			</trkpt>
			<trkpt lat="67.701229" lon="18.172307">
				<ele>722.000000</ele>
			</trkpt>
			<trkpt lat="67.700721" lon="18.171894">
				<ele>716.000000</ele>
			</trkpt>
			<trkpt lat="67.700646" lon="18.171777">
				<ele>715.000000</ele>
			</trkpt>
			<trkpt lat="67.700295" lon="18.170232">
				<ele>707.000000</ele>
			</trkpt>
			<trkpt lat="67.700032" lon="18.170079">
				<ele>705.000000</ele>
			</trkpt>
			<trkpt lat="67.699773" lon="18.169622">
				<ele>702.000000</ele>
			</trkpt>
			<trkpt lat="67.699729" lon="18.168983">
				<ele>699.000000</ele>
			</trkpt>
			<trkpt lat="67.699593" lon="18.168615">
				<ele>698.000000</ele>
			</trkpt>
			<trkpt lat="67.699401" lon="18.168435">
				<ele>696.000000</ele>
			</trkpt>
			<trkpt lat="67.699262" lon="18.168257">
				<ele>695.000000</ele>
			</trkpt>
			<trkpt lat="67.698945" lon="18.168310">
				<ele>693.000000</ele>
			</trkpt>
			<trkpt lat="67.698583" lon="18.168112">
				<ele>690.000000</ele>
			</trkpt>
			<trkpt lat="67.698464" lon="18.167869">
				<ele>688.000000</ele>
			</trkpt>
			<trkpt lat="67.698355" lon="18.167807">
				<ele>687.000000</ele>
			</trkpt>
			<trkpt lat="67.698107" lon="18.167402">
				<ele>684.000000</ele>
			</trkpt>
			<trkpt lat="67.697834" lon="18.167439">
				<ele>682.000000</ele>
			</trkpt>
			<trkpt lat="67.697646" lon="18.166756">
				<ele>675.000000</ele>
			</trkpt>
			<trkpt lat="67.697448" lon="18.166379">
				<ele>668.000000</ele>
			</trkpt>
			<trkpt lat="67.697193" lon="18.165947">
				<ele>658.000000</ele>
			</trkpt>
			<trkpt lat="67.697012" lon="18.164842">
				<ele>644.000000</ele>
			</trkpt>
			<trkpt lat="67.696800" lon="18.163899">
				<ele>631.000000</ele>
			</trkpt>
			<trkpt lat="67.696661" lon="18.162785">
				<ele>615.000000</ele>
			</trkpt>
			<trkpt lat="67.696477" lon="18.162372">
				<ele>606.000000</ele>
			</trkpt>
			<trkpt lat="67.696340" lon="18.161770">
				<ele>596.000000</ele>
			</trkpt>
			<trkpt lat="67.696149" lon="18.161446">
				<ele>587.000000</ele>
			</trkpt>
			<trkpt lat="67.695774" lon="18.160997">
				<ele>573.000000</ele>
			</trkpt>
			<trkpt lat="67.695461" lon="18.160360">
				<ele>559.000000</ele>
			</trkpt>
			<trkpt lat="67.695379" lon="18.159479">
				<ele>547.000000</ele>
			</trkpt>
			<trkpt lat="67.695246" lon="18.158420">
				<ele>529.000000</ele>
			</trkpt>
			<trkpt lat="67.694953" lon="18.157800">
				<ele>516.000000</ele>
			</trkpt>
			<trkpt lat="67.695007" lon="18.157036">
				<ele>510.000000</ele>
			</trkpt>
			<trkpt lat="67.694854" lon="18.156120">
				<ele>507.000000</ele>
			</trkpt>
			<trkpt lat="67.694854" lon="18.156120">
				<ele>507.000000</ele>
			</trkpt>
			<trkpt lat="67.695007" lon="18.157036">
				<ele>510.000000</ele>
			</trkpt>
			<trkpt lat="67.694953" lon="18.157800">
				<ele>516.000000</ele>
			</trkpt>
			<trkpt lat="67.695246" lon="18.158420">
				<ele>529.000000</ele>
			</trkpt>
			<trkpt lat="67.695379" lon="18.159479">
				<ele>547.000000</ele>
			</trkpt>
			<trkpt lat="67.695461" lon="18.160360">
				<ele>559.000000</ele>
			</trkpt>
			<trkpt lat="67.695774" lon="18.160997">
				<ele>573.000000</ele>
			</trkpt>
			<trkpt lat="67.696149" lon="18.161446">
				<ele>587.000000</ele>
			</trkpt>
			<trkpt lat="67.696340" lon="18.161770">
				<ele>596.000000</ele>
			</trkpt>
			<trkpt lat="67.696477" lon="18.162372">
				<ele>606.000000</ele>
			</trkpt>
			<trkpt lat="67.696661" lon="18.162785">
				<ele>615.000000</ele>
			</trkpt>
			<trkpt lat="67.696800" lon="18.163899">
				<ele>631.000000</ele>
			</trkpt>
			<trkpt lat="67.697012" lon="18.164842">
				<ele>644.000000</ele>
			</trkpt>
			<trkpt lat="67.697193" lon="18.165947">
				<ele>658.000000</ele>
			</trkpt>
			<trkpt lat="67.697448" lon="18.166379">
				<ele>668.000000</ele>
			</trkpt>
			<trkpt lat="67.697646" lon="18.166756">
				<ele>675.000000</ele>
			</trkpt>
			<trkpt lat="67.697834" lon="18.167439">
				<ele>682.000000</ele>
			</trkpt>
			<trkpt lat="67.698107" lon="18.167402">
				<ele>684.000000</ele>
			</trkpt>
			<trkpt lat="67.698355" lon="18.167807">
				<ele>687.000000</ele>
			</trkpt>
			<trkpt lat="67.698464" lon="18.167869">
				<ele>688.000000</ele>
			</trkpt>
			<trkpt lat="67.698583" lon="18.168112">
				<ele>690.000000</ele>
			</trkpt>
			<trkpt lat="67.698945" lon="18.168310">
				<ele>693.000000</ele>
			</trkpt>
			<trkpt lat="67.699262" lon="18.168257">
				<ele>695.000000</ele>
			</trkpt>
			<trkpt lat="67.699401" lon="18.168435">
				<ele>696.000000</ele>
			</trkpt>
			<trkpt lat="67.699593" lon="18.168615">
				<ele>698.000000</ele>
			</trkpt>
			<trkpt lat="67.699729" lon="18.168983">
				<ele>699.000000</ele>
			</trkpt>
			<trkpt lat="67.699773" lon="18.169622">
				<ele>702.000000</ele>
			</trkpt>
			<trkpt lat="67.700032" lon="18.170079">
				<ele>705.000000</ele>
			</trkpt>
			<trkpt lat="67.700295" lon="18.170232">
				<ele>707.000000</ele>
			</trkpt>
			<trkpt lat="67.700646" lon="18.171777">
				<ele>715.000000</ele>
			</trkpt>
			<trkpt lat="67.700721" lon="18.171894">
				<ele>716.000000</ele>
			</trkpt>
			<trkpt lat="67.701229" lon="18.172307">
				<ele>722.000000</ele>
			</trkpt>
			<trkpt lat="67.701569" lon="18.174131">
				<ele>730.000000</ele>
			</trkpt>
			<trkpt lat="67.701958" lon="18.175739">
				<ele>737.000000</ele>
			</trkpt>
			<trkpt lat="67.702729" lon="18.178111">
				<ele>745.000000</ele>
			</trkpt>
			<trkpt lat="67.703066" lon="18.178865">
				<ele>747.000000</ele>
			</trkpt>
			<trkpt lat="67.703778" lon="18.179934">
				<ele>752.000000</ele>
			</trkpt>
			<trkpt lat="67.704794" lon="18.180868">
				<ele>758.000000</ele>
			</trkpt>
			<trkpt lat="67.707145" lon="18.187390">
				<ele>767.000000</ele>
			</trkpt>
			<trkpt lat="67.708113" lon="18.190849">
				<ele>770.000000</ele>
			</trkpt>
			<trkpt lat="67.708631" lon="18.191755">
				<ele>773.000000</ele>
			</trkpt>
			<trkpt lat="67.709115" lon="18.193329">
				<ele>776.000000</ele>
			</trkpt>
			<trkpt lat="67.709725" lon="18.194612">
				<ele>780.000000</ele>
			</trkpt>
			<trkpt lat="67.710559" lon="18.197747">
				<ele>780.000000</ele>
			</trkpt>
			<trkpt lat="67.711074" lon="18.198763">
				<ele>780.000000</ele>
			</trkpt>
			<trkpt lat="67.711442" lon="18.200200">
				<ele>780.000000</ele>
			</trkpt>
			<trkpt lat="67.712426" lon="18.202769">
				<ele>780.000000</ele>
			</trkpt>
			<trkpt lat="67.713421" lon="18.205384">
				<ele>780.000000</ele>
			</trkpt>
			<trkpt lat="67.714583" lon="18.208787">
				<ele>780.000000</ele>
			</trkpt>
			<trkpt lat="67.715254" lon="18.210521">
				<ele>778.000000</ele>
			</trkpt>
			<trkpt lat="67.715799" lon="18.211977">
				<ele>774.000000</ele>
			</trkpt>
			<trkpt lat="67.716378" lon="18.213810">
				<ele>770.000000</ele>
			</trkpt>
			<trkpt lat="67.717152" lon="18.215741">
				<ele>767.000000</ele>
			</trkpt>
			<trkpt lat="67.717724" lon="18.216774">
				<ele>765.000000</ele>
			</trkpt>
			<trkpt lat="67.718963" lon="18.218265">
				<ele>761.000000</ele>
			</trkpt>
			<trkpt lat="67.720087" lon="18.219793">
				<ele>751.000000</ele>
			</trkpt>
			<trkpt lat="67.721113" lon="18.221580">
				<ele>739.000000</ele>
			</trkpt>
			<trkpt lat="67.722124" lon="18.223601">
				<ele>720.000000</ele>
			</trkpt>
			<trkpt lat="67.723077" lon="18.225137">
				<ele>708.000000</ele>
			</trkpt>
			<trkpt lat="67.724222" lon="18.227959">
				<ele>695.000000</ele>
			</trkpt>
			<trkpt lat="67.724402" lon="18.228083">
				<ele>693.000000</ele>
			</trkpt>
			<trkpt lat="67.724453" lon="18.228659">
				<ele>691.000000</ele>
			</trkpt>
			<trkpt lat="67.724586" lon="18.228848">
				<ele>690.000000</ele>
			</trkpt>
			<trkpt lat="67.724640" lon="18.229422">
				<ele>687.000000</ele>
			</trkpt>
			<trkpt lat="67.725458" lon="18.230473">
				<ele>679.000000</ele>
			</trkpt>
			<trkpt lat="67.725764" lon="18.231982">
				<ele>675.000000</ele>
			</trkpt>
			<trkpt lat="67.726159" lon="18.232934">
				<ele>672.000000</ele>
			</trkpt>
			<trkpt lat="67.726557" lon="18.233177">
				<ele>669.000000</ele>
			</trkpt>
			<trkpt lat="67.726823" lon="18.234740">
				<ele>665.000000</ele>
			</trkpt>
			<trkpt lat="67.727221" lon="18.235423">
				<ele>662.000000</ele>
			</trkpt>
			<trkpt lat="67.727675" lon="18.236123">
				<ele>660.000000</ele>
			</trkpt>
			<trkpt lat="67.728601" lon="18.238765">
				<ele>657.000000</ele>
			</trkpt>
			<trkpt lat="67.729009" lon="18.240364">
				<ele>656.000000</ele>
			</trkpt>
			<trkpt lat="67.730064" lon="18.242645">
				<ele>653.000000</ele>
			</trkpt>
			<trkpt lat="67.730374" lon="18.242834">
				<ele>652.000000</ele>
			</trkpt>
			<trkpt lat="67.730697" lon="18.243742">
				<ele>652.000000</ele>
			</trkpt>
			<trkpt lat="67.730847" lon="18.244425">
				<ele>651.000000</ele>
			</trkpt>
			<trkpt lat="67.731116" lon="18.244685">
				<ele>650.000000</ele>
			</trkpt>
			<trkpt lat="67.731239" lon="18.245404">
				<ele>649.000000</ele>
			</trkpt>
			<trkpt lat="67.731606" lon="18.246454">
				<ele>641.000000</ele>
			</trkpt>
			<trkpt lat="67.731681" lon="18.246985">
				<ele>639.000000</ele>
			</trkpt>
			<trkpt lat="67.732090" lon="18.247245">
				<ele>638.000000</ele>
			</trkpt>
			<trkpt lat="67.732403" lon="18.248394">
				<ele>636.000000</ele>
			</trkpt>
			<trkpt lat="67.732560" lon="18.249023">
				<ele>635.000000</ele>
			</trkpt>
			<trkpt lat="67.732529" lon="18.249912">
				<ele>634.000000</ele>
			</trkpt>
			<trkpt lat="67.732692" lon="18.250551">
				<ele>633.000000</ele>
			</trkpt>
			<trkpt lat="67.732750" lon="18.251494">
				<ele>631.000000</ele>
			</trkpt>
			<trkpt lat="67.732699" lon="18.253390">
				<ele>629.000000</ele>
			</trkpt>
			<trkpt lat="67.732580" lon="18.254270">
				<ele>628.000000</ele>
			</trkpt>
			<trkpt lat="67.732676" lon="18.255356">
				<ele>627.000000</ele>
			</trkpt>
			<trkpt lat="67.732832" lon="18.255411">
				<ele>627.000000</ele>
			</trkpt>
			<trkpt lat="67.733009" lon="18.255365">
				<ele>626.000000</ele>
			</trkpt>
			<trkpt lat="67.733386" lon="18.254809">
				<ele>625.000000</ele>
			</trkpt>
			<trkpt lat="67.733734" lon="18.254476">
				<ele>624.000000</ele>
			</trkpt>
			<trkpt lat="67.733952" lon="18.254845">
				<ele>624.000000</ele>
			</trkpt>
			<trkpt lat="67.734017" lon="18.255752">
				<ele>623.000000</ele>
			</trkpt>
			<trkpt lat="67.734452" lon="18.259497">
				<ele>620.000000</ele>
			</trkpt>
			<trkpt lat="67.734704" lon="18.260216">
				<ele>620.000000</ele>
			</trkpt>
			<trkpt lat="67.734864" lon="18.261348">
				<ele>620.000000</ele>
			</trkpt>
			<trkpt lat="67.735068" lon="18.262795">
				<ele>620.000000</ele>
			</trkpt>
			<trkpt lat="67.735517" lon="18.264331">
				<ele>620.000000</ele>
			</trkpt>
			<trkpt lat="67.735698" lon="18.265023">
				<ele>619.000000</ele>
			</trkpt>
			<trkpt lat="67.735824" lon="18.265786">
				<ele>617.000000</ele>
			</trkpt>
			<trkpt lat="67.736048" lon="18.266235">
				<ele>616.000000</ele>
			</trkpt>
			<trkpt lat="67.736239" lon="18.266810">
				<ele>615.000000</ele>
			</trkpt>
			<trkpt lat="67.736252" lon="18.266873">
				<ele>615.000000</ele>
			</trkpt>
			<trkpt lat="67.736280" lon="18.267044">
				<ele>615.000000</ele>
			</trkpt>
			<trkpt lat="67.736283" lon="18.267709">
				<ele>614.000000</ele>
			</trkpt>
			<trkpt lat="67.736396" lon="18.267915">
				<ele>613.000000</ele>
			</trkpt>
			<trkpt lat="67.736433" lon="18.268615">
				<ele>612.000000</ele>
			</trkpt>
			<trkpt lat="67.736467" lon="18.269254">
				<ele>611.000000</ele>
			</trkpt>
			<trkpt lat="67.736488" lon="18.269793">
				<ele>610.000000</ele>
			</trkpt>
			<trkpt lat="67.736654" lon="18.270394">
				<ele>609.000000</ele>
			</trkpt>
			<trkpt lat="67.736862" lon="18.270619">
				<ele>608.000000</ele>
			</trkpt>
			<trkpt lat="67.737001" lon="18.271481">
				<ele>607.000000</ele>
			</trkpt>
			<trkpt lat="67.737154" lon="18.271931">
				<ele>606.000000</ele>
			</trkpt>
			<trkpt lat="67.737311" lon="18.272353">
				<ele>606.000000</ele>
			</trkpt>
			<trkpt lat="67.737502" lon="18.272487">
				<ele>605.000000</ele>
			</trkpt>
			<trkpt lat="67.737903" lon="18.273152">
				<ele>603.000000</ele>
			</trkpt>
			<trkpt lat="67.738151" lon="18.272747">
				<ele>602.000000</ele>
			</trkpt>
			<trkpt lat="67.738254" lon="18.273162">
				<ele>601.000000</ele>
			</trkpt>
			<trkpt lat="67.738458" lon="18.273403">
				<ele>601.000000</ele>
			</trkpt>
			<trkpt lat="67.738703" lon="18.274617">
				<ele>599.000000</ele>
			</trkpt>
			<trkpt lat="67.739295" lon="18.276791">
				<ele>598.000000</ele>
			</trkpt>
			<trkpt lat="67.739581" lon="18.278183">
				<ele>597.000000</ele>
			</trkpt>
			<trkpt lat="67.739846" lon="18.278650">
				<ele>596.000000</ele>
			</trkpt>
			<trkpt lat="67.740101" lon="18.279621">
				<ele>595.000000</ele>
			</trkpt>
			<trkpt lat="67.740527" lon="18.282135">
				<ele>594.000000</ele>
			</trkpt>
			<trkpt lat="67.741187" lon="18.284255">
				<ele>592.000000</ele>
			</trkpt>
			<trkpt lat="67.741619" lon="18.284453">
				<ele>591.000000</ele>
			</trkpt>
			<trkpt lat="67.741837" lon="18.285424">
				<ele>591.000000</ele>
			</trkpt>
			<trkpt lat="67.742120" lon="18.285783">
				<ele>590.000000</ele>
			</trkpt>
			<trkpt lat="67.742484" lon="18.286833">
				<ele>590.000000</ele>
			</trkpt>
			<trkpt lat="67.743096" lon="18.288091">
				<ele>591.000000</ele>
			</trkpt>
			<trkpt lat="67.743283" lon="18.288576">
				<ele>591.000000</ele>
			</trkpt>
			<trkpt lat="67.743521" lon="18.290238">
				<ele>593.000000</ele>
			</trkpt>
			<trkpt lat="67.744008" lon="18.291603">
				<ele>595.000000</ele>
			</trkpt>
			<trkpt lat="67.744249" lon="18.292403">
				<ele>596.000000</ele>
			</trkpt>
			<trkpt lat="67.744552" lon="18.293104">
				<ele>597.000000</ele>
			</trkpt>
			<trkpt lat="67.745232" lon="18.293858">
				<ele>599.000000</ele>
			</trkpt>
			<trkpt lat="67.745716" lon="18.294693">
				<ele>600.000000</ele>
			</trkpt>
			<trkpt lat="67.746195" lon="18.295708">
				<ele>602.000000</ele>
			</trkpt>
			<trkpt lat="67.746522" lon="18.295682">
				<ele>602.000000</ele>
			</trkpt>
			<trkpt lat="67.746522" lon="18.295682">
				<ele>602.000000</ele>
			</trkpt>
			<trkpt lat="67.746522" lon="18.295682">
				<ele>603.000000</ele>
			</trkpt>
			<trkpt lat="67.746689" lon="18.296284">
				<ele>604.000000</ele>
			</trkpt>
			<trkpt lat="67.747005" lon="18.296463">
				<ele>605.000000</ele>
			</trkpt>
			<trkpt lat="67.747185" lon="18.296814">
				<ele>605.000000</ele>
			</trkpt>
			<trkpt lat="67.747260" lon="18.296814">
				<ele>605.000000</ele>
			</trkpt>
			<trkpt lat="67.747695" lon="18.296257">
				<ele>611.000000</ele>
			</trkpt>
			<trkpt lat="67.747903" lon="18.296068">
				<ele>611.000000</ele>
			</trkpt>
			<trkpt lat="67.748196" lon="18.295951">
				<ele>612.000000</ele>
			</trkpt>
			<trkpt lat="67.748719" lon="18.295844">
				<ele>614.000000</ele>
			</trkpt>
			<trkpt lat="67.749162" lon="18.296095">
				<ele>616.000000</ele>
			</trkpt>
			<trkpt lat="67.749372" lon="18.296230">
				<ele>617.000000</ele>
			</trkpt>
			<trkpt lat="67.749699" lon="18.295584">
				<ele>618.000000</ele>
			</trkpt>
			<trkpt lat="67.750158" lon="18.295521">
				<ele>620.000000</ele>
			</trkpt>
			<trkpt lat="67.750468" lon="18.295232">
				<ele>622.000000</ele>
			</trkpt>
			<trkpt lat="67.750767" lon="18.295349">
				<ele>624.000000</ele>
			</trkpt>
			<trkpt lat="67.751090" lon="18.294972">
				<ele>627.000000</ele>
			</trkpt>
			<trkpt lat="67.751481" lon="18.294532">
				<ele>630.000000</ele>
			</trkpt>
			<trkpt lat="67.751937" lon="18.294316">
				<ele>630.000000</ele>
			</trkpt>
			<trkpt lat="67.752420" lon="18.293813">
				<ele>630.000000</ele>
			</trkpt>
			<trkpt lat="67.752590" lon="18.293391">
				<ele>630.000000</ele>
			</trkpt>
			<trkpt lat="67.752975" lon="18.293301">
				<ele>630.000000</ele>
			</trkpt>
			<trkpt lat="67.753532" lon="18.292844">
				<ele>630.000000</ele>
			</trkpt>
			<trkpt lat="67.753886" lon="18.292412">
				<ele>630.000000</ele>
			</trkpt>
			<trkpt lat="67.754186" lon="18.292016">
				<ele>630.000000</ele>
			</trkpt>
			<trkpt lat="67.754444" lon="18.291882">
				<ele>628.000000</ele>
			</trkpt>
			<trkpt lat="67.754651" lon="18.291953">
				<ele>626.000000</ele>
			</trkpt>
			<trkpt lat="67.755107" lon="18.291640">
				<ele>621.000000</ele>
			</trkpt>
			<trkpt lat="67.755440" lon="18.291684">
				<ele>620.000000</ele>
			</trkpt>
			<trkpt lat="67.756120" lon="18.291353">
				<ele>620.000000</ele>
			</trkpt>
			<trkpt lat="67.756338" lon="18.290760">
				<ele>621.000000</ele>
			</trkpt>
			<trkpt lat="67.756617" lon="18.290534">
				<ele>622.000000</ele>
			</trkpt>
			<trkpt lat="67.756909" lon="18.290247">
				<ele>623.000000</ele>
			</trkpt>
			<trkpt lat="67.757246" lon="18.290112">
				<ele>624.000000</ele>
			</trkpt>
			<trkpt lat="67.758344" lon="18.289322">
				<ele>629.000000</ele>
			</trkpt>
			<trkpt lat="67.758847" lon="18.288648">
				<ele>631.000000</ele>
			</trkpt>
			<trkpt lat="67.759062" lon="18.288253">
				<ele>633.000000</ele>
			</trkpt>
			<trkpt lat="67.759402" lon="18.288110">
				<ele>635.000000</ele>
			</trkpt>
			<trkpt lat="67.759616" lon="18.287903">
				<ele>636.000000</ele>
			</trkpt>
			<trkpt lat="67.760350" lon="18.288145">
				<ele>640.000000</ele>
			</trkpt>
			<trkpt lat="67.760826" lon="18.288074">
				<ele>641.000000</ele>
			</trkpt>
			<trkpt lat="67.761122" lon="18.287848">
				<ele>642.000000</ele>
			</trkpt>
			<trkpt lat="67.761680" lon="18.288028">
				<ele>643.000000</ele>
			</trkpt>
			<trkpt lat="67.762122" lon="18.288351">
				<ele>644.000000</ele>
			</trkpt>
			<trkpt lat="67.762577" lon="18.288810">
				<ele>645.000000</ele>
			</trkpt>
			<trkpt lat="67.763046" lon="18.289331">
				<ele>646.000000</ele>
			</trkpt>
			<trkpt lat="67.763298" lon="18.289429">
				<ele>647.000000</ele>
			</trkpt>
			<trkpt lat="67.763600" lon="18.289816">
				<ele>648.000000</ele>
			</trkpt>
			<trkpt lat="67.763866" lon="18.289600">
				<ele>648.000000</ele>
			</trkpt>
			<trkpt lat="67.764083" lon="18.289142">
				<ele>649.000000</ele>
			</trkpt>
			<trkpt lat="67.764725" lon="18.288110">
				<ele>651.000000</ele>
			</trkpt>
			<trkpt lat="67.765467" lon="18.287175">
				<ele>653.000000</ele>
			</trkpt>
			<trkpt lat="67.766205" lon="18.285881">
				<ele>656.000000</ele>
			</trkpt>
			<trkpt lat="67.766847" lon="18.285487">
				<ele>657.000000</ele>
			</trkpt>
			<trkpt lat="67.767092" lon="18.285118">
				<ele>658.000000</ele>
			</trkpt>
			<trkpt lat="67.767248" lon="18.285045">
				<ele>659.000000</ele>
			</trkpt>
			<trkpt lat="67.767452" lon="18.285091">
				<ele>659.000000</ele>
			</trkpt>
			<trkpt lat="67.767662" lon="18.284561">
				<ele>660.000000</ele>
			</trkpt>
			<trkpt lat="67.768081" lon="18.284408">
				<ele>660.000000</ele>
			</trkpt>
			<trkpt lat="67.768692" lon="18.284148">
				<ele>660.000000</ele>
			</trkpt>
			<trkpt lat="67.769151" lon="18.283942">
				<ele>660.000000</ele>
			</trkpt>
			<trkpt lat="67.769290" lon="18.284031">
				<ele>660.000000</ele>
			</trkpt>
			<trkpt lat="67.770147" lon="18.284651">
				<ele>660.000000</ele>
			</trkpt>
			<trkpt lat="67.770718" lon="18.285342">
				<ele>660.000000</ele>
			</trkpt>
			<trkpt lat="67.771228" lon="18.286061">
				<ele>660.000000</ele>
			</trkpt>
			<trkpt lat="67.771706" lon="18.286995">
				<ele>660.000000</ele>
			</trkpt>
			<trkpt lat="67.771918" lon="18.286986">
				<ele>660.000000</ele>
			</trkpt>
			<trkpt lat="67.772434" lon="18.286546">
				<ele>660.000000</ele>
			</trkpt>
			<trkpt lat="67.772815" lon="18.286330">
				<ele>660.000000</ele>
			</trkpt>
			<trkpt lat="67.773015" lon="18.286447">
				<ele>660.000000</ele>
			</trkpt>
			<trkpt lat="67.773198" lon="18.286806">
				<ele>660.000000</ele>
			</trkpt>
			<trkpt lat="67.773416" lon="18.287301">
				<ele>660.000000</ele>
			</trkpt>
			<trkpt lat="67.773609" lon="18.287651">
				<ele>661.000000</ele>
			</trkpt>
			<trkpt lat="67.773878" lon="18.288091">
				<ele>666.000000</ele>
			</trkpt>
			<trkpt lat="67.774099" lon="18.288630">
				<ele>671.000000</ele>
			</trkpt>
			<trkpt lat="67.774198" lon="18.288819">
				<ele>672.000000</ele>
			</trkpt>
			<trkpt lat="67.774340" lon="18.288936">
				<ele>673.000000</ele>
			</trkpt>
			<trkpt lat="67.774568" lon="18.289205">
				<ele>675.000000</ele>
			</trkpt>
			<trkpt lat="67.774996" lon="18.289879">
				<ele>679.000000</ele>
			</trkpt>
			<trkpt lat="67.775223" lon="18.290400">
				<ele>681.000000</ele>
			</trkpt>
			<trkpt lat="67.775486" lon="18.290921">
				<ele>683.000000</ele>
			</trkpt>
			<trkpt lat="67.775784" lon="18.291829">
				<ele>686.000000</ele>
			</trkpt>
			<trkpt lat="67.776729" lon="18.293858">
				<ele>690.000000</ele>
			</trkpt>
			<trkpt lat="67.777317" lon="18.295188">
				<ele>690.000000</ele>
			</trkpt>
			<trkpt lat="67.778057" lon="18.296886">
				<ele>683.000000</ele>
			</trkpt>
			<trkpt lat="67.778547" lon="18.297066">
				<ele>677.000000</ele>
			</trkpt>
			<trkpt lat="67.778832" lon="18.297316">
				<ele>673.000000</ele>
			</trkpt>
			<trkpt lat="67.779355" lon="18.297819">
				<ele>668.000000</ele>
			</trkpt>
			<trkpt lat="67.779726" lon="18.297972">
				<ele>666.000000</ele>
			</trkpt>
			<trkpt lat="67.780541" lon="18.297209">
				<ele>661.000000</ele>
			</trkpt>
			<trkpt lat="67.781043" lon="18.297003">
				<ele>660.000000</ele>
			</trkpt>
			<trkpt lat="67.781210" lon="18.296913">
				<ele>660.000000</ele>
			</trkpt>
			<trkpt lat="67.781352" lon="18.297066">
				<ele>660.000000</ele>
			</trkpt>
			<trkpt lat="67.781889" lon="18.297173">
				<ele>660.000000</ele>
			</trkpt>
			<trkpt lat="67.782983" lon="18.297192">
				<ele>660.000000</ele>
			</trkpt>
			<trkpt lat="67.784026" lon="18.297083">
				<ele>660.000000</ele>
			</trkpt>
			<trkpt lat="67.785008" lon="18.296742">
				<ele>660.000000</ele>
			</trkpt>
			<trkpt lat="67.786556" lon="18.297047">
				<ele>662.000000</ele>
			</trkpt>
			<trkpt lat="67.788498" lon="18.296527">
				<ele>664.000000</ele>
			</trkpt>
			<trkpt lat="67.789992" lon="18.297236">
				<ele>665.000000</ele>
			</trkpt>
			<trkpt lat="67.790682" lon="18.297685">
				<ele>666.000000</ele>
			</trkpt>
			<trkpt lat="67.791409" lon="18.298206">
				<ele>667.000000</ele>
			</trkpt>
			<trkpt lat="67.793847" lon="18.297515">
				<ele>669.000000</ele>
			</trkpt>
			<trkpt lat="67.796016" lon="18.298448">
				<ele>673.000000</ele>
			</trkpt>
			<trkpt lat="67.797102" lon="18.298718">
				<ele>675.000000</ele>
			</trkpt>
			<trkpt lat="67.798032" lon="18.297972">
				<ele>676.000000</ele>
			</trkpt>
			<trkpt lat="67.800110" lon="18.297182">
				<ele>681.000000</ele>
			</trkpt>
			<trkpt lat="67.802248" lon="18.297848">
				<ele>690.000000</ele>
			</trkpt>
			<trkpt lat="67.804443" lon="18.297586">
				<ele>694.000000</ele>
			</trkpt>
			<trkpt lat="67.806612" lon="18.297379">
				<ele>698.000000</ele>
			</trkpt>
			<trkpt lat="67.807121" lon="18.297882">
				<ele>699.000000</ele>
			</trkpt>
			<trkpt lat="67.807938" lon="18.298413">
				<ele>700.000000</ele>
			</trkpt>
			<trkpt lat="67.808248" lon="18.297865">
				<ele>700.000000</ele>
			</trkpt>
			<trkpt lat="67.808705" lon="18.297622">
				<ele>700.000000</ele>
			</trkpt>
			<trkpt lat="67.809190" lon="18.297676">
				<ele>700.000000</ele>
			</trkpt>
			<trkpt lat="67.809611" lon="18.297848">
				<ele>700.000000</ele>
			</trkpt>
			<trkpt lat="67.810252" lon="18.298611">
				<ele>700.000000</ele>
			</trkpt>
			<trkpt lat="67.810761" lon="18.298827">
				<ele>700.000000</ele>
			</trkpt>
			<trkpt lat="67.812094" lon="18.299913">
				<ele>700.000000</ele>
			</trkpt>
			<trkpt lat="67.813458" lon="18.300695">
				<ele>701.000000</ele>
			</trkpt>
			<trkpt lat="67.814954" lon="18.301916">
				<ele>703.000000</ele>
			</trkpt>
			<trkpt lat="67.816403" lon="18.303937">
				<ele>705.000000</ele>
			</trkpt>
			<trkpt lat="67.816837" lon="18.304360">
				<ele>706.000000</ele>
			</trkpt>
			<trkpt lat="67.817189" lon="18.305106">
				<ele>706.000000</ele>
			</trkpt>
			<trkpt lat="67.818614" lon="18.306614">
				<ele>708.000000</ele>
			</trkpt>
			<trkpt lat="67.819842" lon="18.307953">
				<ele>710.000000</ele>
			</trkpt>
			<trkpt lat="67.820446" lon="18.308842">
				<ele>713.000000</ele>
			</trkpt>
			<trkpt lat="67.821215" lon="18.310280">
				<ele>719.000000</ele>
			</trkpt>
			<trkpt lat="67.821860" lon="18.311601">
				<ele>720.000000</ele>
			</trkpt>
			<trkpt lat="67.822259" lon="18.311987">
				<ele>720.000000</ele>
			</trkpt>
			<trkpt lat="67.822443" lon="18.312184">
				<ele>720.000000</ele>
			</trkpt>
			<trkpt lat="67.822562" lon="18.312427">
				<ele>720.000000</ele>
			</trkpt>
			<trkpt lat="67.823494" lon="18.313792">
				<ele>718.000000</ele>
			</trkpt>
			<trkpt lat="67.824284" lon="18.315077">
				<ele>712.000000</ele>
			</trkpt>
			<trkpt lat="67.825111" lon="18.315769">
				<ele>707.000000</ele>
			</trkpt>
			<trkpt lat="67.826362" lon="18.316379">
				<ele>700.000000</ele>
			</trkpt>
			<trkpt lat="67.827627" lon="18.317834">
				<ele>697.000000</ele>
			</trkpt>
			<trkpt lat="67.828841" lon="18.318715">
				<ele>695.000000</ele>
			</trkpt>
			<trkpt lat="67.830010" lon="18.319172">
				<ele>693.000000</ele>
			</trkpt>
			<trkpt lat="67.831637" lon="18.319281">
				<ele>690.000000</ele>
			</trkpt>
			<trkpt lat="67.832420" lon="18.318589">
				<ele>690.000000</ele>
			</trkpt>
			<trkpt lat="67.833325" lon="18.318822">
				<ele>690.000000</ele>
			</trkpt>
			<trkpt lat="67.833925" lon="18.319434">
				<ele>690.000000</ele>
			</trkpt>
			<trkpt lat="67.834773" lon="18.319703">
				<ele>693.000000</ele>
			</trkpt>
			<trkpt lat="67.835555" lon="18.319765">
				<ele>695.000000</ele>
			</trkpt>
			<trkpt lat="67.835908" lon="18.319524">
				<ele>697.000000</ele>
			</trkpt>
			<trkpt lat="67.836233" lon="18.319559">
				<ele>698.000000</ele>
			</trkpt>
			<trkpt lat="67.837968" lon="18.319937">
				<ele>703.000000</ele>
			</trkpt>
			<trkpt lat="67.838853" lon="18.319748">
				<ele>706.000000</ele>
			</trkpt>
			<trkpt lat="67.839690" lon="18.319703">
				<ele>709.000000</ele>
			</trkpt>
			<trkpt lat="67.840655" lon="18.319604">
				<ele>716.000000</ele>
			</trkpt>
			<trkpt lat="67.841133" lon="18.319910">
				<ele>720.000000</ele>
			</trkpt>
			<trkpt lat="67.841543" lon="18.320350">
				<ele>720.000000</ele>
			</trkpt>
			<trkpt lat="67.842281" lon="18.320180">
				<ele>720.000000</ele>
			</trkpt>
			<trkpt lat="67.843064" lon="18.320530">
				<ele>720.000000</ele>
			</trkpt>
			<trkpt lat="67.843494" lon="18.320134">
				<ele>720.000000</ele>
			</trkpt>
			<trkpt lat="67.844006" lon="18.319990">
				<ele>720.000000</ele>
			</trkpt>
			<trkpt lat="67.844863" lon="18.319164">
				<ele>720.000000</ele>
			</trkpt>
			<trkpt lat="67.846713" lon="18.318751">
				<ele>720.000000</ele>
			</trkpt>
			<trkpt lat="67.848328" lon="18.317619">
				<ele>720.000000</ele>
			</trkpt>
			<trkpt lat="67.849128" lon="18.316964">
				<ele>720.000000</ele>
			</trkpt>
			<trkpt lat="67.849863" lon="18.316325">
				<ele>720.000000</ele>
			</trkpt>
			<trkpt lat="67.850872" lon="18.316595">
				<ele>720.000000</ele>
			</trkpt>
			<trkpt lat="67.850947" lon="18.316631">
				<ele>720.000000</ele>
			</trkpt>
			<trkpt lat="67.851015" lon="18.316667">
				<ele>720.000000</ele>
			</trkpt>
			<trkpt lat="67.851011" lon="18.316577">
				<ele>720.000000</ele>
			</trkpt>
			<trkpt lat="67.851011" lon="18.316577">
				<ele>720.000000</ele>
			</trkpt>
			<trkpt lat="67.851007" lon="18.316451">
				<ele>720.000000</ele>
			</trkpt>
			<trkpt lat="67.851041" lon="18.316325">
				<ele>720.000000</ele>
			</trkpt>
			<trkpt lat="67.851106" lon="18.316038">
				<ele>720.000000</ele>
			</trkpt>
			<trkpt lat="67.851218" lon="18.315769">
				<ele>720.000000</ele>
			</trkpt>
			<trkpt lat="67.851322" lon="18.315715">
				<ele>720.000000</ele>
			</trkpt>
			<trkpt lat="67.851394" lon="18.315840">
				<ele>720.000000</ele>
			</trkpt>
			<trkpt lat="67.851600" lon="18.315939">
				<ele>720.000000</ele>
			</trkpt>
			<trkpt lat="67.851760" lon="18.315930">
				<ele>720.000000</ele>
			</trkpt>
			<trkpt lat="67.852470" lon="18.315715">
				<ele>720.000000</ele>
			</trkpt>
			<trkpt lat="67.852592" lon="18.315633">
				<ele>720.000000</ele>
			</trkpt>
			<trkpt lat="67.852969" lon="18.315266">
				<ele>720.000000</ele>
			</trkpt>
			<trkpt lat="67.853101" lon="18.315220">
				<ele>720.000000</ele>
			</trkpt>
			<trkpt lat="67.853449" lon="18.315230">
				<ele>720.000000</ele>
			</trkpt>
			<trkpt lat="67.853825" lon="18.315113">
				<ele>720.000000</ele>
			</trkpt>
			<trkpt lat="67.854475" lon="18.314762">
				<ele>720.000000</ele>
			</trkpt>
			<trkpt lat="67.854685" lon="18.314591">
				<ele>720.000000</ele>
			</trkpt>
			<trkpt lat="67.855000" lon="18.314627">
				<ele>720.000000</ele>
			</trkpt>
			<trkpt lat="67.855095" lon="18.314654">
				<ele>720.000000</ele>
			</trkpt>
			<trkpt lat="67.855491" lon="18.314717">
				<ele>720.000000</ele>
			</trkpt>
			<trkpt lat="67.855694" lon="18.314627">
				<ele>720.000000</ele>
			</trkpt>
			<trkpt lat="67.856466" lon="18.314188">
				<ele>720.000000</ele>
			</trkpt>
			<trkpt lat="67.856683" lon="18.314035">
				<ele>720.000000</ele>
			</trkpt>
			<trkpt lat="67.857557" lon="18.313092">
				<ele>720.000000</ele>
			</trkpt>
			<trkpt lat="67.858640" lon="18.312436">
				<ele>720.000000</ele>
			</trkpt>
			<trkpt lat="67.859159" lon="18.312058">
				<ele>720.000000</ele>
			</trkpt>
			<trkpt lat="67.859615" lon="18.311788">
				<ele>720.000000</ele>
			</trkpt>
			<trkpt lat="67.859930" lon="18.311501">
				<ele>720.000000</ele>
			</trkpt>
			<trkpt lat="67.860563" lon="18.311061">
				<ele>720.000000</ele>
			</trkpt>
			<trkpt lat="67.861477" lon="18.310082">
				<ele>720.000000</ele>
			</trkpt>
			<trkpt lat="67.861589" lon="18.309938">
				<ele>720.000000</ele>
			</trkpt>
			<trkpt lat="67.862056" lon="18.309184">
				<ele>720.000000</ele>
			</trkpt>
			<trkpt lat="67.862875" lon="18.308151">
				<ele>724.000000</ele>
			</trkpt>
			<trkpt lat="67.863041" lon="18.308043">
				<ele>725.000000</ele>
			</trkpt>
			<trkpt lat="67.863366" lon="18.307908">
				<ele>727.000000</ele>
			</trkpt>
			<trkpt lat="67.863474" lon="18.307853">
				<ele>728.000000</ele>
			</trkpt>
			<trkpt lat="67.863667" lon="18.308159">
				<ele>730.000000</ele>
			</trkpt>
			<trkpt lat="67.863908" lon="18.308339">
				<ele>733.000000</ele>
			</trkpt>
			<trkpt lat="67.864253" lon="18.308474">
				<ele>738.000000</ele>
			</trkpt>
			<trkpt lat="67.864906" lon="18.308609">
				<ele>743.000000</ele>
			</trkpt>
			<trkpt lat="67.865075" lon="18.308618">
				<ele>744.000000</ele>
			</trkpt>
			<trkpt lat="67.865753" lon="18.308393">
				<ele>748.000000</ele>
			</trkpt>
			<trkpt lat="67.866020" lon="18.308195">
				<ele>750.000000</ele>
			</trkpt>
			<trkpt lat="67.866277" lon="18.308402">
				<ele>752.000000</ele>
			</trkpt>
			<trkpt lat="67.866707" lon="18.308995">
				<ele>756.000000</ele>
			</trkpt>
			<trkpt lat="67.867248" lon="18.309759">
				<ele>761.000000</ele>
			</trkpt>
			<trkpt lat="67.867628" lon="18.309803">
				<ele>762.000000</ele>
			</trkpt>
			<trkpt lat="67.868006" lon="18.310280">
				<ele>764.000000</ele>
			</trkpt>
			<trkpt lat="67.868149" lon="18.310522">
				<ele>764.000000</ele>
			</trkpt>
			<trkpt lat="67.868250" lon="18.310756">
				<ele>765.000000</ele>
			</trkpt>
			<trkpt lat="67.868456" lon="18.311474">
				<ele>766.000000</ele>
			</trkpt>
			<trkpt lat="67.868694" lon="18.312669">
				<ele>768.000000</ele>
			</trkpt>
			<trkpt lat="67.868792" lon="18.313154">
				<ele>769.000000</ele>
			</trkpt>
			<trkpt lat="67.869150" lon="18.314574">
				<ele>772.000000</ele>
			</trkpt>
			<trkpt lat="67.869513" lon="18.315732">
				<ele>775.000000</ele>
			</trkpt>
			<trkpt lat="67.869946" lon="18.317214">
				<ele>778.000000</ele>
			</trkpt>
			<trkpt lat="67.870409" lon="18.318463">
				<ele>780.000000</ele>
			</trkpt>
			<trkpt lat="67.870599" lon="18.318931">
				<ele>780.000000</ele>
			</trkpt>
			<trkpt lat="67.870849" lon="18.319379">
				<ele>780.000000</ele>
			</trkpt>
			<trkpt lat="67.870958" lon="18.319667">
				<ele>780.000000</ele>
			</trkpt>
			<trkpt lat="67.871100" lon="18.319685">
				<ele>780.000000</ele>
			</trkpt>
			<trkpt lat="67.871445" lon="18.320817">
				<ele>780.000000</ele>
			</trkpt>
			<trkpt lat="67.871945" lon="18.321939">
				<ele>780.000000</ele>
			</trkpt>
			<trkpt lat="67.872775" lon="18.321222">
				<ele>777.000000</ele>
			</trkpt>
			<trkpt lat="67.872879" lon="18.321159">
				<ele>776.000000</ele>
			</trkpt>
			<trkpt lat="67.873357" lon="18.320889">
				<ele>771.000000</ele>
			</trkpt>
			<trkpt lat="67.873407" lon="18.320862">
				<ele>770.000000</ele>
			</trkpt>
			<trkpt lat="67.873587" lon="18.320835">
				<ele>770.000000</ele>
			</trkpt>
			<trkpt lat="67.873898" lon="18.320853">
				<ele>769.000000</ele>
			</trkpt>
			<trkpt lat="67.874419" lon="18.321113">
				<ele>767.000000</ele>
			</trkpt>
			<trkpt lat="67.874517" lon="18.321185">
				<ele>767.000000</ele>
			</trkpt>
			<trkpt lat="67.874636" lon="18.321266">
				<ele>766.000000</ele>
			</trkpt>
			<trkpt lat="67.874784" lon="18.321033">
				<ele>766.000000</ele>
			</trkpt>
			<trkpt lat="67.874913" lon="18.321149">
				<ele>765.000000</ele>
			</trkpt>
			<trkpt lat="67.874994" lon="18.321077">
				<ele>765.000000</ele>
			</trkpt>
			<trkpt lat="67.875305" lon="18.320862">
				<ele>764.000000</ele>
			</trkpt>
			<trkpt lat="67.875312" lon="18.320862">
				<ele>764.000000</ele>
			</trkpt>
			<trkpt lat="67.875420" lon="18.320646">
				<ele>764.000000</ele>
			</trkpt>
			<trkpt lat="67.875542" lon="18.320843">
				<ele>763.000000</ele>
			</trkpt>
			<trkpt lat="67.875867" lon="18.320916">
				<ele>762.000000</ele>
			</trkpt>
			<trkpt lat="67.876344" lon="18.320700">
				<ele>761.000000</ele>
			</trkpt>
			<trkpt lat="67.876828" lon="18.320593">
				<ele>760.000000</ele>
			</trkpt>
			<trkpt lat="67.877072" lon="18.320583">
				<ele>760.000000</ele>
			</trkpt>
			<trkpt lat="67.877423" lon="18.320746">
				<ele>760.000000</ele>
			</trkpt>
			<trkpt lat="67.877646" lon="18.320790">
				<ele>760.000000</ele>
			</trkpt>
			<trkpt lat="67.877839" lon="18.320700">
				<ele>760.000000</ele>
			</trkpt>
			<trkpt lat="67.878225" lon="18.320188">
				<ele>760.000000</ele>
			</trkpt>
			<trkpt lat="67.878326" lon="18.320125">
				<ele>760.000000</ele>
			</trkpt>
			<trkpt lat="67.878560" lon="18.320107">
				<ele>760.000000</ele>
			</trkpt>
			<trkpt lat="67.879097" lon="18.320484">
				<ele>760.000000</ele>
			</trkpt>
			<trkpt lat="67.879757" lon="18.320925">
				<ele>757.000000</ele>
			</trkpt>
			<trkpt lat="67.880339" lon="18.320960">
				<ele>751.000000</ele>
			</trkpt>
			<trkpt lat="67.880995" lon="18.321346">
				<ele>750.000000</ele>
			</trkpt>
			<trkpt lat="67.881513" lon="18.321491">
				<ele>750.000000</ele>
			</trkpt>
			<trkpt lat="67.882007" lon="18.321535">
				<ele>750.000000</ele>
			</trkpt>
			<trkpt lat="67.882142" lon="18.321553">
				<ele>750.000000</ele>
			</trkpt>
			<trkpt lat="67.882196" lon="18.321616">
				<ele>750.000000</ele>
			</trkpt>
			<trkpt lat="67.882264" lon="18.321643">
				<ele>750.000000</ele>
			</trkpt>
			<trkpt lat="67.882321" lon="18.321679">
				<ele>750.000000</ele>
			</trkpt>
			<trkpt lat="67.882676" lon="18.321868">
				<ele>751.000000</ele>
			</trkpt>
			<trkpt lat="67.882795" lon="18.322048">
				<ele>751.000000</ele>
			</trkpt>
			<trkpt lat="67.883052" lon="18.322451">
				<ele>752.000000</ele>
			</trkpt>
			<trkpt lat="67.883336" lon="18.322587">
				<ele>752.000000</ele>
			</trkpt>
			<trkpt lat="67.883884" lon="18.322820">
				<ele>753.000000</ele>
			</trkpt>
			<trkpt lat="67.884736" lon="18.322981">
				<ele>755.000000</ele>
			</trkpt>
			<trkpt lat="67.885209" lon="18.323000">
				<ele>756.000000</ele>
			</trkpt>
			<trkpt lat="67.885294" lon="18.323017">
				<ele>756.000000</ele>
			</trkpt>
			<trkpt lat="67.885686" lon="18.323117">
				<ele>757.000000</ele>
			</trkpt>
			<trkpt lat="67.885838" lon="18.323080">
				<ele>757.000000</ele>
			</trkpt>
			<trkpt lat="67.886494" lon="18.322704">
				<ele>758.000000</ele>
			</trkpt>
			<trkpt lat="67.886836" lon="18.322631">
				<ele>759.000000</ele>
			</trkpt>
			<trkpt lat="67.886870" lon="18.322623">
				<ele>759.000000</ele>
			</trkpt>
			<trkpt lat="67.886961" lon="18.322623">
				<ele>759.000000</ele>
			</trkpt>
			<trkpt lat="67.887695" lon="18.322793">
				<ele>761.000000</ele>
			</trkpt>
			<trkpt lat="67.888087" lon="18.322730">
				<ele>762.000000</ele>
			</trkpt>
			<trkpt lat="67.888537" lon="18.322497">
				<ele>763.000000</ele>
			</trkpt>
			<trkpt lat="67.888740" lon="18.322461">
				<ele>764.000000</ele>
			</trkpt>
			<trkpt lat="67.888912" lon="18.322425">
				<ele>764.000000</ele>
			</trkpt>
			<trkpt lat="67.889054" lon="18.322470">
				<ele>764.000000</ele>
			</trkpt>
			<trkpt lat="67.889321" lon="18.322658">
				<ele>765.000000</ele>
			</trkpt>
			<trkpt lat="67.889437" lon="18.322677">
				<ele>765.000000</ele>
			</trkpt>
			<trkpt lat="67.889707" lon="18.322650">
				<ele>766.000000</ele>
			</trkpt>
			<trkpt lat="67.889984" lon="18.322623">
				<ele>767.000000</ele>
			</trkpt>
			<trkpt lat="67.890404" lon="18.322505">
				<ele>768.000000</ele>
			</trkpt>
			<trkpt lat="67.890931" lon="18.322604">
				<ele>769.000000</ele>
			</trkpt>
			<trkpt lat="67.891269" lon="18.322801">
				<ele>770.000000</ele>
			</trkpt>
			<trkpt lat="67.891783" lon="18.322830">
				<ele>770.000000</ele>
			</trkpt>
			<trkpt lat="67.891783" lon="18.322830">
				<ele>770.000000</ele>
			</trkpt>
			<trkpt lat="67.891816" lon="18.322830">
				<ele>770.000000</ele>
			</trkpt>
			<trkpt lat="67.892101" lon="18.323314">
				<ele>770.000000</ele>
			</trkpt>
			<trkpt lat="67.892276" lon="18.323637">
				<ele>770.000000</ele>
			</trkpt>
			<trkpt lat="67.892550" lon="18.323700">
				<ele>770.000000</ele>
			</trkpt>
			<trkpt lat="67.892631" lon="18.323719">
				<ele>770.000000</ele>
			</trkpt>
			<trkpt lat="67.893040" lon="18.323916">
				<ele>770.000000</ele>
			</trkpt>
			<trkpt lat="67.893132" lon="18.323961">
				<ele>771.000000</ele>
			</trkpt>
			<trkpt lat="67.893179" lon="18.324015">
				<ele>771.000000</ele>
			</trkpt>
			<trkpt lat="67.893230" lon="18.324078">
				<ele>772.000000</ele>
			</trkpt>
			<trkpt lat="67.893629" lon="18.324608">
				<ele>775.000000</ele>
			</trkpt>
			<trkpt lat="67.894204" lon="18.325776">
				<ele>781.000000</ele>
			</trkpt>
			<trkpt lat="67.894832" lon="18.326323">
				<ele>783.000000</ele>
			</trkpt>
			<trkpt lat="67.895302" lon="18.326988">
				<ele>785.000000</ele>
			</trkpt>
			<trkpt lat="67.895650" lon="18.327159">
				<ele>787.000000</ele>
			</trkpt>
			<trkpt lat="67.896056" lon="18.327357">
				<ele>788.000000</ele>
			</trkpt>
			<trkpt lat="67.896380" lon="18.327751">
				<ele>790.000000</ele>
			</trkpt>
			<trkpt lat="67.896458" lon="18.327824">
				<ele>790.000000</ele>
			</trkpt>
			<trkpt lat="67.896678" lon="18.328021">
				<ele>790.000000</ele>
			</trkpt>
			<trkpt lat="67.897425" lon="18.328516">
				<ele>791.000000</ele>
			</trkpt>
			<trkpt lat="67.897580" lon="18.328533">
				<ele>792.000000</ele>
			</trkpt>
			<trkpt lat="67.897621" lon="18.328336">
				<ele>792.000000</ele>
			</trkpt>
			<trkpt lat="67.897675" lon="18.328210">
				<ele>792.000000</ele>
			</trkpt>
			<trkpt lat="67.897831" lon="18.326881">
				<ele>792.000000</ele>
			</trkpt>
			<trkpt lat="67.897925" lon="18.326566">
				<ele>793.000000</ele>
			</trkpt>
			<trkpt lat="67.898057" lon="18.326333">
				<ele>793.000000</ele>
			</trkpt>
			<trkpt lat="67.898783" lon="18.324527">
				<ele>794.000000</ele>
			</trkpt>
			<trkpt lat="67.898966" lon="18.324185">
				<ele>794.000000</ele>
			</trkpt>
			<trkpt lat="67.899223" lon="18.323843">
				<ele>795.000000</ele>
			</trkpt>
			<trkpt lat="67.899767" lon="18.322973">
				<ele>795.000000</ele>
			</trkpt>
			<trkpt lat="67.899946" lon="18.322685">
				<ele>796.000000</ele>
			</trkpt>
			<trkpt lat="67.900054" lon="18.322434">
				<ele>796.000000</ele>
			</trkpt>
			<trkpt lat="67.900781" lon="18.320449">
				<ele>797.000000</ele>
			</trkpt>
			<trkpt lat="67.901416" lon="18.319011">
				<ele>798.000000</ele>
			</trkpt>
			<trkpt lat="67.901629" lon="18.318472">
				<ele>798.000000</ele>
			</trkpt>
			<trkpt lat="67.901680" lon="18.318373">
				<ele>799.000000</ele>
			</trkpt>
			<trkpt lat="67.902221" lon="18.317295">
				<ele>799.000000</ele>
			</trkpt>
			<trkpt lat="67.902623" lon="18.316585">
				<ele>800.000000</ele>
			</trkpt>
			<trkpt lat="67.902960" lon="18.316199">
				<ele>803.000000</ele>
			</trkpt>
			<trkpt lat="67.903194" lon="18.316038">
				<ele>804.000000</ele>
			</trkpt>
			<trkpt lat="67.904055" lon="18.315562">
				<ele>811.000000</ele>
			</trkpt>
			<trkpt lat="67.904937" lon="18.314941">
				<ele>817.000000</ele>
			</trkpt>
			<trkpt lat="67.905529" lon="18.314448">
				<ele>821.000000</ele>
			</trkpt>
			<trkpt lat="67.905890" lon="18.314017">
				<ele>822.000000</ele>
			</trkpt>
			<trkpt lat="67.906407" lon="18.313541">
				<ele>824.000000</ele>
			</trkpt>
			<trkpt lat="67.906657" lon="18.313127">
				<ele>824.000000</ele>
			</trkpt>
			<trkpt lat="67.906927" lon="18.312507">
				<ele>826.000000</ele>
			</trkpt>
			<trkpt lat="67.907789" lon="18.310918">
				<ele>829.000000</ele>
			</trkpt>
			<trkpt lat="67.908485" lon="18.310153">
				<ele>831.000000</ele>
			</trkpt>
			<trkpt lat="67.908972" lon="18.309830">
				<ele>833.000000</ele>
			</trkpt>
			<trkpt lat="67.909249" lon="18.309606">
				<ele>834.000000</ele>
			</trkpt>
			<trkpt lat="67.909408" lon="18.309525">
				<ele>835.000000</ele>
			</trkpt>
			<trkpt lat="67.909978" lon="18.309390">
				<ele>837.000000</ele>
			</trkpt>
			<trkpt lat="67.910742" lon="18.308968">
				<ele>840.000000</ele>
			</trkpt>
			<trkpt lat="67.911211" lon="18.308564">
				<ele>840.000000</ele>
			</trkpt>
			<trkpt lat="67.911596" lon="18.307953">
				<ele>840.000000</ele>
			</trkpt>
			<trkpt lat="67.912809" lon="18.306246">
				<ele>838.000000</ele>
			</trkpt>
			<trkpt lat="67.914069" lon="18.304683">
				<ele>835.000000</ele>
			</trkpt>
			<trkpt lat="67.914843" lon="18.303435">
				<ele>834.000000</ele>
			</trkpt>
			<trkpt lat="67.914981" lon="18.303093">
				<ele>833.000000</ele>
			</trkpt>
			<trkpt lat="67.915083" lon="18.302949">
				<ele>833.000000</ele>
			</trkpt>
			<trkpt lat="67.915403" lon="18.302626">
				<ele>832.000000</ele>
			</trkpt>
			<trkpt lat="67.915443" lon="18.302590">
				<ele>832.000000</ele>
			</trkpt>
			<trkpt lat="67.916234" lon="18.301477">
				<ele>830.000000</ele>
			</trkpt>
			<trkpt lat="67.916416" lon="18.301108">
				<ele>830.000000</ele>
			</trkpt>
			<trkpt lat="67.916572" lon="18.300802">
				<ele>828.000000</ele>
			</trkpt>
			<trkpt lat="67.916673" lon="18.300649">
				<ele>827.000000</ele>
			</trkpt>
			<trkpt lat="67.916856" lon="18.300398">
				<ele>826.000000</ele>
			</trkpt>
			<trkpt lat="67.917078" lon="18.299958">
				<ele>823.000000</ele>
			</trkpt>
			<trkpt lat="67.917274" lon="18.299662">
				<ele>822.000000</ele>
			</trkpt>
			<trkpt lat="67.917788" lon="18.298565">
				<ele>817.000000</ele>
			</trkpt>
			<trkpt lat="67.918071" lon="18.297964">
				<ele>814.000000</ele>
			</trkpt>
			<trkpt lat="67.918618" lon="18.296590">
				<ele>808.000000</ele>
			</trkpt>
			<trkpt lat="67.918807" lon="18.296293">
				<ele>806.000000</ele>
			</trkpt>
			<trkpt lat="67.919148" lon="18.295771">
				<ele>804.000000</ele>
			</trkpt>
			<trkpt lat="67.919554" lon="18.295224">
				<ele>800.000000</ele>
			</trkpt>
			<trkpt lat="67.919702" lon="18.294900">
				<ele>799.000000</ele>
			</trkpt>
			<trkpt lat="67.919740" lon="18.294783">
				<ele>799.000000</ele>
			</trkpt>
			<trkpt lat="67.919824" lon="18.294514">
				<ele>798.000000</ele>
			</trkpt>
			<trkpt lat="67.919919" lon="18.294092">
				<ele>797.000000</ele>
			</trkpt>
			<trkpt lat="67.919939" lon="18.293561">
				<ele>795.000000</ele>
			</trkpt>
			<trkpt lat="67.920023" lon="18.293121">
				<ele>794.000000</ele>
			</trkpt>
			<trkpt lat="67.920121" lon="18.292682">
				<ele>793.000000</ele>
			</trkpt>
			<trkpt lat="67.920216" lon="18.292215">
				<ele>792.000000</ele>
			</trkpt>
			<trkpt lat="67.920303" lon="18.291829">
				<ele>791.000000</ele>
			</trkpt>
			<trkpt lat="67.920377" lon="18.291513">
				<ele>790.000000</ele>
			</trkpt>
			<trkpt lat="67.920776" lon="18.290813">
				<ele>790.000000</ele>
			</trkpt>
			<trkpt lat="67.920951" lon="18.290607">
				<ele>790.000000</ele>
			</trkpt>
			<trkpt lat="67.921093" lon="18.290211">
				<ele>790.000000</ele>
			</trkpt>
			<trkpt lat="67.921364" lon="18.289439">
				<ele>791.000000</ele>
			</trkpt>
			<trkpt lat="67.921505" lon="18.288945">
				<ele>791.000000</ele>
			</trkpt>
			<trkpt lat="67.921698" lon="18.288280">
				<ele>791.000000</ele>
			</trkpt>
			<trkpt lat="67.921840" lon="18.287840">
				<ele>791.000000</ele>
			</trkpt>
			<trkpt lat="67.921934" lon="18.287498">
				<ele>791.000000</ele>
			</trkpt>
			<trkpt lat="67.922029" lon="18.287255">
				<ele>791.000000</ele>
			</trkpt>
			<trkpt lat="67.922113" lon="18.287211">
				<ele>791.000000</ele>
			</trkpt>
			<trkpt lat="67.922306" lon="18.287121">
				<ele>792.000000</ele>
			</trkpt>
			<trkpt lat="67.922505" lon="18.287274">
				<ele>792.000000</ele>
			</trkpt>
			<trkpt lat="67.922846" lon="18.287687">
				<ele>792.000000</ele>
			</trkpt>
			<trkpt lat="67.923028" lon="18.287813">
				<ele>792.000000</ele>
			</trkpt>
			<trkpt lat="67.923099" lon="18.287858">
				<ele>792.000000</ele>
			</trkpt>
			<trkpt lat="67.923265" lon="18.287821">
				<ele>792.000000</ele>
			</trkpt>
			<trkpt lat="67.923389" lon="18.287848">
				<ele>792.000000</ele>
			</trkpt>
			<trkpt lat="67.923612" lon="18.287884">
				<ele>793.000000</ele>
			</trkpt>
			<trkpt lat="67.923737" lon="18.287965">
				<ele>793.000000</ele>
			</trkpt>
			<trkpt lat="67.924048" lon="18.287561">
				<ele>793.000000</ele>
			</trkpt>
			<trkpt lat="67.924183" lon="18.287489">
				<ele>793.000000</ele>
			</trkpt>
			<trkpt lat="67.924308" lon="18.287391">
				<ele>793.000000</ele>
			</trkpt>
			<trkpt lat="67.924388" lon="18.287382">
				<ele>793.000000</ele>
			</trkpt>
			<trkpt lat="67.924507" lon="18.287462">
				<ele>793.000000</ele>
			</trkpt>
			<trkpt lat="67.924622" lon="18.287408">
				<ele>793.000000</ele>
			</trkpt>
			<trkpt lat="67.924720" lon="18.287238">
				<ele>793.000000</ele>
			</trkpt>
			<trkpt lat="67.924952" lon="18.286978">
				<ele>794.000000</ele>
			</trkpt>
			<trkpt lat="67.925017" lon="18.286950">
				<ele>794.000000</ele>
			</trkpt>
			<trkpt lat="67.925172" lon="18.286915">
				<ele>794.000000</ele>
			</trkpt>
			<trkpt lat="67.925290" lon="18.286816">
				<ele>794.000000</ele>
			</trkpt>
			<trkpt lat="67.925908" lon="18.286133">
				<ele>794.000000</ele>
			</trkpt>
			<trkpt lat="67.926134" lon="18.286007">
				<ele>795.000000</ele>
			</trkpt>
			<trkpt lat="67.926245" lon="18.285944">
				<ele>795.000000</ele>
			</trkpt>
			<trkpt lat="67.926414" lon="18.285980">
				<ele>795.000000</ele>
			</trkpt>
			<trkpt lat="67.926573" lon="18.286079">
				<ele>795.000000</ele>
			</trkpt>
			<trkpt lat="67.926668" lon="18.286142">
				<ele>795.000000</ele>
			</trkpt>
			<trkpt lat="67.926843" lon="18.286240">
				<ele>795.000000</ele>
			</trkpt>
			<trkpt lat="67.926998" lon="18.286267">
				<ele>795.000000</ele>
			</trkpt>
			<trkpt lat="67.927116" lon="18.286177">
				<ele>795.000000</ele>
			</trkpt>
			<trkpt lat="67.927167" lon="18.286106">
				<ele>795.000000</ele>
			</trkpt>
			<trkpt lat="67.927224" lon="18.285998">
				<ele>795.000000</ele>
			</trkpt>
			<trkpt lat="67.927269" lon="18.286016">
				<ele>795.000000</ele>
			</trkpt>
			<trkpt lat="67.927437" lon="18.286142">
				<ele>796.000000</ele>
			</trkpt>
			<trkpt lat="67.927643" lon="18.286142">
				<ele>796.000000</ele>
			</trkpt>
			<trkpt lat="67.927745" lon="18.286177">
				<ele>796.000000</ele>
			</trkpt>
			<trkpt lat="67.927798" lon="18.286213">
				<ele>796.000000</ele>
			</trkpt>
			<trkpt lat="67.928007" lon="18.286456">
				<ele>796.000000</ele>
			</trkpt>
			<trkpt lat="67.928642" lon="18.286995">
				<ele>797.000000</ele>
			</trkpt>
			<trkpt lat="67.928781" lon="18.286986">
				<ele>797.000000</ele>
			</trkpt>
			<trkpt lat="67.929064" lon="18.286833">
				<ele>797.000000</ele>
			</trkpt>
			<trkpt lat="67.929310" lon="18.286636">
				<ele>797.000000</ele>
			</trkpt>
			<trkpt lat="67.929530" lon="18.286322">
				<ele>797.000000</ele>
			</trkpt>
			<trkpt lat="67.929719" lon="18.286106">
				<ele>797.000000</ele>
			</trkpt>
			<trkpt lat="67.930411" lon="18.285810">
				<ele>798.000000</ele>
			</trkpt>
			<trkpt lat="67.930944" lon="18.285307">
				<ele>798.000000</ele>
			</trkpt>
			<trkpt lat="67.931258" lon="18.284902">
				<ele>799.000000</ele>
			</trkpt>
			<trkpt lat="67.931288" lon="18.284858">
				<ele>799.000000</ele>
			</trkpt>
			<trkpt lat="67.931498" lon="18.284534">
				<ele>799.000000</ele>
			</trkpt>
			<trkpt lat="67.932193" lon="18.283177">
				<ele>799.000000</ele>
			</trkpt>
			<trkpt lat="67.932331" lon="18.282900">
				<ele>800.000000</ele>
			</trkpt>
			<trkpt lat="67.932443" lon="18.282764">
				<ele>800.000000</ele>
			</trkpt>
			<trkpt lat="67.932595" lon="18.282638">
				<ele>800.000000</ele>
			</trkpt>
			<trkpt lat="67.932837" lon="18.282513">
				<ele>800.000000</ele>
			</trkpt>
			<trkpt lat="67.932949" lon="18.282513">
				<ele>800.000000</ele>
			</trkpt>
			<trkpt lat="67.933135" lon="18.282521">
				<ele>802.000000</ele>
			</trkpt>
			<trkpt lat="67.933334" lon="18.282584">
				<ele>803.000000</ele>
			</trkpt>
			<trkpt lat="67.933590" lon="18.282521">
				<ele>804.000000</ele>
			</trkpt>
			<trkpt lat="67.934255" lon="18.282368">
				<ele>808.000000</ele>
			</trkpt>
			<trkpt lat="67.934849" lon="18.282387">
				<ele>811.000000</ele>
			</trkpt>
			<trkpt lat="67.935595" lon="18.282145">
				<ele>812.000000</ele>
			</trkpt>
			<trkpt lat="67.935935" lon="18.282135">
				<ele>812.000000</ele>
			</trkpt>
			<trkpt lat="67.936401" lon="18.282279">
				<ele>813.000000</ele>
			</trkpt>
			<trkpt lat="67.936705" lon="18.282458">
				<ele>814.000000</ele>
			</trkpt>
			<trkpt lat="67.936901" lon="18.282477">
				<ele>814.000000</ele>
			</trkpt>
			<trkpt lat="67.937262" lon="18.282351">
				<ele>815.000000</ele>
			</trkpt>
			<trkpt lat="67.937326" lon="18.282279">
				<ele>815.000000</ele>
			</trkpt>
			<trkpt lat="67.937505" lon="18.282387">
				<ele>815.000000</ele>
			</trkpt>
			<trkpt lat="67.937795" lon="18.282567">
				<ele>815.000000</ele>
			</trkpt>
			<trkpt lat="67.937873" lon="18.282720">
				<ele>816.000000</ele>
			</trkpt>
			<trkpt lat="67.938082" lon="18.283187">
				<ele>816.000000</ele>
			</trkpt>
			<trkpt lat="67.938281" lon="18.283204">
				<ele>816.000000</ele>
			</trkpt>
			<trkpt lat="67.938541" lon="18.283133">
				<ele>817.000000</ele>
			</trkpt>
			<trkpt lat="67.939050" lon="18.282728">
				<ele>818.000000</ele>
			</trkpt>
			<trkpt lat="67.939165" lon="18.282701">
				<ele>818.000000</ele>
			</trkpt>
			<trkpt lat="67.939256" lon="18.282737">
				<ele>818.000000</ele>
			</trkpt>
			<trkpt lat="67.939546" lon="18.282845">
				<ele>819.000000</ele>
			</trkpt>
			<trkpt lat="67.939849" lon="18.282845">
				<ele>819.000000</ele>
			</trkpt>
			<trkpt lat="67.940957" lon="18.282531">
				<ele>820.000000</ele>
			</trkpt>
			<trkpt lat="67.941243" lon="18.282567">
				<ele>820.000000</ele>
			</trkpt>
			<trkpt lat="67.941547" lon="18.282871">
				<ele>820.000000</ele>
			</trkpt>
			<trkpt lat="67.942299" lon="18.283313">
				<ele>820.000000</ele>
			</trkpt>
			<trkpt lat="67.942562" lon="18.283437">
				<ele>820.000000</ele>
			</trkpt>
			<trkpt lat="67.942687" lon="18.283456">
				<ele>820.000000</ele>
			</trkpt>
			<trkpt lat="67.942845" lon="18.283402">
				<ele>820.000000</ele>
			</trkpt>
			<trkpt lat="67.943294" lon="18.283043">
				<ele>820.000000</ele>
			</trkpt>
			<trkpt lat="67.943436" lon="18.282971">
				<ele>820.000000</ele>
			</trkpt>
			<trkpt lat="67.943561" lon="18.282971">
				<ele>820.000000</ele>
			</trkpt>
			<trkpt lat="67.944171" lon="18.283097">
				<ele>820.000000</ele>
			</trkpt>
			<trkpt lat="67.944475" lon="18.283303">
				<ele>820.000000</ele>
			</trkpt>
			<trkpt lat="67.944613" lon="18.283609">
				<ele>820.000000</ele>
			</trkpt>
			<trkpt lat="67.944711" lon="18.283600">
				<ele>820.000000</ele>
			</trkpt>
			<trkpt lat="67.944826" lon="18.283366">
				<ele>820.000000</ele>
			</trkpt>
			<trkpt lat="67.944980" lon="18.283087">
				<ele>820.000000</ele>
			</trkpt>
			<trkpt lat="67.945271" lon="18.282890">
				<ele>820.000000</ele>
			</trkpt>
			<trkpt lat="67.945480" lon="18.282871">
				<ele>820.000000</ele>
			</trkpt>
			<trkpt lat="67.945679" lon="18.282728">
				<ele>821.000000</ele>
			</trkpt>
			<trkpt lat="67.945814" lon="18.282701">
				<ele>821.000000</ele>
			</trkpt>
			<trkpt lat="67.945909" lon="18.282441">
				<ele>821.000000</ele>
			</trkpt>
			<trkpt lat="67.946185" lon="18.282244">
				<ele>822.000000</ele>
			</trkpt>
			<trkpt lat="67.946185" lon="18.282244">
				<ele>822.000000</ele>
			</trkpt>
			<trkpt lat="67.946246" lon="18.282198">
				<ele>822.000000</ele>
			</trkpt>
			<trkpt lat="67.946434" lon="18.282189">
				<ele>822.000000</ele>
			</trkpt>
			<trkpt lat="67.946643" lon="18.282055">
				<ele>823.000000</ele>
			</trkpt>
			<trkpt lat="67.946839" lon="18.282657">
				<ele>823.000000</ele>
			</trkpt>
			<trkpt lat="67.946957" lon="18.282558">
				<ele>824.000000</ele>
			</trkpt>
			<trkpt lat="67.947059" lon="18.282055">
				<ele>824.000000</ele>
			</trkpt>
			<trkpt lat="67.947079" lon="18.281731">
				<ele>824.000000</ele>
			</trkpt>
			<trkpt lat="67.947085" lon="18.281408">
				<ele>825.000000</ele>
			</trkpt>
			<trkpt lat="67.947281" lon="18.281345">
				<ele>825.000000</ele>
			</trkpt>
			<trkpt lat="67.947426" lon="18.281139">
				<ele>825.000000</ele>
			</trkpt>
			<trkpt lat="67.947598" lon="18.280195">
				<ele>826.000000</ele>
			</trkpt>
			<trkpt lat="67.947780" lon="18.279594">
				<ele>827.000000</ele>
			</trkpt>
			<trkpt lat="67.948222" lon="18.278668">
				<ele>828.000000</ele>
			</trkpt>
			<trkpt lat="67.948694" lon="18.277958">
				<ele>829.000000</ele>
			</trkpt>
			<trkpt lat="67.949477" lon="18.277392">
				<ele>831.000000</ele>
			</trkpt>
			<trkpt lat="67.949827" lon="18.277258">
				<ele>832.000000</ele>
			</trkpt>
			<trkpt lat="67.950189" lon="18.276862">
				<ele>834.000000</ele>
			</trkpt>
			<trkpt lat="67.950522" lon="18.276638">
				<ele>835.000000</ele>
			</trkpt>
			<trkpt lat="67.951426" lon="18.276395">
				<ele>838.000000</ele>
			</trkpt>
			<trkpt lat="67.951713" lon="18.276099">
				<ele>839.000000</ele>
			</trkpt>
			<trkpt lat="67.952960" lon="18.275946">
				<ele>840.000000</ele>
			</trkpt>
			<trkpt lat="67.953591" lon="18.276099">
				<ele>840.000000</ele>
			</trkpt>
			<trkpt lat="67.954026" lon="18.275856">
				<ele>840.000000</ele>
			</trkpt>
			<trkpt lat="67.955448" lon="18.274527">
				<ele>840.000000</ele>
			</trkpt>
			<trkpt lat="67.956683" lon="18.273808">
				<ele>845.000000</ele>
			</trkpt>
			<trkpt lat="67.956969" lon="18.273934">
				<ele>846.000000</ele>
			</trkpt>
			<trkpt lat="67.957185" lon="18.273915">
				<ele>847.000000</ele>
			</trkpt>
			<trkpt lat="67.957431" lon="18.273915">
				<ele>849.000000</ele>
			</trkpt>
			<trkpt lat="67.957903" lon="18.274114">
				<ele>850.000000</ele>
			</trkpt>
			<trkpt lat="67.959002" lon="18.274850">
				<ele>850.000000</ele>
			</trkpt>
			<trkpt lat="67.959390" lon="18.274895">
				<ele>850.000000</ele>
			</trkpt>
			<trkpt lat="67.961186" lon="18.272038">
				<ele>850.000000</ele>
			</trkpt>
			<trkpt lat="67.962511" lon="18.269918">
				<ele>846.000000</ele>
			</trkpt>
			<trkpt lat="67.962821" lon="18.269442">
				<ele>845.000000</ele>
			</trkpt>
			<trkpt lat="67.963920" lon="18.268428">
				<ele>843.000000</ele>
			</trkpt>
			<trkpt lat="67.965888" lon="18.267277">
				<ele>840.000000</ele>
			</trkpt>
			<trkpt lat="67.966215" lon="18.267466">
				<ele>840.000000</ele>
			</trkpt>
			<trkpt lat="67.966401" lon="18.267430">
				<ele>840.000000</ele>
			</trkpt>
			<trkpt lat="67.966522" lon="18.267394">
				<ele>840.000000</ele>
			</trkpt>
			<trkpt lat="67.966805" lon="18.267564">
				<ele>840.000000</ele>
			</trkpt>
			<trkpt lat="67.967429" lon="18.267843">
				<ele>840.000000</ele>
			</trkpt>
			<trkpt lat="67.967988" lon="18.267862">
				<ele>840.000000</ele>
			</trkpt>
			<trkpt lat="67.968406" lon="18.267834">
				<ele>840.000000</ele>
			</trkpt>
			<trkpt lat="67.969743" lon="18.267331">
				<ele>840.000000</ele>
			</trkpt>
			<trkpt lat="67.970740" lon="18.266136">
				<ele>840.000000</ele>
			</trkpt>
			<trkpt lat="67.971041" lon="18.265589">
				<ele>840.000000</ele>
			</trkpt>
			<trkpt lat="67.972018" lon="18.264052">
				<ele>840.000000</ele>
			</trkpt>
			<trkpt lat="67.972136" lon="18.263728">
				<ele>840.000000</ele>
			</trkpt>
			<trkpt lat="67.972230" lon="18.263621">
				<ele>840.000000</ele>
			</trkpt>
			<trkpt lat="67.972261" lon="18.263405">
				<ele>840.000000</ele>
			</trkpt>
			<trkpt lat="67.973311" lon="18.261780">
				<ele>841.000000</ele>
			</trkpt>
			<trkpt lat="67.973649" lon="18.260594">
				<ele>841.000000</ele>
			</trkpt>
			<trkpt lat="67.973871" lon="18.259417">
				<ele>842.000000</ele>
			</trkpt>
			<trkpt lat="67.974605" lon="18.257413">
				<ele>843.000000</ele>
			</trkpt>
			<trkpt lat="67.975039" lon="18.256254">
				<ele>844.000000</ele>
			</trkpt>
			<trkpt lat="67.975673" lon="18.255123">
				<ele>845.000000</ele>
			</trkpt>
			<trkpt lat="67.975943" lon="18.254925">
				<ele>845.000000</ele>
			</trkpt>
			<trkpt lat="67.976226" lon="18.254719">
				<ele>846.000000</ele>
			</trkpt>
			<trkpt lat="67.976865" lon="18.254583">
				<ele>846.000000</ele>
			</trkpt>
			<trkpt lat="67.977118" lon="18.254333">
				<ele>847.000000</ele>
			</trkpt>
			<trkpt lat="67.978617" lon="18.253237">
				<ele>848.000000</ele>
			</trkpt>
			<trkpt lat="67.979415" lon="18.252975">
				<ele>849.000000</ele>
			</trkpt>
			<trkpt lat="67.979560" lon="18.252851">
				<ele>850.000000</ele>
			</trkpt>
			<trkpt lat="67.980058" lon="18.252438">
				<ele>853.000000</ele>
			</trkpt>
			<trkpt lat="67.981244" lon="18.251916">
				<ele>862.000000</ele>
			</trkpt>
			<trkpt lat="67.982914" lon="18.252069">
				<ele>867.000000</ele>
			</trkpt>
			<trkpt lat="67.983978" lon="18.254557">
				<ele>871.000000</ele>
			</trkpt>
			<trkpt lat="67.984443" lon="18.255186">
				<ele>872.000000</ele>
			</trkpt>
			<trkpt lat="67.985349" lon="18.254773">
				<ele>874.000000</ele>
			</trkpt>
			<trkpt lat="67.985602" lon="18.254908">
				<ele>874.000000</ele>
			</trkpt>
			<trkpt lat="67.985851" lon="18.254962">
				<ele>875.000000</ele>
			</trkpt>
			<trkpt lat="67.986460" lon="18.254583">
				<ele>876.000000</ele>
			</trkpt>
			<trkpt lat="67.987278" lon="18.254440">
				<ele>877.000000</ele>
			</trkpt>
			<trkpt lat="67.987736" lon="18.254583">
				<ele>878.000000</ele>
			</trkpt>
			<trkpt lat="67.987901" lon="18.254638">
				<ele>879.000000</ele>
			</trkpt>
			<trkpt lat="67.988895" lon="18.254386">
				<ele>881.000000</ele>
			</trkpt>
			<trkpt lat="67.990262" lon="18.254539">
				<ele>883.000000</ele>
			</trkpt>
			<trkpt lat="67.990521" lon="18.254467">
				<ele>883.000000</ele>
			</trkpt>
			<trkpt lat="67.990706" lon="18.254656">
				<ele>884.000000</ele>
			</trkpt>
			<trkpt lat="67.990837" lon="18.254962">
				<ele>884.000000</ele>
			</trkpt>
			<trkpt lat="67.991133" lon="18.255258">
				<ele>884.000000</ele>
			</trkpt>
			<trkpt lat="67.991436" lon="18.255528">
				<ele>885.000000</ele>
			</trkpt>
			<trkpt lat="67.991713" lon="18.255770">
				<ele>885.000000</ele>
			</trkpt>
			<trkpt lat="67.992291" lon="18.256390">
				<ele>886.000000</ele>
			</trkpt>
			<trkpt lat="67.993439" lon="18.256883">
				<ele>888.000000</ele>
			</trkpt>
			<trkpt lat="67.995476" lon="18.254755">
				<ele>897.000000</ele>
			</trkpt>
			<trkpt lat="67.995886" lon="18.254782">
				<ele>900.000000</ele>
			</trkpt>
			<trkpt lat="67.996347" lon="18.254306">
				<ele>901.000000</ele>
			</trkpt>
			<trkpt lat="67.996614" lon="18.254046">
				<ele>902.000000</ele>
			</trkpt>
			<trkpt lat="67.996919" lon="18.254046">
				<ele>903.000000</ele>
			</trkpt>
			<trkpt lat="67.997216" lon="18.253658">
				<ele>903.000000</ele>
			</trkpt>
			<trkpt lat="67.998091" lon="18.253174">
				<ele>905.000000</ele>
			</trkpt>
			<trkpt lat="67.998340" lon="18.252725">
				<ele>906.000000</ele>
			</trkpt>
			<trkpt lat="67.998683" lon="18.252662">
				<ele>907.000000</ele>
			</trkpt>
			<trkpt lat="67.999491" lon="18.252006">
				<ele>909.000000</ele>
			</trkpt>
			<trkpt lat="68.000016" lon="18.251952">
				<ele>910.000000</ele>
			</trkpt>
			<trkpt lat="68.000695" lon="18.251323">
				<ele>912.000000</ele>
			</trkpt>
			<trkpt lat="68.001264" lon="18.251134">
				<ele>914.000000</ele>
			</trkpt>
			<trkpt lat="68.001682" lon="18.250830">
				<ele>915.000000</ele>
			</trkpt>
			<trkpt lat="68.001863" lon="18.250694">
				<ele>916.000000</ele>
			</trkpt>
			<trkpt lat="68.002062" lon="18.250515">
				<ele>917.000000</ele>
			</trkpt>
			<trkpt lat="68.002419" lon="18.250362">
				<ele>918.000000</ele>
			</trkpt>
			<trkpt lat="68.002634" lon="18.250012">
				<ele>918.000000</ele>
			</trkpt>
			<trkpt lat="68.002899" lon="18.249912">
				<ele>919.000000</ele>
			</trkpt>
			<trkpt lat="68.003051" lon="18.249356">
				<ele>920.000000</ele>
			</trkpt>
			<trkpt lat="68.003333" lon="18.249140">
				<ele>922.000000</ele>
			</trkpt>
			<trkpt lat="68.003471" lon="18.249222">
				<ele>923.000000</ele>
			</trkpt>
			<trkpt lat="68.003613" lon="18.249077">
				<ele>924.000000</ele>
			</trkpt>
			<trkpt lat="68.003758" lon="18.249132">
				<ele>925.000000</ele>
			</trkpt>
			<trkpt lat="68.004202" lon="18.249132">
				<ele>929.000000</ele>
			</trkpt>
			<trkpt lat="68.004282" lon="18.249069">
				<ele>929.000000</ele>
			</trkpt>
			<trkpt lat="68.004457" lon="18.248924">
				<ele>930.000000</ele>
			</trkpt>
			<trkpt lat="68.004969" lon="18.249186">
				<ele>933.000000</ele>
			</trkpt>
			<trkpt lat="68.005436" lon="18.249113">
				<ele>936.000000</ele>
			</trkpt>
			<trkpt lat="68.005648" lon="18.249077">
				<ele>937.000000</ele>
			</trkpt>
			<trkpt lat="68.005733" lon="18.249059">
				<ele>937.000000</ele>
			</trkpt>
			<trkpt lat="68.005971" lon="18.248700">
				<ele>939.000000</ele>
			</trkpt>
			<trkpt lat="68.006059" lon="18.248700">
				<ele>939.000000</ele>
			</trkpt>
			<trkpt lat="68.006126" lon="18.248538">
				<ele>939.000000</ele>
			</trkpt>
			<trkpt lat="68.006446" lon="18.248538">
				<ele>941.000000</ele>
			</trkpt>
			<trkpt lat="68.006547" lon="18.248260">
				<ele>942.000000</ele>
			</trkpt>
			<trkpt lat="68.006634" lon="18.248027">
				<ele>943.000000</ele>
			</trkpt>
			<trkpt lat="68.006997" lon="18.247641">
				<ele>945.000000</ele>
			</trkpt>
			<trkpt lat="68.007290" lon="18.247658">
				<ele>947.000000</ele>
			</trkpt>
			<trkpt lat="68.007532" lon="18.247595">
				<ele>948.000000</ele>
			</trkpt>
			<trkpt lat="68.007650" lon="18.247559">
				<ele>949.000000</ele>
			</trkpt>
			<trkpt lat="68.007986" lon="18.247191">
				<ele>952.000000</ele>
			</trkpt>
			<trkpt lat="68.008242" lon="18.247119">
				<ele>954.000000</ele>
			</trkpt>
			<trkpt lat="68.008336" lon="18.247146">
				<ele>955.000000</ele>
			</trkpt>
			<trkpt lat="68.008666" lon="18.246985">
				<ele>958.000000</ele>
			</trkpt>
			<trkpt lat="68.009147" lon="18.247048">
				<ele>962.000000</ele>
			</trkpt>
			<trkpt lat="68.009759" lon="18.246562">
				<ele>967.000000</ele>
			</trkpt>
			<trkpt lat="68.010660" lon="18.246454">
				<ele>980.000000</ele>
			</trkpt>
			<trkpt lat="68.010812" lon="18.246006">
				<ele>983.000000</ele>
			</trkpt>
			<trkpt lat="68.011014" lon="18.245700">
				<ele>986.000000</ele>
			</trkpt>
			<trkpt lat="68.011226" lon="18.245763">
				<ele>988.000000</ele>
			</trkpt>
			<trkpt lat="68.011391" lon="18.245322">
				<ele>991.000000</ele>
			</trkpt>
			<trkpt lat="68.011626" lon="18.245115">
				<ele>994.000000</ele>
			</trkpt>
			<trkpt lat="68.011794" lon="18.244738">
				<ele>997.000000</ele>
			</trkpt>
			<trkpt lat="68.011888" lon="18.244335">
				<ele>999.000000</ele>
			</trkpt>
			<trkpt lat="68.012100" lon="18.243966">
				<ele>1002.000000</ele>
			</trkpt>
			<trkpt lat="68.012494" lon="18.243050">
				<ele>1008.000000</ele>
			</trkpt>
			<trkpt lat="68.012871" lon="18.243176">
				<ele>1014.000000</ele>
			</trkpt>
			<trkpt lat="68.012971" lon="18.243328">
				<ele>1017.000000</ele>
			</trkpt>
			<trkpt lat="68.013119" lon="18.243184">
				<ele>1020.000000</ele>
			</trkpt>
			<trkpt lat="68.013264" lon="18.243113">
				<ele>1022.000000</ele>
			</trkpt>
			<trkpt lat="68.013445" lon="18.243067">
				<ele>1025.000000</ele>
			</trkpt>
			<trkpt lat="68.013634" lon="18.242933">
				<ele>1027.000000</ele>
			</trkpt>
			<trkpt lat="68.013768" lon="18.242851">
				<ele>1029.000000</ele>
			</trkpt>
			<trkpt lat="68.013930" lon="18.242735">
				<ele>1033.000000</ele>
			</trkpt>
			<trkpt lat="68.014078" lon="18.242664">
				<ele>1037.000000</ele>
			</trkpt>
			<trkpt lat="68.014206" lon="18.242717">
				<ele>1040.000000</ele>
			</trkpt>
			<trkpt lat="68.014549" lon="18.242717">
				<ele>1053.000000</ele>
			</trkpt>
			<trkpt lat="68.014683" lon="18.242762">
				<ele>1059.000000</ele>
			</trkpt>
			<trkpt lat="68.014868" lon="18.242735">
				<ele>1063.000000</ele>
			</trkpt>
			<trkpt lat="68.014983" lon="18.242960">
				<ele>1065.000000</ele>
			</trkpt>
			<trkpt lat="68.015137" lon="18.242996">
				<ele>1068.000000</ele>
			</trkpt>
			<trkpt lat="68.015477" lon="18.243436">
				<ele>1076.000000</ele>
			</trkpt>
			<trkpt lat="68.015746" lon="18.243257">
				<ele>1081.000000</ele>
			</trkpt>
			<trkpt lat="68.015991" lon="18.243301">
				<ele>1084.000000</ele>
			</trkpt>
			<trkpt lat="68.016186" lon="18.243480">
				<ele>1088.000000</ele>
			</trkpt>
			<trkpt lat="68.016522" lon="18.243346">
				<ele>1093.000000</ele>
			</trkpt>
			<trkpt lat="68.017128" lon="18.244459">
				<ele>1105.000000</ele>
			</trkpt>
			<trkpt lat="68.017619" lon="18.245107">
				<ele>1112.000000</ele>
			</trkpt>
			<trkpt lat="68.017935" lon="18.244945">
				<ele>1115.000000</ele>
			</trkpt>
			<trkpt lat="68.018126" lon="18.245107">
				<ele>1117.000000</ele>
			</trkpt>
			<trkpt lat="68.018375" lon="18.244928">
				<ele>1120.000000</ele>
			</trkpt>
			<trkpt lat="68.018604" lon="18.244918">
				<ele>1125.000000</ele>
			</trkpt>
			<trkpt lat="68.018981" lon="18.245197">
				<ele>1130.000000</ele>
			</trkpt>
			<trkpt lat="68.019327" lon="18.246373">
				<ele>1130.000000</ele>
			</trkpt>
			<trkpt lat="68.019657" lon="18.247299">
				<ele>1130.000000</ele>
			</trkpt>
			<trkpt lat="68.019899" lon="18.247981">
				<ele>1130.000000</ele>
			</trkpt>
			<trkpt lat="68.020238" lon="18.248117">
				<ele>1130.000000</ele>
			</trkpt>
			<trkpt lat="68.020443" lon="18.248817">
				<ele>1125.000000</ele>
			</trkpt>
			<trkpt lat="68.020998" lon="18.249059">
				<ele>1114.000000</ele>
			</trkpt>
			<trkpt lat="68.021328" lon="18.248430">
				<ele>1109.000000</ele>
			</trkpt>
			<trkpt lat="68.021731" lon="18.247937">
				<ele>1107.000000</ele>
			</trkpt>
			<trkpt lat="68.021919" lon="18.248062">
				<ele>1106.000000</ele>
			</trkpt>
			<trkpt lat="68.021987" lon="18.248107">
				<ele>1106.000000</ele>
			</trkpt>
			<trkpt lat="68.023385" lon="18.247586">
				<ele>1100.000000</ele>
			</trkpt>
			<trkpt lat="68.023731" lon="18.247209">
				<ele>1098.000000</ele>
			</trkpt>
			<trkpt lat="68.024199" lon="18.247048">
				<ele>1096.000000</ele>
			</trkpt>
			<trkpt lat="68.024542" lon="18.246373">
				<ele>1094.000000</ele>
			</trkpt>
			<trkpt lat="68.025624" lon="18.245727">
				<ele>1089.000000</ele>
			</trkpt>
			<trkpt lat="68.025919" lon="18.245870">
				<ele>1088.000000</ele>
			</trkpt>
			<trkpt lat="68.026162" lon="18.245708">
				<ele>1087.000000</ele>
			</trkpt>
			<trkpt lat="68.026370" lon="18.245924">
				<ele>1086.000000</ele>
			</trkpt>
			<trkpt lat="68.027150" lon="18.245654">
				<ele>1084.000000</ele>
			</trkpt>
			<trkpt lat="68.027664" lon="18.245907">
				<ele>1082.000000</ele>
			</trkpt>
			<trkpt lat="68.028726" lon="18.245970">
				<ele>1080.000000</ele>
			</trkpt>
			<trkpt lat="68.030030" lon="18.245412">
				<ele>1080.000000</ele>
			</trkpt>
			<trkpt lat="68.030803" lon="18.245646">
				<ele>1080.000000</ele>
			</trkpt>
			<trkpt lat="68.031297" lon="18.245565">
				<ele>1080.000000</ele>
			</trkpt>
			<trkpt lat="68.032752" lon="18.245790">
				<ele>1080.000000</ele>
			</trkpt>
			<trkpt lat="68.033297" lon="18.245673">
				<ele>1080.000000</ele>
			</trkpt>
			<trkpt lat="68.034442" lon="18.245978">
				<ele>1078.000000</ele>
			</trkpt>
			<trkpt lat="68.035282" lon="18.245960">
				<ele>1077.000000</ele>
			</trkpt>
			<trkpt lat="68.036536" lon="18.245278">
				<ele>1074.000000</ele>
			</trkpt>
			<trkpt lat="68.039012" lon="18.244901">
				<ele>1070.000000</ele>
			</trkpt>
			<trkpt lat="68.040063" lon="18.244146">
				<ele>1066.000000</ele>
			</trkpt>
			<trkpt lat="68.040409" lon="18.244245">
				<ele>1065.000000</ele>
			</trkpt>
			<trkpt lat="68.041098" lon="18.243391">
				<ele>1061.000000</ele>
			</trkpt>
			<trkpt lat="68.041679" lon="18.243301">
				<ele>1059.000000</ele>
			</trkpt>
			<trkpt lat="68.042183" lon="18.243373">
				<ele>1057.000000</ele>
			</trkpt>
			<trkpt lat="68.042546" lon="18.243706">
				<ele>1056.000000</ele>
			</trkpt>
			<trkpt lat="68.042828" lon="18.243480">
				<ele>1055.000000</ele>
			</trkpt>
			<trkpt lat="68.043063" lon="18.243759">
				<ele>1054.000000</ele>
			</trkpt>
			<trkpt lat="68.045028" lon="18.243822">
				<ele>1048.000000</ele>
			</trkpt>
			<trkpt lat="68.047731" lon="18.244721">
				<ele>1041.000000</ele>
			</trkpt>
			<trkpt lat="68.048497" lon="18.244775">
				<ele>1039.000000</ele>
			</trkpt>
			<trkpt lat="68.049125" lon="18.245142">
				<ele>1036.000000</ele>
			</trkpt>
			<trkpt lat="68.049612" lon="18.241828">
				<ele>1020.000000</ele>
			</trkpt>
			<trkpt lat="68.049636" lon="18.241630">
				<ele>1020.000000</ele>
			</trkpt>
			<trkpt lat="68.049672" lon="18.241333">
				<ele>1020.000000</ele>
			</trkpt>
			<trkpt lat="68.050210" lon="18.241352">
				<ele>1019.000000</ele>
			</trkpt>
			<trkpt lat="68.050636" lon="18.241253">
				<ele>1016.000000</ele>
			</trkpt>
			<trkpt lat="68.050942" lon="18.241127">
				<ele>1014.000000</ele>
			</trkpt>
			<trkpt lat="68.051250" lon="18.241316">
				<ele>1013.000000</ele>
			</trkpt>
			<trkpt lat="68.051455" lon="18.241864">
				<ele>1011.000000</ele>
			</trkpt>
			<trkpt lat="68.051455" lon="18.241864">
				<ele>1011.000000</ele>
			</trkpt>
			<trkpt lat="68.051250" lon="18.241316">
				<ele>1013.000000</ele>
			</trkpt>
			<trkpt lat="68.050942" lon="18.241127">
				<ele>1014.000000</ele>
			</trkpt>
			<trkpt lat="68.050636" lon="18.241253">
				<ele>1016.000000</ele>
			</trkpt>
			<trkpt lat="68.050210" lon="18.241352">
				<ele>1019.000000</ele>
			</trkpt>
			<trkpt lat="68.049672" lon="18.241333">
				<ele>1020.000000</ele>
			</trkpt>
			<trkpt lat="68.049636" lon="18.241630">
				<ele>1020.000000</ele>
			</trkpt>
			<trkpt lat="68.049612" lon="18.241828">
				<ele>1020.000000</ele>
			</trkpt>
			<trkpt lat="68.049125" lon="18.245142">
				<ele>1036.000000</ele>
			</trkpt>
			<trkpt lat="68.050706" lon="18.246167">
				<ele>1030.000000</ele>
			</trkpt>
			<trkpt lat="68.051180" lon="18.246130">
				<ele>1024.000000</ele>
			</trkpt>
			<trkpt lat="68.051365" lon="18.246293">
				<ele>1022.000000</ele>
			</trkpt>
			<trkpt lat="68.051633" lon="18.246346">
				<ele>1019.000000</ele>
			</trkpt>
			<trkpt lat="68.051660" lon="18.246364">
				<ele>1019.000000</ele>
			</trkpt>
			<trkpt lat="68.051805" lon="18.246427">
				<ele>1018.000000</ele>
			</trkpt>
			<trkpt lat="68.052154" lon="18.246562">
				<ele>1016.000000</ele>
			</trkpt>
			<trkpt lat="68.052500" lon="18.246670">
				<ele>1013.000000</ele>
			</trkpt>
			<trkpt lat="68.053228" lon="18.247191">
				<ele>1008.000000</ele>
			</trkpt>
			<trkpt lat="68.053809" lon="18.247245">
				<ele>1004.000000</ele>
			</trkpt>
			<trkpt lat="68.054393" lon="18.247675">
				<ele>1000.000000</ele>
			</trkpt>
			<trkpt lat="68.055209" lon="18.248341">
				<ele>991.000000</ele>
			</trkpt>
			<trkpt lat="68.055608" lon="18.248790">
				<ele>986.000000</ele>
			</trkpt>
			<trkpt lat="68.055921" lon="18.248996">
				<ele>983.000000</ele>
			</trkpt>
			<trkpt lat="68.056481" lon="18.249446">
				<ele>977.000000</ele>
			</trkpt>
			<trkpt lat="68.057183" lon="18.250092">
				<ele>969.000000</ele>
			</trkpt>
			<trkpt lat="68.057730" lon="18.250560">
				<ele>963.000000</ele>
			</trkpt>
			<trkpt lat="68.058019" lon="18.250730">
				<ele>960.000000</ele>
			</trkpt>
			<trkpt lat="68.058834" lon="18.251566">
				<ele>953.000000</ele>
			</trkpt>
			<trkpt lat="68.059573" lon="18.252015">
				<ele>946.000000</ele>
			</trkpt>
			<trkpt lat="68.060160" lon="18.252499">
				<ele>940.000000</ele>
			</trkpt>
			<trkpt lat="68.060710" lon="18.252734">
				<ele>931.000000</ele>
			</trkpt>
			<trkpt lat="68.060989" lon="18.252868">
				<ele>927.000000</ele>
			</trkpt>
			<trkpt lat="68.061298" lon="18.252994">
				<ele>922.000000</ele>
			</trkpt>
			<trkpt lat="68.061711" lon="18.253218">
				<ele>919.000000</ele>
			</trkpt>
			<trkpt lat="68.061865" lon="18.253390">
				<ele>918.000000</ele>
			</trkpt>
			<trkpt lat="68.061902" lon="18.253417">
				<ele>918.000000</ele>
			</trkpt>
			<trkpt lat="68.062086" lon="18.253560">
				<ele>918.000000</ele>
			</trkpt>
			<trkpt lat="68.062295" lon="18.253748">
				<ele>917.000000</ele>
			</trkpt>
			<trkpt lat="68.062506" lon="18.253928">
				<ele>916.000000</ele>
			</trkpt>
			<trkpt lat="68.062815" lon="18.254432">
				<ele>915.000000</ele>
			</trkpt>
			<trkpt lat="68.063298" lon="18.255509">
				<ele>912.000000</ele>
			</trkpt>
			<trkpt lat="68.063553" lon="18.256130">
				<ele>911.000000</ele>
			</trkpt>
			<trkpt lat="68.063738" lon="18.256570">
				<ele>910.000000</ele>
			</trkpt>
			<trkpt lat="68.064309" lon="18.257656">
				<ele>905.000000</ele>
			</trkpt>
			<trkpt lat="68.064768" lon="18.258411">
				<ele>901.000000</ele>
			</trkpt>
			<trkpt lat="68.065342" lon="18.259246">
				<ele>898.000000</ele>
			</trkpt>
			<trkpt lat="68.065583" lon="18.259759">
				<ele>896.000000</ele>
			</trkpt>
			<trkpt lat="68.065849" lon="18.260145">
				<ele>895.000000</ele>
			</trkpt>
			<trkpt lat="68.065916" lon="18.260289">
				<ele>895.000000</ele>
			</trkpt>
			<trkpt lat="68.066167" lon="18.260801">
				<ele>893.000000</ele>
			</trkpt>
			<trkpt lat="68.066882" lon="18.262444">
				<ele>889.000000</ele>
			</trkpt>
			<trkpt lat="68.067023" lon="18.262786">
				<ele>888.000000</ele>
			</trkpt>
			<trkpt lat="68.067378" lon="18.263648">
				<ele>885.000000</ele>
			</trkpt>
			<trkpt lat="68.067580" lon="18.264430">
				<ele>883.000000</ele>
			</trkpt>
			<trkpt lat="68.067748" lon="18.264744">
				<ele>882.000000</ele>
			</trkpt>
			<trkpt lat="68.068160" lon="18.265059">
				<ele>880.000000</ele>
			</trkpt>
			<trkpt lat="68.068496" lon="18.264996">
				<ele>879.000000</ele>
			</trkpt>
			<trkpt lat="68.068634" lon="18.265076">
				<ele>879.000000</ele>
			</trkpt>
			<trkpt lat="68.068865" lon="18.265202">
				<ele>879.000000</ele>
			</trkpt>
			<trkpt lat="68.068932" lon="18.265265">
				<ele>879.000000</ele>
			</trkpt>
			<trkpt lat="68.069496" lon="18.265759">
				<ele>878.000000</ele>
			</trkpt>
			<trkpt lat="68.069781" lon="18.266208">
				<ele>877.000000</ele>
			</trkpt>
			<trkpt lat="68.070197" lon="18.266352">
				<ele>876.000000</ele>
			</trkpt>
			<trkpt lat="68.070844" lon="18.266218">
				<ele>875.000000</ele>
			</trkpt>
			<trkpt lat="68.071579" lon="18.266621">
				<ele>874.000000</ele>
			</trkpt>
			<trkpt lat="68.072032" lon="18.267331">
				<ele>873.000000</ele>
			</trkpt>
			<trkpt lat="68.072320" lon="18.267862">
				<ele>872.000000</ele>
			</trkpt>
			<trkpt lat="68.072471" lon="18.267870">
				<ele>872.000000</ele>
			</trkpt>
			<trkpt lat="68.073012" lon="18.268669">
				<ele>871.000000</ele>
			</trkpt>
			<trkpt lat="68.074169" lon="18.269380">
				<ele>869.000000</ele>
			</trkpt>
			<trkpt lat="68.074367" lon="18.269774">
				<ele>868.000000</ele>
			</trkpt>
			<trkpt lat="68.074776" lon="18.270063">
				<ele>867.000000</ele>
			</trkpt>
			<trkpt lat="68.075235" lon="18.270655">
				<ele>865.000000</ele>
			</trkpt>
			<trkpt lat="68.075575" lon="18.270789">
				<ele>865.000000</ele>
			</trkpt>
			<trkpt lat="68.075883" lon="18.271015">
				<ele>864.000000</ele>
			</trkpt>
			<trkpt lat="68.076000" lon="18.271329">
				<ele>863.000000</ele>
			</trkpt>
			<trkpt lat="68.076118" lon="18.271302">
				<ele>863.000000</ele>
			</trkpt>
			<trkpt lat="68.076430" lon="18.271374">
				<ele>862.000000</ele>
			</trkpt>
			<trkpt lat="68.076493" lon="18.271518">
				<ele>862.000000</ele>
			</trkpt>
			<trkpt lat="68.076627" lon="18.272074">
				<ele>861.000000</ele>
			</trkpt>
			<trkpt lat="68.076681" lon="18.272299">
				<ele>861.000000</ele>
			</trkpt>
			<trkpt lat="68.076815" lon="18.272334">
				<ele>861.000000</ele>
			</trkpt>
			<trkpt lat="68.077140" lon="18.272254">
				<ele>860.000000</ele>
			</trkpt>
			<trkpt lat="68.077426" lon="18.272371">
				<ele>860.000000</ele>
			</trkpt>
			<trkpt lat="68.077560" lon="18.272523">
				<ele>860.000000</ele>
			</trkpt>
			<trkpt lat="68.077654" lon="18.272631">
				<ele>860.000000</ele>
			</trkpt>
			<trkpt lat="68.077674" lon="18.273197">
				<ele>860.000000</ele>
			</trkpt>
			<trkpt lat="68.077744" lon="18.273556">
				<ele>860.000000</ele>
			</trkpt>
			<trkpt lat="68.077791" lon="18.273852">
				<ele>860.000000</ele>
			</trkpt>
			<trkpt lat="68.077848" lon="18.274221">
				<ele>860.000000</ele>
			</trkpt>
			<trkpt lat="68.078190" lon="18.275011">
				<ele>860.000000</ele>
			</trkpt>
			<trkpt lat="68.078221" lon="18.275084">
				<ele>860.000000</ele>
			</trkpt>
			<trkpt lat="68.078234" lon="18.275137">
				<ele>860.000000</ele>
			</trkpt>
			<trkpt lat="68.078241" lon="18.275183">
				<ele>860.000000</ele>
			</trkpt>
			<trkpt lat="68.078405" lon="18.275550">
				<ele>860.000000</ele>
			</trkpt>
			<trkpt lat="68.078797" lon="18.276701">
				<ele>860.000000</ele>
			</trkpt>
			<trkpt lat="68.078817" lon="18.276764">
				<ele>860.000000</ele>
			</trkpt>
			<trkpt lat="68.078851" lon="18.277680">
				<ele>860.000000</ele>
			</trkpt>
			<trkpt lat="68.078874" lon="18.278129">
				<ele>860.000000</ele>
			</trkpt>
			<trkpt lat="68.078891" lon="18.278443">
				<ele>860.000000</ele>
			</trkpt>
			<trkpt lat="68.078992" lon="18.278776">
				<ele>860.000000</ele>
			</trkpt>
			<trkpt lat="68.079411" lon="18.278749">
				<ele>860.000000</ele>
			</trkpt>
			<trkpt lat="68.079743" lon="18.279000">
				<ele>860.000000</ele>
			</trkpt>
			<trkpt lat="68.079975" lon="18.279395">
				<ele>860.000000</ele>
			</trkpt>
			<trkpt lat="68.080186" lon="18.279728">
				<ele>860.000000</ele>
			</trkpt>
			<trkpt lat="68.080411" lon="18.280231">
				<ele>860.000000</ele>
			</trkpt>
			<trkpt lat="68.080471" lon="18.280626">
				<ele>860.000000</ele>
			</trkpt>
			<trkpt lat="68.080689" lon="18.280994">
				<ele>860.000000</ele>
			</trkpt>
			<trkpt lat="68.081255" lon="18.281794">
				<ele>860.000000</ele>
			</trkpt>
			<trkpt lat="68.081426" lon="18.282189">
				<ele>860.000000</ele>
			</trkpt>
			<trkpt lat="68.081678" lon="18.282692">
				<ele>860.000000</ele>
			</trkpt>
			<trkpt lat="68.082650" lon="18.284884">
				<ele>861.000000</ele>
			</trkpt>
			<trkpt lat="68.082721" lon="18.285234">
				<ele>861.000000</ele>
			</trkpt>
			<trkpt lat="68.083046" lon="18.286384">
				<ele>862.000000</ele>
			</trkpt>
			<trkpt lat="68.083593" lon="18.288074">
				<ele>863.000000</ele>
			</trkpt>
			<trkpt lat="68.083774" lon="18.288711">
				<ele>863.000000</ele>
			</trkpt>
			<trkpt lat="68.084233" lon="18.290158">
				<ele>864.000000</ele>
			</trkpt>
			<trkpt lat="68.084257" lon="18.290319">
				<ele>864.000000</ele>
			</trkpt>
			<trkpt lat="68.084723" lon="18.291416">
				<ele>865.000000</ele>
			</trkpt>
			<trkpt lat="68.085477" lon="18.293301">
				<ele>866.000000</ele>
			</trkpt>
			<trkpt lat="68.085689" lon="18.293760">
				<ele>867.000000</ele>
			</trkpt>
			<trkpt lat="68.086255" lon="18.294963">
				<ele>868.000000</ele>
			</trkpt>
			<trkpt lat="68.087217" lon="18.297012">
				<ele>869.000000</ele>
			</trkpt>
			<trkpt lat="68.087468" lon="18.297729">
				<ele>870.000000</ele>
			</trkpt>
			<trkpt lat="68.087981" lon="18.299203">
				<ele>871.000000</ele>
			</trkpt>
			<trkpt lat="68.088326" lon="18.300048">
				<ele>873.000000</ele>
			</trkpt>
			<trkpt lat="68.089621" lon="18.302590">
				<ele>878.000000</ele>
			</trkpt>
			<trkpt lat="68.090137" lon="18.303444">
				<ele>880.000000</ele>
			</trkpt>
			<trkpt lat="68.090157" lon="18.303471">
				<ele>880.000000</ele>
			</trkpt>
			<trkpt lat="68.092668" lon="18.306857">
				<ele>893.000000</ele>
			</trkpt>
			<trkpt lat="68.094132" lon="18.308959">
				<ele>899.000000</ele>
			</trkpt>
			<trkpt lat="68.094726" lon="18.309993">
				<ele>900.000000</ele>
			</trkpt>
			<trkpt lat="68.095439" lon="18.311421">
				<ele>900.000000</ele>
			</trkpt>
			<trkpt lat="68.096608" lon="18.313253">
				<ele>900.000000</ele>
			</trkpt>
			<trkpt lat="68.096783" lon="18.313595">
				<ele>900.000000</ele>
			</trkpt>
			<trkpt lat="68.097256" lon="18.314637">
				<ele>900.000000</ele>
			</trkpt>
			<trkpt lat="68.097889" lon="18.315679">
				<ele>900.000000</ele>
			</trkpt>
			<trkpt lat="68.098703" lon="18.316909">
				<ele>900.000000</ele>
			</trkpt>
			<trkpt lat="68.098847" lon="18.317197">
				<ele>900.000000</ele>
			</trkpt>
			<trkpt lat="68.099165" lon="18.317969">
				<ele>900.000000</ele>
			</trkpt>
			<trkpt lat="68.099729" lon="18.319712">
				<ele>900.000000</ele>
			</trkpt>
			<trkpt lat="68.100368" lon="18.320691">
				<ele>900.000000</ele>
			</trkpt>
			<trkpt lat="68.100697" lon="18.321365">
				<ele>900.000000</ele>
			</trkpt>
			<trkpt lat="68.100962" lon="18.322012">
				<ele>900.000000</ele>
			</trkpt>
			<trkpt lat="68.101528" lon="18.323629">
				<ele>895.000000</ele>
			</trkpt>
			<trkpt lat="68.101970" lon="18.324715">
				<ele>890.000000</ele>
			</trkpt>
			<trkpt lat="68.102114" lon="18.324994">
				<ele>889.000000</ele>
			</trkpt>
			<trkpt lat="68.103286" lon="18.326719">
				<ele>884.000000</ele>
			</trkpt>
			<trkpt lat="68.103424" lon="18.326943">
				<ele>884.000000</ele>
			</trkpt>
			<trkpt lat="68.103545" lon="18.327195">
				<ele>883.000000</ele>
			</trkpt>
			<trkpt lat="68.103642" lon="18.327482">
				<ele>883.000000</ele>
			</trkpt>
			<trkpt lat="68.103702" lon="18.327824">
				<ele>882.000000</ele>
			</trkpt>
			<trkpt lat="68.103779" lon="18.328614">
				<ele>881.000000</ele>
			</trkpt>
			<trkpt lat="68.103923" lon="18.329711">
				<ele>879.000000</ele>
			</trkpt>
			<trkpt lat="68.104121" lon="18.330644">
				<ele>878.000000</ele>
			</trkpt>
			<trkpt lat="68.104466" lon="18.331973">
				<ele>876.000000</ele>
			</trkpt>
			<trkpt lat="68.104556" lon="18.332388">
				<ele>875.000000</ele>
			</trkpt>
			<trkpt lat="68.104670" lon="18.333043">
				<ele>874.000000</ele>
			</trkpt>
			<trkpt lat="68.104764" lon="18.333761">
				<ele>873.000000</ele>
			</trkpt>
			<trkpt lat="68.104848" lon="18.334849">
				<ele>872.000000</ele>
			</trkpt>
			<trkpt lat="68.104905" lon="18.336331">
				<ele>870.000000</ele>
			</trkpt>
			<trkpt lat="68.104894" lon="18.339053">
				<ele>866.000000</ele>
			</trkpt>
			<trkpt lat="68.105025" lon="18.339556">
				<ele>865.000000</ele>
			</trkpt>
			<trkpt lat="68.105568" lon="18.339070">
				<ele>862.000000</ele>
			</trkpt>
			<trkpt lat="68.105859" lon="18.338820">
				<ele>861.000000</ele>
			</trkpt>
			<trkpt lat="68.106117" lon="18.338711">
				<ele>860.000000</ele>
			</trkpt>
			<trkpt lat="68.106268" lon="18.338720">
				<ele>858.000000</ele>
			</trkpt>
			<trkpt lat="68.106368" lon="18.338820">
				<ele>857.000000</ele>
			</trkpt>
			<trkpt lat="68.106559" lon="18.339097">
				<ele>856.000000</ele>
			</trkpt>
			<trkpt lat="68.106847" lon="18.339636">
				<ele>852.000000</ele>
			</trkpt>
			<trkpt lat="68.107102" lon="18.340122">
				<ele>850.000000</ele>
			</trkpt>
			<trkpt lat="68.107454" lon="18.340984">
				<ele>847.000000</ele>
			</trkpt>
			<trkpt lat="68.108000" lon="18.342160">
				<ele>843.000000</ele>
			</trkpt>
			<trkpt lat="68.108107" lon="18.342449">
				<ele>842.000000</ele>
			</trkpt>
			<trkpt lat="68.108234" lon="18.343032">
				<ele>840.000000</ele>
			</trkpt>
			<trkpt lat="68.108536" lon="18.344810">
				<ele>839.000000</ele>
			</trkpt>
			<trkpt lat="68.108843" lon="18.346311">
				<ele>839.000000</ele>
			</trkpt>
			<trkpt lat="68.108931" lon="18.346644">
				<ele>839.000000</ele>
			</trkpt>
			<trkpt lat="68.109570" lon="18.348754">
				<ele>838.000000</ele>
			</trkpt>
			<trkpt lat="68.110013" lon="18.350372">
				<ele>837.000000</ele>
			</trkpt>
			<trkpt lat="68.110240" lon="18.351135">
				<ele>837.000000</ele>
			</trkpt>
			<trkpt lat="68.110512" lon="18.352249">
				<ele>837.000000</ele>
			</trkpt>
			<trkpt lat="68.110592" lon="18.352554">
				<ele>837.000000</ele>
			</trkpt>
			<trkpt lat="68.110646" lon="18.352760">
				<ele>837.000000</ele>
			</trkpt>
			<trkpt lat="68.110856" lon="18.353326">
				<ele>836.000000</ele>
			</trkpt>
			<trkpt lat="68.111359" lon="18.354450">
				<ele>836.000000</ele>
			</trkpt>
			<trkpt lat="68.111660" lon="18.355303">
				<ele>835.000000</ele>
			</trkpt>
			<trkpt lat="68.112183" lon="18.357207">
				<ele>835.000000</ele>
			</trkpt>
			<trkpt lat="68.112682" lon="18.359328">
				<ele>834.000000</ele>
			</trkpt>
			<trkpt lat="68.113077" lon="18.360792">
				<ele>833.000000</ele>
			</trkpt>
			<trkpt lat="68.113405" lon="18.361816">
				<ele>833.000000</ele>
			</trkpt>
			<trkpt lat="68.114657" lon="18.365508">
				<ele>831.000000</ele>
			</trkpt>
			<trkpt lat="68.114982" lon="18.366568">
				<ele>831.000000</ele>
			</trkpt>
			<trkpt lat="68.115843" lon="18.369344">
				<ele>830.000000</ele>
			</trkpt>
			<trkpt lat="68.116911" lon="18.373314">
				<ele>821.000000</ele>
			</trkpt>
			<trkpt lat="68.117507" lon="18.375425">
				<ele>817.000000</ele>
			</trkpt>
			<trkpt lat="68.117660" lon="18.376018">
				<ele>816.000000</ele>
			</trkpt>
			<trkpt lat="68.118090" lon="18.377887">
				<ele>812.000000</ele>
			</trkpt>
			<trkpt lat="68.119107" lon="18.381884">
				<ele>800.000000</ele>
			</trkpt>
			<trkpt lat="68.119476" lon="18.383214">
				<ele>800.000000</ele>
			</trkpt>
			<trkpt lat="68.119498" lon="18.383285">
				<ele>800.000000</ele>
			</trkpt>
			<trkpt lat="68.119515" lon="18.383331">
				<ele>800.000000</ele>
			</trkpt>
			<trkpt lat="68.119753" lon="18.384077">
				<ele>800.000000</ele>
			</trkpt>
			<trkpt lat="68.120118" lon="18.385208">
				<ele>800.000000</ele>
			</trkpt>
			<trkpt lat="68.120205" lon="18.385541">
				<ele>800.000000</ele>
			</trkpt>
			<trkpt lat="68.120503" lon="18.387050">
				<ele>800.000000</ele>
			</trkpt>
			<trkpt lat="68.120741" lon="18.388478">
				<ele>800.000000</ele>
			</trkpt>
			<trkpt lat="68.120791" lon="18.388748">
				<ele>800.000000</ele>
			</trkpt>
			<trkpt lat="68.120972" lon="18.389843">
				<ele>800.000000</ele>
			</trkpt>
			<trkpt lat="68.121578" lon="18.392457">
				<ele>800.000000</ele>
			</trkpt>
			<trkpt lat="68.122173" lon="18.395180">
				<ele>800.000000</ele>
			</trkpt>
			<trkpt lat="68.122270" lon="18.395413">
				<ele>800.000000</ele>
			</trkpt>
			<trkpt lat="68.122327" lon="18.395556">
				<ele>800.000000</ele>
			</trkpt>
			<trkpt lat="68.123164" lon="18.397335">
				<ele>800.000000</ele>
			</trkpt>
			<trkpt lat="68.123288" lon="18.397650">
				<ele>800.000000</ele>
			</trkpt>
			<trkpt lat="68.124131" lon="18.400021">
				<ele>800.000000</ele>
			</trkpt>
			<trkpt lat="68.124707" lon="18.401539">
				<ele>798.000000</ele>
			</trkpt>
			<trkpt lat="68.125882" lon="18.405061">
				<ele>792.000000</ele>
			</trkpt>
			<trkpt lat="68.127502" lon="18.409229">
				<ele>790.000000</ele>
			</trkpt>
			<trkpt lat="68.128603" lon="18.411682">
				<ele>792.000000</ele>
			</trkpt>
			<trkpt lat="68.128941" lon="18.412427">
				<ele>795.000000</ele>
			</trkpt>
			<trkpt lat="68.129071" lon="18.412822">
				<ele>796.000000</ele>
			</trkpt>
			<trkpt lat="68.129309" lon="18.413756">
				<ele>799.000000</ele>
			</trkpt>
			<trkpt lat="68.129396" lon="18.414035">
				<ele>799.000000</ele>
			</trkpt>
			<trkpt lat="68.129516" lon="18.414250">
				<ele>800.000000</ele>
			</trkpt>
			<trkpt lat="68.129651" lon="18.414430">
				<ele>800.000000</ele>
			</trkpt>
			<trkpt lat="68.130440" lon="18.415428">
				<ele>800.000000</ele>
			</trkpt>
			<trkpt lat="68.130664" lon="18.415670">
				<ele>800.000000</ele>
			</trkpt>
			<trkpt lat="68.130996" lon="18.415886">
				<ele>800.000000</ele>
			</trkpt>
			<trkpt lat="68.131668" lon="18.415904">
				<ele>800.000000</ele>
			</trkpt>
			<trkpt lat="68.132511" lon="18.416030">
				<ele>800.000000</ele>
			</trkpt>
			<trkpt lat="68.132718" lon="18.416011">
				<ele>800.000000</ele>
			</trkpt>
			<trkpt lat="68.133046" lon="18.415867">
				<ele>797.000000</ele>
			</trkpt>
			<trkpt lat="68.134100" lon="18.415014">
				<ele>787.000000</ele>
			</trkpt>
			<trkpt lat="68.134294" lon="18.414934">
				<ele>785.000000</ele>
			</trkpt>
			<trkpt lat="68.134515" lon="18.414835">
				<ele>784.000000</ele>
			</trkpt>
			<trkpt lat="68.134605" lon="18.414835">
				<ele>783.000000</ele>
			</trkpt>
			<trkpt lat="68.134756" lon="18.414978">
				<ele>782.000000</ele>
			</trkpt>
			<trkpt lat="68.134990" lon="18.415428">
				<ele>780.000000</ele>
			</trkpt>
			<trkpt lat="68.135108" lon="18.415607">
				<ele>780.000000</ele>
			</trkpt>
			<trkpt lat="68.135261" lon="18.415823">
				<ele>780.000000</ele>
			</trkpt>
			<trkpt lat="68.135492" lon="18.415796">
				<ele>780.000000</ele>
			</trkpt>
			<trkpt lat="68.135552" lon="18.415787">
				<ele>780.000000</ele>
			</trkpt>
			<trkpt lat="68.135873" lon="18.415238">
				<ele>780.000000</ele>
			</trkpt>
			<trkpt lat="68.136064" lon="18.414898">
				<ele>786.000000</ele>
			</trkpt>
			<trkpt lat="68.136225" lon="18.414646">
				<ele>790.000000</ele>
			</trkpt>
			<trkpt lat="68.136472" lon="18.414871">
				<ele>790.000000</ele>
			</trkpt>
			<trkpt lat="68.136553" lon="18.414799">
				<ele>790.000000</ele>
			</trkpt>
			<trkpt lat="68.136566" lon="18.414925">
				<ele>790.000000</ele>
			</trkpt>
			<trkpt lat="68.136549" lon="18.415284">
				<ele>790.000000</ele>
			</trkpt>
			<trkpt lat="68.136566" lon="18.415382">
				<ele>790.000000</ele>
			</trkpt>
			<trkpt lat="68.136566" lon="18.415382">
				<ele>790.000000</ele>
			</trkpt>
			<trkpt lat="68.136549" lon="18.415284">
				<ele>790.000000</ele>
			</trkpt>
			<trkpt lat="68.136566" lon="18.414925">
				<ele>790.000000</ele>
			</trkpt>
			<trkpt lat="68.136553" lon="18.414799">
				<ele>790.000000</ele>
			</trkpt>
			<trkpt lat="68.136626" lon="18.414699">
				<ele>790.000000</ele>
			</trkpt>
			<trkpt lat="68.136677" lon="18.414512">
				<ele>790.000000</ele>
			</trkpt>
			<trkpt lat="68.136756" lon="18.414152">
				<ele>790.000000</ele>
			</trkpt>
			<trkpt lat="68.136803" lon="18.413846">
				<ele>790.000000</ele>
			</trkpt>
			<trkpt lat="68.136813" lon="18.413415">
				<ele>790.000000</ele>
			</trkpt>
			<trkpt lat="68.136823" lon="18.413208">
				<ele>790.000000</ele>
			</trkpt>
			<trkpt lat="68.136921" lon="18.412642">
				<ele>790.000000</ele>
			</trkpt>
			<trkpt lat="68.137047" lon="18.412292">
				<ele>790.000000</ele>
			</trkpt>
			<trkpt lat="68.137108" lon="18.411951">
				<ele>790.000000</ele>
			</trkpt>
			<trkpt lat="68.137225" lon="18.411852">
				<ele>790.000000</ele>
			</trkpt>
			<trkpt lat="68.137312" lon="18.411772">
				<ele>790.000000</ele>
			</trkpt>
			<trkpt lat="68.137626" lon="18.411699">
				<ele>790.000000</ele>
			</trkpt>
			<trkpt lat="68.138172" lon="18.411493">
				<ele>787.000000</ele>
			</trkpt>
			<trkpt lat="68.138332" lon="18.411529">
				<ele>786.000000</ele>
			</trkpt>
			<trkpt lat="68.138466" lon="18.411609">
				<ele>785.000000</ele>
			</trkpt>
			<trkpt lat="68.138787" lon="18.411915">
				<ele>783.000000</ele>
			</trkpt>
			<trkpt lat="68.139262" lon="18.412275">
				<ele>780.000000</ele>
			</trkpt>
			<trkpt lat="68.139988" lon="18.412912">
				<ele>780.000000</ele>
			</trkpt>
			<trkpt lat="68.140182" lon="18.413118">
				<ele>780.000000</ele>
			</trkpt>
			<trkpt lat="68.140312" lon="18.413317">
				<ele>780.000000</ele>
			</trkpt>
			<trkpt lat="68.140748" lon="18.414215">
				<ele>780.000000</ele>
			</trkpt>
			<trkpt lat="68.141029" lon="18.414655">
				<ele>780.000000</ele>
			</trkpt>
			<trkpt lat="68.141135" lon="18.414772">
				<ele>780.000000</ele>
			</trkpt>
			<trkpt lat="68.141276" lon="18.414852">
				<ele>780.000000</ele>
			</trkpt>
			<trkpt lat="68.141838" lon="18.414781">
				<ele>780.000000</ele>
			</trkpt>
			<trkpt lat="68.142313" lon="18.414906">
				<ele>780.000000</ele>
			</trkpt>
			<trkpt lat="68.142627" lon="18.414925">
				<ele>780.000000</ele>
			</trkpt>
			<trkpt lat="68.142905" lon="18.414835">
				<ele>780.000000</ele>
			</trkpt>
			<trkpt lat="68.143199" lon="18.414636">
				<ele>780.000000</ele>
			</trkpt>
			<trkpt lat="68.143583" lon="18.414529">
				<ele>780.000000</ele>
			</trkpt>
			<trkpt lat="68.145670" lon="18.414439">
				<ele>780.000000</ele>
			</trkpt>
			<trkpt lat="68.145837" lon="18.414395">
				<ele>780.000000</ele>
			</trkpt>
			<trkpt lat="68.146061" lon="18.414466">
				<ele>780.000000</ele>
			</trkpt>
			<trkpt lat="68.146389" lon="18.414682">
				<ele>780.000000</ele>
			</trkpt>
			<trkpt lat="68.146526" lon="18.414718">
				<ele>780.000000</ele>
			</trkpt>
			<trkpt lat="68.146566" lon="18.414735">
				<ele>780.000000</ele>
			</trkpt>
			<trkpt lat="68.146737" lon="18.414808">
				<ele>780.000000</ele>
			</trkpt>
			<trkpt lat="68.146904" lon="18.414825">
				<ele>780.000000</ele>
			</trkpt>
			<trkpt lat="68.147302" lon="18.415418">
				<ele>780.000000</ele>
			</trkpt>
			<trkpt lat="68.147720" lon="18.416110">
				<ele>780.000000</ele>
			</trkpt>
			<trkpt lat="68.147847" lon="18.416227">
				<ele>780.000000</ele>
			</trkpt>
			<trkpt lat="68.148121" lon="18.416334">
				<ele>780.000000</ele>
			</trkpt>
			<trkpt lat="68.148626" lon="18.416542">
				<ele>780.000000</ele>
			</trkpt>
			<trkpt lat="68.148887" lon="18.416407">
				<ele>780.000000</ele>
			</trkpt>
			<trkpt lat="68.149017" lon="18.416244">
				<ele>780.000000</ele>
			</trkpt>
			<trkpt lat="68.149104" lon="18.416191">
				<ele>780.000000</ele>
			</trkpt>
			<trkpt lat="68.149184" lon="18.416137">
				<ele>780.000000</ele>
			</trkpt>
			<trkpt lat="68.149264" lon="18.416227">
				<ele>780.000000</ele>
			</trkpt>
			<trkpt lat="68.149455" lon="18.416550">
				<ele>780.000000</ele>
			</trkpt>
			<trkpt lat="68.149579" lon="18.416783">
				<ele>780.000000</ele>
			</trkpt>
			<trkpt lat="68.149846" lon="18.416838">
				<ele>780.000000</ele>
			</trkpt>
			<trkpt lat="68.150017" lon="18.417053">
				<ele>780.000000</ele>
			</trkpt>
			<trkpt lat="68.150732" lon="18.418078">
				<ele>780.000000</ele>
			</trkpt>
			<trkpt lat="68.151769" lon="18.419335">
				<ele>780.000000</ele>
			</trkpt>
			<trkpt lat="68.151969" lon="18.419686">
				<ele>780.000000</ele>
			</trkpt>
			<trkpt lat="68.152123" lon="18.419946">
				<ele>780.000000</ele>
			</trkpt>
			<trkpt lat="68.152818" lon="18.420827">
				<ele>780.000000</ele>
			</trkpt>
			<trkpt lat="68.152899" lon="18.420925">
				<ele>780.000000</ele>
			</trkpt>
			<trkpt lat="68.153025" lon="18.421024">
				<ele>780.000000</ele>
			</trkpt>
			<trkpt lat="68.153173" lon="18.421194">
				<ele>780.000000</ele>
			</trkpt>
			<trkpt lat="68.153678" lon="18.421580">
				<ele>780.000000</ele>
			</trkpt>
			<trkpt lat="68.153988" lon="18.421986">
				<ele>780.000000</ele>
			</trkpt>
			<trkpt lat="68.154450" lon="18.422578">
				<ele>780.000000</ele>
			</trkpt>
			<trkpt lat="68.154664" lon="18.422766">
				<ele>780.000000</ele>
			</trkpt>
			<trkpt lat="68.154881" lon="18.422901">
				<ele>780.000000</ele>
			</trkpt>
			<trkpt lat="68.155185" lon="18.423009">
				<ele>780.000000</ele>
			</trkpt>
			<trkpt lat="68.155640" lon="18.423144">
				<ele>780.000000</ele>
			</trkpt>
			<trkpt lat="68.155773" lon="18.423144">
				<ele>780.000000</ele>
			</trkpt>
			<trkpt lat="68.155970" lon="18.423117">
				<ele>780.000000</ele>
			</trkpt>
			<trkpt lat="68.156529" lon="18.422919">
				<ele>780.000000</ele>
			</trkpt>
			<trkpt lat="68.156656" lon="18.422928">
				<ele>780.000000</ele>
			</trkpt>
			<trkpt lat="68.157020" lon="18.423009">
				<ele>780.000000</ele>
			</trkpt>
			<trkpt lat="68.157134" lon="18.423091">
				<ele>780.000000</ele>
			</trkpt>
			<trkpt lat="68.157227" lon="18.423215">
				<ele>780.000000</ele>
			</trkpt>
			<trkpt lat="68.157468" lon="18.423691">
				<ele>780.000000</ele>
			</trkpt>
			<trkpt lat="68.157806" lon="18.424492">
				<ele>780.000000</ele>
			</trkpt>
			<trkpt lat="68.158063" lon="18.424968">
				<ele>780.000000</ele>
			</trkpt>
			<trkpt lat="68.158320" lon="18.425389">
				<ele>780.000000</ele>
			</trkpt>
			<trkpt lat="68.159273" lon="18.426944">
				<ele>780.000000</ele>
			</trkpt>
			<trkpt lat="68.159363" lon="18.427177">
				<ele>780.000000</ele>
			</trkpt>
			<trkpt lat="68.159627" lon="18.428031">
				<ele>780.000000</ele>
			</trkpt>
			<trkpt lat="68.159917" lon="18.428857">
				<ele>780.000000</ele>
			</trkpt>
			<trkpt lat="68.160102" lon="18.429594">
				<ele>780.000000</ele>
			</trkpt>
			<trkpt lat="68.160639" lon="18.430888">
				<ele>780.000000</ele>
			</trkpt>
			<trkpt lat="68.160877" lon="18.431462">
				<ele>780.000000</ele>
			</trkpt>
			<trkpt lat="68.162163" lon="18.433834">
				<ele>780.000000</ele>
			</trkpt>
			<trkpt lat="68.163012" lon="18.435729">
				<ele>780.000000</ele>
			</trkpt>
			<trkpt lat="68.163396" lon="18.436259">
				<ele>780.000000</ele>
			</trkpt>
			<trkpt lat="68.163450" lon="18.436341">
				<ele>780.000000</ele>
			</trkpt>
			<trkpt lat="68.164144" lon="18.437400">
				<ele>780.000000</ele>
			</trkpt>
			<trkpt lat="68.165064" lon="18.439035">
				<ele>780.000000</ele>
			</trkpt>
			<trkpt lat="68.165555" lon="18.440203">
				<ele>780.000000</ele>
			</trkpt>
			<trkpt lat="68.165868" lon="18.441056">
				<ele>780.000000</ele>
			</trkpt>
			<trkpt lat="68.166283" lon="18.442234">
				<ele>781.000000</ele>
			</trkpt>
			<trkpt lat="68.166861" lon="18.444012">
				<ele>783.000000</ele>
			</trkpt>
			<trkpt lat="68.167055" lon="18.444479">
				<ele>783.000000</ele>
			</trkpt>
			<trkpt lat="68.167359" lon="18.445117">
				<ele>784.000000</ele>
			</trkpt>
			<trkpt lat="68.168421" lon="18.447094">
				<ele>787.000000</ele>
			</trkpt>
			<trkpt lat="68.169320" lon="18.448306">
				<ele>789.000000</ele>
			</trkpt>
			<trkpt lat="68.170312" lon="18.449805">
				<ele>790.000000</ele>
			</trkpt>
			<trkpt lat="68.171388" lon="18.451468">
				<ele>790.000000</ele>
			</trkpt>
			<trkpt lat="68.172119" lon="18.452717">
				<ele>790.000000</ele>
			</trkpt>
			<trkpt lat="68.172627" lon="18.453111">
				<ele>790.000000</ele>
			</trkpt>
			<trkpt lat="68.172937" lon="18.453497">
				<ele>790.000000</ele>
			</trkpt>
			<trkpt lat="68.173408" lon="18.454019">
				<ele>789.000000</ele>
			</trkpt>
			<trkpt lat="68.173599" lon="18.454289">
				<ele>789.000000</ele>
			</trkpt>
			<trkpt lat="68.173926" lon="18.454845">
				<ele>788.000000</ele>
			</trkpt>
			<trkpt lat="68.174484" lon="18.455555">
				<ele>787.000000</ele>
			</trkpt>
			<trkpt lat="68.175389" lon="18.456562">
				<ele>786.000000</ele>
			</trkpt>
			<trkpt lat="68.176300" lon="18.457711">
				<ele>785.000000</ele>
			</trkpt>
			<trkpt lat="68.176397" lon="18.457855">
				<ele>785.000000</ele>
			</trkpt>
			<trkpt lat="68.176784" lon="18.458394">
				<ele>784.000000</ele>
			</trkpt>
			<trkpt lat="68.177696" lon="18.459337">
				<ele>783.000000</ele>
			</trkpt>
			<trkpt lat="68.178144" lon="18.460011">
				<ele>782.000000</ele>
			</trkpt>
			<trkpt lat="68.178778" lon="18.460658">
				<ele>781.000000</ele>
			</trkpt>
			<trkpt lat="68.178899" lon="18.460828">
				<ele>781.000000</ele>
			</trkpt>
			<trkpt lat="68.179076" lon="18.461187">
				<ele>781.000000</ele>
			</trkpt>
			<trkpt lat="68.179479" lon="18.461906">
				<ele>780.000000</ele>
			</trkpt>
			<trkpt lat="68.180100" lon="18.462751">
				<ele>780.000000</ele>
			</trkpt>
			<trkpt lat="68.180407" lon="18.463245">
				<ele>780.000000</ele>
			</trkpt>
			<trkpt lat="68.180615" lon="18.463676">
				<ele>780.000000</ele>
			</trkpt>
			<trkpt lat="68.180695" lon="18.464153">
				<ele>780.000000</ele>
			</trkpt>
			<trkpt lat="68.181195" lon="18.466038">
				<ele>780.000000</ele>
			</trkpt>
			<trkpt lat="68.181760" lon="18.467592">
				<ele>780.000000</ele>
			</trkpt>
			<trkpt lat="68.182010" lon="18.468428">
				<ele>780.000000</ele>
			</trkpt>
			<trkpt lat="68.182134" lon="18.468832">
				<ele>780.000000</ele>
			</trkpt>
			<trkpt lat="68.182341" lon="18.469434">
				<ele>780.000000</ele>
			</trkpt>
			<trkpt lat="68.182571" lon="18.469812">
				<ele>780.000000</ele>
			</trkpt>
			<trkpt lat="68.182644" lon="18.469946">
				<ele>780.000000</ele>
			</trkpt>
			<trkpt lat="68.182758" lon="18.470296">
				<ele>780.000000</ele>
			</trkpt>
			<trkpt lat="68.183008" lon="18.471330">
				<ele>780.000000</ele>
			</trkpt>
			<trkpt lat="68.183072" lon="18.471797">
				<ele>780.000000</ele>
			</trkpt>
			<trkpt lat="68.183396" lon="18.473935">
				<ele>780.000000</ele>
			</trkpt>
			<trkpt lat="68.183426" lon="18.474267">
				<ele>780.000000</ele>
			</trkpt>
			<trkpt lat="68.183476" lon="18.474600">
				<ele>780.000000</ele>
			</trkpt>
			<trkpt lat="68.183543" lon="18.475103">
				<ele>780.000000</ele>
			</trkpt>
			<trkpt lat="68.183576" lon="18.475479">
				<ele>780.000000</ele>
			</trkpt>
			<trkpt lat="68.184167" lon="18.477061">
				<ele>780.000000</ele>
			</trkpt>
			<trkpt lat="68.185836" lon="18.480609">
				<ele>780.000000</ele>
			</trkpt>
			<trkpt lat="68.186049" lon="18.481292">
				<ele>780.000000</ele>
			</trkpt>
			<trkpt lat="68.186226" lon="18.481848">
				<ele>780.000000</ele>
			</trkpt>
			<trkpt lat="68.186500" lon="18.484041">
				<ele>781.000000</ele>
			</trkpt>
			<trkpt lat="68.186584" lon="18.484464">
				<ele>781.000000</ele>
			</trkpt>
			<trkpt lat="68.186694" lon="18.484822">
				<ele>781.000000</ele>
			</trkpt>
			<trkpt lat="68.186778" lon="18.484984">
				<ele>781.000000</ele>
			</trkpt>
			<trkpt lat="68.188343" lon="18.486682">
				<ele>784.000000</ele>
			</trkpt>
			<trkpt lat="68.188643" lon="18.487077">
				<ele>785.000000</ele>
			</trkpt>
			<trkpt lat="68.189174" lon="18.487777">
				<ele>786.000000</ele>
			</trkpt>
			<trkpt lat="68.189481" lon="18.488047">
				<ele>787.000000</ele>
			</trkpt>
			<trkpt lat="68.189731" lon="18.488326">
				<ele>787.000000</ele>
			</trkpt>
			<trkpt lat="68.191377" lon="18.490122">
				<ele>790.000000</ele>
			</trkpt>
			<trkpt lat="68.191580" lon="18.490427">
				<ele>790.000000</ele>
			</trkpt>
			<trkpt lat="68.191830" lon="18.490976">
				<ele>790.000000</ele>
			</trkpt>
			<trkpt lat="68.192194" lon="18.492108">
				<ele>790.000000</ele>
			</trkpt>
			<trkpt lat="68.192465" lon="18.492844">
				<ele>790.000000</ele>
			</trkpt>
			<trkpt lat="68.192698" lon="18.493303">
				<ele>790.000000</ele>
			</trkpt>
			<trkpt lat="68.193165" lon="18.494093">
				<ele>790.000000</ele>
			</trkpt>
			<trkpt lat="68.193399" lon="18.494479">
				<ele>790.000000</ele>
			</trkpt>
			<trkpt lat="68.193626" lon="18.494758">
				<ele>790.000000</ele>
			</trkpt>
			<trkpt lat="68.193780" lon="18.494946">
				<ele>790.000000</ele>
			</trkpt>
			<trkpt lat="68.193896" lon="18.494974">
				<ele>790.000000</ele>
			</trkpt>
			<trkpt lat="68.194166" lon="18.494946">
				<ele>790.000000</ele>
			</trkpt>
			<trkpt lat="68.194430" lon="18.495027">
				<ele>791.000000</ele>
			</trkpt>
			<trkpt lat="68.194647" lon="18.495188">
				<ele>793.000000</ele>
			</trkpt>
			<trkpt lat="68.195852" lon="18.496527">
				<ele>800.000000</ele>
			</trkpt>
			<trkpt lat="68.196242" lon="18.496886">
				<ele>800.000000</ele>
			</trkpt>
			<trkpt lat="68.196459" lon="18.497219">
				<ele>800.000000</ele>
			</trkpt>
			<trkpt lat="68.196679" lon="18.497677">
				<ele>800.000000</ele>
			</trkpt>
			<trkpt lat="68.196859" lon="18.498217">
				<ele>800.000000</ele>
			</trkpt>
			<trkpt lat="68.196939" lon="18.498620">
				<ele>800.000000</ele>
			</trkpt>
			<trkpt lat="68.197166" lon="18.499357">
				<ele>800.000000</ele>
			</trkpt>
			<trkpt lat="68.197213" lon="18.499572">
				<ele>800.000000</ele>
			</trkpt>
			<trkpt lat="68.197373" lon="18.500767">
				<ele>800.000000</ele>
			</trkpt>
			<trkpt lat="68.197577" lon="18.501647">
				<ele>800.000000</ele>
			</trkpt>
			<trkpt lat="68.197743" lon="18.502186">
				<ele>800.000000</ele>
			</trkpt>
			<trkpt lat="68.198211" lon="18.503318">
				<ele>800.000000</ele>
			</trkpt>
			<trkpt lat="68.198320" lon="18.503641">
				<ele>800.000000</ele>
			</trkpt>
			<trkpt lat="68.198484" lon="18.504243">
				<ele>800.000000</ele>
			</trkpt>
			<trkpt lat="68.198898" lon="18.506471">
				<ele>800.000000</ele>
			</trkpt>
			<trkpt lat="68.199088" lon="18.507505">
				<ele>800.000000</ele>
			</trkpt>
			<trkpt lat="68.199788" lon="18.510694">
				<ele>800.000000</ele>
			</trkpt>
			<trkpt lat="68.199865" lon="18.511125">
				<ele>800.000000</ele>
			</trkpt>
			<trkpt lat="68.200199" lon="18.513685">
				<ele>800.000000</ele>
			</trkpt>
			<trkpt lat="68.200369" lon="18.514718">
				<ele>800.000000</ele>
			</trkpt>
			<trkpt lat="68.200816" lon="18.516362">
				<ele>800.000000</ele>
			</trkpt>
			<trkpt lat="68.201496" lon="18.519031">
				<ele>800.000000</ele>
			</trkpt>
			<trkpt lat="68.201827" lon="18.519910">
				<ele>800.000000</ele>
			</trkpt>
			<trkpt lat="68.201876" lon="18.520046">
				<ele>800.000000</ele>
			</trkpt>
			<trkpt lat="68.202540" lon="18.521833">
				<ele>804.000000</ele>
			</trkpt>
			<trkpt lat="68.203165" lon="18.523952">
				<ele>810.000000</ele>
			</trkpt>
			<trkpt lat="68.204192" lon="18.528642">
				<ele>810.000000</ele>
			</trkpt>
			<trkpt lat="68.204345" lon="18.529541">
				<ele>810.000000</ele>
			</trkpt>
			<trkpt lat="68.204559" lon="18.531202">
				<ele>810.000000</ele>
			</trkpt>
			<trkpt lat="68.204745" lon="18.532055">
				<ele>810.000000</ele>
			</trkpt>
			<trkpt lat="68.206193" lon="18.536898">
				<ele>813.000000</ele>
			</trkpt>
			<trkpt lat="68.207180" lon="18.539745">
				<ele>817.000000</ele>
			</trkpt>
			<trkpt lat="68.207377" lon="18.540168">
				<ele>818.000000</ele>
			</trkpt>
			<trkpt lat="68.207960" lon="18.541290">
				<ele>820.000000</ele>
			</trkpt>
			<trkpt lat="68.208584" lon="18.541902">
				<ele>820.000000</ele>
			</trkpt>
			<trkpt lat="68.208814" lon="18.542225">
				<ele>820.000000</ele>
			</trkpt>
			<trkpt lat="68.209134" lon="18.542934">
				<ele>820.000000</ele>
			</trkpt>
			<trkpt lat="68.209371" lon="18.543653">
				<ele>820.000000</ele>
			</trkpt>
			<trkpt lat="68.209438" lon="18.543967">
				<ele>820.000000</ele>
			</trkpt>
			<trkpt lat="68.209501" lon="18.544497">
				<ele>820.000000</ele>
			</trkpt>
			<trkpt lat="68.209618" lon="18.546114">
				<ele>820.000000</ele>
			</trkpt>
			<trkpt lat="68.209871" lon="18.548863">
				<ele>820.000000</ele>
			</trkpt>
			<trkpt lat="68.210051" lon="18.550301">
				<ele>820.000000</ele>
			</trkpt>
			<trkpt lat="68.210164" lon="18.550938">
				<ele>820.000000</ele>
			</trkpt>
			<trkpt lat="68.210221" lon="18.551181">
				<ele>820.000000</ele>
			</trkpt>
			<trkpt lat="68.210388" lon="18.551584">
				<ele>820.000000</ele>
			</trkpt>
			<trkpt lat="68.210749" lon="18.552267">
				<ele>820.000000</ele>
			</trkpt>
			<trkpt lat="68.211525" lon="18.553525">
				<ele>816.000000</ele>
			</trkpt>
			<trkpt lat="68.212135" lon="18.554567">
				<ele>813.000000</ele>
			</trkpt>
			<trkpt lat="68.213712" lon="18.557236">
				<ele>804.000000</ele>
			</trkpt>
			<trkpt lat="68.213829" lon="18.557433">
				<ele>803.000000</ele>
			</trkpt>
			<trkpt lat="68.214213" lon="18.558008">
				<ele>800.000000</ele>
			</trkpt>
			<trkpt lat="68.214669" lon="18.558825">
				<ele>800.000000</ele>
			</trkpt>
			<trkpt lat="68.214833" lon="18.559158">
				<ele>800.000000</ele>
			</trkpt>
			<trkpt lat="68.214960" lon="18.559473">
				<ele>800.000000</ele>
			</trkpt>
			<trkpt lat="68.215356" lon="18.560721">
				<ele>800.000000</ele>
			</trkpt>
			<trkpt lat="68.215753" lon="18.561700">
				<ele>800.000000</ele>
			</trkpt>
			<trkpt lat="68.215816" lon="18.561798">
				<ele>800.000000</ele>
			</trkpt>
			<trkpt lat="68.216496" lon="18.561844">
				<ele>800.000000</ele>
			</trkpt>
			<trkpt lat="68.216653" lon="18.562014">
				<ele>800.000000</ele>
			</trkpt>
			<trkpt lat="68.216886" lon="18.562383">
				<ele>800.000000</ele>
			</trkpt>
			<trkpt lat="68.219046" lon="18.566129">
				<ele>800.000000</ele>
			</trkpt>
			<trkpt lat="68.219450" lon="18.566767">
				<ele>800.000000</ele>
			</trkpt>
			<trkpt lat="68.219856" lon="18.567521">
				<ele>801.000000</ele>
			</trkpt>
			<trkpt lat="68.220260" lon="18.568033">
				<ele>801.000000</ele>
			</trkpt>
			<trkpt lat="68.220809" lon="18.569003">
				<ele>802.000000</ele>
			</trkpt>
			<trkpt lat="68.221383" lon="18.570171">
				<ele>803.000000</ele>
			</trkpt>
			<trkpt lat="68.221913" lon="18.571545">
				<ele>804.000000</ele>
			</trkpt>
			<trkpt lat="68.222326" lon="18.572408">
				<ele>804.000000</ele>
			</trkpt>
			<trkpt lat="68.222639" lon="18.573270">
				<ele>805.000000</ele>
			</trkpt>
			<trkpt lat="68.222869" lon="18.573882">
				<ele>805.000000</ele>
			</trkpt>
			<trkpt lat="68.222963" lon="18.574035">
				<ele>805.000000</ele>
			</trkpt>
			<trkpt lat="68.223469" lon="18.575004">
				<ele>806.000000</ele>
			</trkpt>
			<trkpt lat="68.223979" lon="18.575911">
				<ele>806.000000</ele>
			</trkpt>
			<trkpt lat="68.225118" lon="18.578113">
				<ele>808.000000</ele>
			</trkpt>
			<trkpt lat="68.225709" lon="18.579369">
				<ele>809.000000</ele>
			</trkpt>
			<trkpt lat="68.226065" lon="18.580188">
				<ele>809.000000</ele>
			</trkpt>
			<trkpt lat="68.226608" lon="18.581220">
				<ele>810.000000</ele>
			</trkpt>
			<trkpt lat="68.227088" lon="18.582272">
				<ele>810.000000</ele>
			</trkpt>
			<trkpt lat="68.227298" lon="18.582595">
				<ele>810.000000</ele>
			</trkpt>
			<trkpt lat="68.227661" lon="18.583098">
				<ele>810.000000</ele>
			</trkpt>
			<trkpt lat="68.228108" lon="18.583709">
				<ele>810.000000</ele>
			</trkpt>
			<trkpt lat="68.228881" lon="18.585029">
				<ele>809.000000</ele>
			</trkpt>
			<trkpt lat="68.228998" lon="18.585254">
				<ele>808.000000</ele>
			</trkpt>
			<trkpt lat="68.229893" lon="18.587769">
				<ele>807.000000</ele>
			</trkpt>
			<trkpt lat="68.230983" lon="18.590401">
				<ele>805.000000</ele>
			</trkpt>
			<trkpt lat="68.232456" lon="18.593348">
				<ele>802.000000</ele>
			</trkpt>
			<trkpt lat="68.233199" lon="18.595019">
				<ele>801.000000</ele>
			</trkpt>
			<trkpt lat="68.234018" lon="18.596510">
				<ele>799.000000</ele>
			</trkpt>
			<trkpt lat="68.234438" lon="18.597057">
				<ele>797.000000</ele>
			</trkpt>
			<trkpt lat="68.234847" lon="18.597489">
				<ele>795.000000</ele>
			</trkpt>
			<trkpt lat="68.236016" lon="18.598342">
				<ele>791.000000</ele>
			</trkpt>
			<trkpt lat="68.236656" lon="18.598971">
				<ele>785.000000</ele>
			</trkpt>
			<trkpt lat="68.237069" lon="18.599313">
				<ele>781.000000</ele>
			</trkpt>
			<trkpt lat="68.237345" lon="18.599501">
				<ele>780.000000</ele>
			</trkpt>
			<trkpt lat="68.237762" lon="18.599699">
				<ele>778.000000</ele>
			</trkpt>
			<trkpt lat="68.239084" lon="18.599996">
				<ele>774.000000</ele>
			</trkpt>
			<trkpt lat="68.239474" lon="18.600149">
				<ele>772.000000</ele>
			</trkpt>
			<trkpt lat="68.240592" lon="18.600839">
				<ele>766.000000</ele>
			</trkpt>
			<trkpt lat="68.242167" lon="18.601181">
				<ele>752.000000</ele>
			</trkpt>
			<trkpt lat="68.243532" lon="18.601181">
				<ele>744.000000</ele>
			</trkpt>
			<trkpt lat="68.243925" lon="18.601101">
				<ele>742.000000</ele>
			</trkpt>
			<trkpt lat="68.244805" lon="18.600749">
				<ele>738.000000</ele>
			</trkpt>
			<trkpt lat="68.246386" lon="18.600004">
				<ele>733.000000</ele>
			</trkpt>
			<trkpt lat="68.247585" lon="18.599717">
				<ele>729.000000</ele>
			</trkpt>
			<trkpt lat="68.248291" lon="18.599493">
				<ele>726.000000</ele>
			</trkpt>
			<trkpt lat="68.248371" lon="18.599474">
				<ele>725.000000</ele>
			</trkpt>
			<trkpt lat="68.248647" lon="18.599438">
				<ele>724.000000</ele>
			</trkpt>
			<trkpt lat="68.250441" lon="18.598728">
				<ele>715.000000</ele>
			</trkpt>
			<trkpt lat="68.252551" lon="18.597246">
				<ele>700.000000</ele>
			</trkpt>
			<trkpt lat="68.252784" lon="18.597139">
				<ele>699.000000</ele>
			</trkpt>
			<trkpt lat="68.253360" lon="18.596600">
				<ele>695.000000</ele>
			</trkpt>
			<trkpt lat="68.253603" lon="18.596367">
				<ele>694.000000</ele>
			</trkpt>
			<trkpt lat="68.254002" lon="18.595828">
				<ele>691.000000</ele>
			</trkpt>
			<trkpt lat="68.254681" lon="18.594749">
				<ele>687.000000</ele>
			</trkpt>
			<trkpt lat="68.254838" lon="18.594417">
				<ele>686.000000</ele>
			</trkpt>
			<trkpt lat="68.255467" lon="18.592872">
				<ele>682.000000</ele>
			</trkpt>
			<trkpt lat="68.256239" lon="18.590635">
				<ele>674.000000</ele>
			</trkpt>
			<trkpt lat="68.256618" lon="18.589952">
				<ele>669.000000</ele>
			</trkpt>
			<trkpt lat="68.256914" lon="18.589539">
				<ele>665.000000</ele>
			</trkpt>
			<trkpt lat="68.257161" lon="18.589270">
				<ele>661.000000</ele>
			</trkpt>
			<trkpt lat="68.257314" lon="18.589134">
				<ele>659.000000</ele>
			</trkpt>
			<trkpt lat="68.258229" lon="18.588541">
				<ele>646.000000</ele>
			</trkpt>
			<trkpt lat="68.258409" lon="18.588470">
				<ele>643.000000</ele>
			</trkpt>
			<trkpt lat="68.258558" lon="18.588461">
				<ele>641.000000</ele>
			</trkpt>
			<trkpt lat="68.259280" lon="18.588713">
				<ele>629.000000</ele>
			</trkpt>
			<trkpt lat="68.259457" lon="18.588650">
				<ele>625.000000</ele>
			</trkpt>
			<trkpt lat="68.259616" lon="18.588497">
				<ele>621.000000</ele>
			</trkpt>
			<trkpt lat="68.260125" lon="18.587733">
				<ele>612.000000</ele>
			</trkpt>
			<trkpt lat="68.260534" lon="18.587185">
				<ele>604.000000</ele>
			</trkpt>
			<trkpt lat="68.260837" lon="18.586637">
				<ele>597.000000</ele>
			</trkpt>
			<trkpt lat="68.260994" lon="18.586206">
				<ele>594.000000</ele>
			</trkpt>
			<trkpt lat="68.261193" lon="18.585227">
				<ele>587.000000</ele>
			</trkpt>
			<trkpt lat="68.261473" lon="18.584130">
				<ele>580.000000</ele>
			</trkpt>
			<trkpt lat="68.261749" lon="18.583314">
				<ele>574.000000</ele>
			</trkpt>
			<trkpt lat="68.261979" lon="18.582757">
				<ele>569.000000</ele>
			</trkpt>
			<trkpt lat="68.262025" lon="18.582595">
				<ele>568.000000</ele>
			</trkpt>
			<trkpt lat="68.262052" lon="18.582343">
				<ele>566.000000</ele>
			</trkpt>
			<trkpt lat="68.262092" lon="18.582316">
				<ele>565.000000</ele>
			</trkpt>
			<trkpt lat="68.262105" lon="18.582308">
				<ele>565.000000</ele>
			</trkpt>
			<trkpt lat="68.262215" lon="18.582730">
				<ele>561.000000</ele>
			</trkpt>
			<trkpt lat="68.262328" lon="18.582981">
				<ele>560.000000</ele>
			</trkpt>
			<trkpt lat="68.262494" lon="18.583377">
				<ele>560.000000</ele>
			</trkpt>
			<trkpt lat="68.262518" lon="18.583556">
				<ele>560.000000</ele>
			</trkpt>
			<trkpt lat="68.262574" lon="18.583772">
				<ele>560.000000</ele>
			</trkpt>
			<trkpt lat="68.262777" lon="18.584320">
				<ele>560.000000</ele>
			</trkpt>
			<trkpt lat="68.262857" lon="18.584472">
				<ele>560.000000</ele>
			</trkpt>
			<trkpt lat="68.262987" lon="18.584635">
				<ele>560.000000</ele>
			</trkpt>
			<trkpt lat="68.263076" lon="18.584661">
				<ele>560.000000</ele>
			</trkpt>
			<trkpt lat="68.263217" lon="18.584589">
				<ele>560.000000</ele>
			</trkpt>
			<trkpt lat="68.263396" lon="18.584383">
				<ele>560.000000</ele>
			</trkpt>
			<trkpt lat="68.263536" lon="18.584006">
				<ele>560.000000</ele>
			</trkpt>
			<trkpt lat="68.263819" lon="18.582945">
				<ele>556.000000</ele>
			</trkpt>
			<trkpt lat="68.263921" lon="18.582712">
				<ele>554.000000</ele>
			</trkpt>
			<trkpt lat="68.264091" lon="18.582406">
				<ele>552.000000</ele>
			</trkpt>
			<trkpt lat="68.264893" lon="18.581364">
				<ele>544.000000</ele>
			</trkpt>
			<trkpt lat="68.265322" lon="18.580933">
				<ele>541.000000</ele>
			</trkpt>
			<trkpt lat="68.265519" lon="18.580780">
				<ele>539.000000</ele>
			</trkpt>
			<trkpt lat="68.265758" lon="18.580700">
				<ele>537.000000</ele>
			</trkpt>
			<trkpt lat="68.266386" lon="18.580287">
				<ele>532.000000</ele>
			</trkpt>
			<trkpt lat="68.266732" lon="18.580142">
				<ele>529.000000</ele>
			</trkpt>
			<trkpt lat="68.267557" lon="18.580035">
				<ele>524.000000</ele>
			</trkpt>
			<trkpt lat="68.267827" lon="18.580088">
				<ele>522.000000</ele>
			</trkpt>
			<trkpt lat="68.268213" lon="18.580178">
				<ele>520.000000</ele>
			</trkpt>
			<trkpt lat="68.268346" lon="18.580169">
				<ele>519.000000</ele>
			</trkpt>
			<trkpt lat="68.268715" lon="18.579998">
				<ele>518.000000</ele>
			</trkpt>
			<trkpt lat="68.268911" lon="18.579909">
				<ele>517.000000</ele>
			</trkpt>
			<trkpt lat="68.269081" lon="18.579838">
				<ele>516.000000</ele>
			</trkpt>
			<trkpt lat="68.270029" lon="18.579612">
				<ele>513.000000</ele>
			</trkpt>
			<trkpt lat="68.270458" lon="18.579369">
				<ele>511.000000</ele>
			</trkpt>
			<trkpt lat="68.270664" lon="18.579352">
				<ele>510.000000</ele>
			</trkpt>
			<trkpt lat="68.270813" lon="18.579406">
				<ele>509.000000</ele>
			</trkpt>
			<trkpt lat="68.272274" lon="18.580241">
				<ele>504.000000</ele>
			</trkpt>
			<trkpt lat="68.272596" lon="18.580637">
				<ele>503.000000</ele>
			</trkpt>
			<trkpt lat="68.272846" lon="18.580933">
				<ele>502.000000</ele>
			</trkpt>
			<trkpt lat="68.272975" lon="18.581032">
				<ele>501.000000</ele>
			</trkpt>
			<trkpt lat="68.274099" lon="18.581633">
				<ele>500.000000</ele>
			</trkpt>
			<trkpt lat="68.274472" lon="18.581895">
				<ele>500.000000</ele>
			</trkpt>
			<trkpt lat="68.275233" lon="18.581985">
				<ele>500.000000</ele>
			</trkpt>
			<trkpt lat="68.275523" lon="18.582245">
				<ele>501.000000</ele>
			</trkpt>
			<trkpt lat="68.275559" lon="18.582281">
				<ele>501.000000</ele>
			</trkpt>
			<trkpt lat="68.275698" lon="18.582568">
				<ele>502.000000</ele>
			</trkpt>
			<trkpt lat="68.275875" lon="18.582927">
				<ele>502.000000</ele>
			</trkpt>
			<trkpt lat="68.276762" lon="18.585325">
				<ele>506.000000</ele>
			</trkpt>
			<trkpt lat="68.276852" lon="18.585532">
				<ele>507.000000</ele>
			</trkpt>
			<trkpt lat="68.276922" lon="18.585640">
				<ele>507.000000</ele>
			</trkpt>
			<trkpt lat="68.277075" lon="18.585784">
				<ele>507.000000</ele>
			</trkpt>
			<trkpt lat="68.277438" lon="18.586035">
				<ele>508.000000</ele>
			</trkpt>
			<trkpt lat="68.277707" lon="18.586377">
				<ele>509.000000</ele>
			</trkpt>
			<trkpt lat="68.278032" lon="18.586979">
				<ele>510.000000</ele>
			</trkpt>
			<trkpt lat="68.278139" lon="18.587275">
				<ele>510.000000</ele>
			</trkpt>
			<trkpt lat="68.278325" lon="18.587958">
				<ele>510.000000</ele>
			</trkpt>
			<trkpt lat="68.278421" lon="18.588237">
				<ele>510.000000</ele>
			</trkpt>
			<trkpt lat="68.278903" lon="18.588991">
				<ele>510.000000</ele>
			</trkpt>
			<trkpt lat="68.279496" lon="18.590086">
				<ele>510.000000</ele>
			</trkpt>
			<trkpt lat="68.280147" lon="18.590967">
				<ele>510.000000</ele>
			</trkpt>
			<trkpt lat="68.280303" lon="18.591038">
				<ele>510.000000</ele>
			</trkpt>
			<trkpt lat="68.280542" lon="18.590914">
				<ele>510.000000</ele>
			</trkpt>
			<trkpt lat="68.280646" lon="18.590859">
				<ele>510.000000</ele>
			</trkpt>
			<trkpt lat="68.280769" lon="18.590859">
				<ele>510.000000</ele>
			</trkpt>
			<trkpt lat="68.280848" lon="18.590914">
				<ele>510.000000</ele>
			</trkpt>
			<trkpt lat="68.280978" lon="18.591075">
				<ele>510.000000</ele>
			</trkpt>
			<trkpt lat="68.281151" lon="18.591336">
				<ele>509.000000</ele>
			</trkpt>
			<trkpt lat="68.281228" lon="18.591398">
				<ele>508.000000</ele>
			</trkpt>
			<trkpt lat="68.281380" lon="18.591417">
				<ele>507.000000</ele>
			</trkpt>
			<trkpt lat="68.281783" lon="18.591317">
				<ele>505.000000</ele>
			</trkpt>
			<trkpt lat="68.282956" lon="18.591327">
				<ele>495.000000</ele>
			</trkpt>
			<trkpt lat="68.283135" lon="18.591246">
				<ele>493.000000</ele>
			</trkpt>
			<trkpt lat="68.283281" lon="18.591012">
				<ele>491.000000</ele>
			</trkpt>
			<trkpt lat="68.283548" lon="18.590662">
				<ele>490.000000</ele>
			</trkpt>
			<trkpt lat="68.283660" lon="18.590509">
				<ele>490.000000</ele>
			</trkpt>
			<trkpt lat="68.283777" lon="18.590401">
				<ele>490.000000</ele>
			</trkpt>
			<trkpt lat="68.283850" lon="18.590438">
				<ele>490.000000</ele>
			</trkpt>
			<trkpt lat="68.283903" lon="18.590329">
				<ele>490.000000</ele>
			</trkpt>
			<trkpt lat="68.283966" lon="18.590472">
				<ele>490.000000</ele>
			</trkpt>
			<trkpt lat="68.284226" lon="18.590851">
				<ele>490.000000</ele>
			</trkpt>
			<trkpt lat="68.284295" lon="18.590778">
				<ele>490.000000</ele>
			</trkpt>
			<trkpt lat="68.284548" lon="18.590006">
				<ele>490.000000</ele>
			</trkpt>
			<trkpt lat="68.284737" lon="18.589872">
				<ele>490.000000</ele>
			</trkpt>
			<trkpt lat="68.284861" lon="18.589872">
				<ele>490.000000</ele>
			</trkpt>
			<trkpt lat="68.284983" lon="18.589907">
				<ele>490.000000</ele>
			</trkpt>
			<trkpt lat="68.285296" lon="18.589772">
				<ele>490.000000</ele>
			</trkpt>
			<trkpt lat="68.285552" lon="18.590006">
				<ele>490.000000</ele>
			</trkpt>
			<trkpt lat="68.285688" lon="18.590285">
				<ele>490.000000</ele>
			</trkpt>
			<trkpt lat="68.285824" lon="18.590348">
				<ele>490.000000</ele>
			</trkpt>
			<trkpt lat="68.285970" lon="18.590419">
				<ele>490.000000</ele>
			</trkpt>
			<trkpt lat="68.286054" lon="18.590392">
				<ele>490.000000</ele>
			</trkpt>
			<trkpt lat="68.286094" lon="18.590562">
				<ele>490.000000</ele>
			</trkpt>
			<trkpt lat="68.286186" lon="18.590814">
				<ele>490.000000</ele>
			</trkpt>
			<trkpt lat="68.286064" lon="18.591111">
				<ele>490.000000</ele>
			</trkpt>
			<trkpt lat="68.286011" lon="18.591111">
				<ele>490.000000</ele>
			</trkpt>
			<trkpt lat="68.286011" lon="18.591111">
				<ele>490.000000</ele>
			</trkpt>
			<trkpt lat="68.286064" lon="18.591111">
				<ele>490.000000</ele>
			</trkpt>
			<trkpt lat="68.286186" lon="18.590814">
				<ele>490.000000</ele>
			</trkpt>
			<trkpt lat="68.286094" lon="18.590562">
				<ele>490.000000</ele>
			</trkpt>
			<trkpt lat="68.286054" lon="18.590392">
				<ele>490.000000</ele>
			</trkpt>
			<trkpt lat="68.285970" lon="18.590419">
				<ele>490.000000</ele>
			</trkpt>
			<trkpt lat="68.285824" lon="18.590348">
				<ele>490.000000</ele>
			</trkpt>
			<trkpt lat="68.285688" lon="18.590285">
				<ele>490.000000</ele>
			</trkpt>
			<trkpt lat="68.285552" lon="18.590006">
				<ele>490.000000</ele>
			</trkpt>
			<trkpt lat="68.285296" lon="18.589772">
				<ele>490.000000</ele>
			</trkpt>
			<trkpt lat="68.284983" lon="18.589907">
				<ele>490.000000</ele>
			</trkpt>
			<trkpt lat="68.284861" lon="18.589872">
				<ele>490.000000</ele>
			</trkpt>
			<trkpt lat="68.284737" lon="18.589872">
				<ele>490.000000</ele>
			</trkpt>
			<trkpt lat="68.284548" lon="18.590006">
				<ele>490.000000</ele>
			</trkpt>
			<trkpt lat="68.284295" lon="18.590778">
				<ele>490.000000</ele>
			</trkpt>
			<trkpt lat="68.284226" lon="18.590851">
				<ele>490.000000</ele>
			</trkpt>
			<trkpt lat="68.283966" lon="18.590472">
				<ele>490.000000</ele>
			</trkpt>
			<trkpt lat="68.283903" lon="18.590329">
				<ele>490.000000</ele>
			</trkpt>
			<trkpt lat="68.283850" lon="18.590438">
				<ele>490.000000</ele>
			</trkpt>
			<trkpt lat="68.283820" lon="18.590671">
				<ele>490.000000</ele>
			</trkpt>
			<trkpt lat="68.283581" lon="18.591291">
				<ele>490.000000</ele>
			</trkpt>
			<trkpt lat="68.283507" lon="18.592180">
				<ele>490.000000</ele>
			</trkpt>
			<trkpt lat="68.283621" lon="18.592593">
				<ele>490.000000</ele>
			</trkpt>
			<trkpt lat="68.283733" lon="18.593069">
				<ele>490.000000</ele>
			</trkpt>
			<trkpt lat="68.283743" lon="18.593114">
				<ele>490.000000</ele>
			</trkpt>
			<trkpt lat="68.283890" lon="18.593509">
				<ele>490.000000</ele>
			</trkpt>
			<trkpt lat="68.284326" lon="18.594516">
				<ele>490.000000</ele>
			</trkpt>
			<trkpt lat="68.284754" lon="18.596465">
				<ele>490.000000</ele>
			</trkpt>
			<trkpt lat="68.284934" lon="18.597210">
				<ele>490.000000</ele>
			</trkpt>
			<trkpt lat="68.285033" lon="18.597623">
				<ele>490.000000</ele>
			</trkpt>
			<trkpt lat="68.285236" lon="18.598405">
				<ele>490.000000</ele>
			</trkpt>
			<trkpt lat="68.285412" lon="18.599088">
				<ele>490.000000</ele>
			</trkpt>
			<trkpt lat="68.285738" lon="18.600022">
				<ele>490.000000</ele>
			</trkpt>
			<trkpt lat="68.285994" lon="18.600749">
				<ele>490.000000</ele>
			</trkpt>
			<trkpt lat="68.286107" lon="18.601154">
				<ele>490.000000</ele>
			</trkpt>
			<trkpt lat="68.286296" lon="18.601818">
				<ele>490.000000</ele>
			</trkpt>
			<trkpt lat="68.286605" lon="18.602753">
				<ele>490.000000</ele>
			</trkpt>
			<trkpt lat="68.286718" lon="18.603095">
				<ele>490.000000</ele>
			</trkpt>
			<trkpt lat="68.286808" lon="18.603365">
				<ele>490.000000</ele>
			</trkpt>
			<trkpt lat="68.287260" lon="18.604990">
				<ele>490.000000</ele>
			</trkpt>
			<trkpt lat="68.287330" lon="18.605359">
				<ele>490.000000</ele>
			</trkpt>
			<trkpt lat="68.287363" lon="18.606158">
				<ele>490.000000</ele>
			</trkpt>
			<trkpt lat="68.287486" lon="18.606634">
				<ele>490.000000</ele>
			</trkpt>
			<trkpt lat="68.287749" lon="18.607657">
				<ele>490.000000</ele>
			</trkpt>
			<trkpt lat="68.287825" lon="18.607946">
				<ele>490.000000</ele>
			</trkpt>
			<trkpt lat="68.287868" lon="18.608099">
				<ele>490.000000</ele>
			</trkpt>
			<trkpt lat="68.288160" lon="18.609095">
				<ele>490.000000</ele>
			</trkpt>
			<trkpt lat="68.288480" lon="18.610353">
				<ele>490.000000</ele>
			</trkpt>
			<trkpt lat="68.288602" lon="18.611125">
				<ele>490.000000</ele>
			</trkpt>
			<trkpt lat="68.288663" lon="18.612168">
				<ele>490.000000</ele>
			</trkpt>
			<trkpt lat="68.288742" lon="18.612598">
				<ele>490.000000</ele>
			</trkpt>
			<trkpt lat="68.288905" lon="18.613012">
				<ele>490.000000</ele>
			</trkpt>
			<trkpt lat="68.289137" lon="18.613460">
				<ele>490.000000</ele>
			</trkpt>
			<trkpt lat="68.289380" lon="18.613892">
				<ele>490.000000</ele>
			</trkpt>
			<trkpt lat="68.289749" lon="18.614458">
				<ele>490.000000</ele>
			</trkpt>
			<trkpt lat="68.290058" lon="18.614917">
				<ele>490.000000</ele>
			</trkpt>
			<trkpt lat="68.290397" lon="18.615510">
				<ele>490.000000</ele>
			</trkpt>
			<trkpt lat="68.290639" lon="18.616129">
				<ele>490.000000</ele>
			</trkpt>
			<trkpt lat="68.290872" lon="18.616919">
				<ele>490.000000</ele>
			</trkpt>
			<trkpt lat="68.290965" lon="18.617252">
				<ele>490.000000</ele>
			</trkpt>
			<trkpt lat="68.291112" lon="18.617808">
				<ele>490.000000</ele>
			</trkpt>
			<trkpt lat="68.291294" lon="18.618617">
				<ele>490.000000</ele>
			</trkpt>
			<trkpt lat="68.291467" lon="18.619399">
				<ele>490.000000</ele>
			</trkpt>
			<trkpt lat="68.291816" lon="18.620441">
				<ele>490.000000</ele>
			</trkpt>
			<trkpt lat="68.292281" lon="18.621798">
				<ele>490.000000</ele>
			</trkpt>
			<trkpt lat="68.292417" lon="18.622399">
				<ele>490.000000</ele>
			</trkpt>
			<trkpt lat="68.292614" lon="18.623226">
				<ele>490.000000</ele>
			</trkpt>
			<trkpt lat="68.292819" lon="18.624016">
				<ele>490.000000</ele>
			</trkpt>
			<trkpt lat="68.293231" lon="18.625758">
				<ele>490.000000</ele>
			</trkpt>
			<trkpt lat="68.293407" lon="18.626559">
				<ele>490.000000</ele>
			</trkpt>
			<trkpt lat="68.293603" lon="18.627402">
				<ele>490.000000</ele>
			</trkpt>
			<trkpt lat="68.293756" lon="18.628104">
				<ele>490.000000</ele>
			</trkpt>
			<trkpt lat="68.294032" lon="18.629487">
				<ele>490.000000</ele>
			</trkpt>
			<trkpt lat="68.294135" lon="18.629936">
				<ele>490.000000</ele>
			</trkpt>
			<trkpt lat="68.294511" lon="18.631894">
				<ele>490.000000</ele>
			</trkpt>
			<trkpt lat="68.294740" lon="18.632865">
				<ele>490.000000</ele>
			</trkpt>
			<trkpt lat="68.295029" lon="18.633708">
				<ele>490.000000</ele>
			</trkpt>
			<trkpt lat="68.295590" lon="18.635821">
				<ele>490.000000</ele>
			</trkpt>
			<trkpt lat="68.296182" lon="18.637643">
				<ele>490.000000</ele>
			</trkpt>
			<trkpt lat="68.296284" lon="18.638092">
				<ele>490.000000</ele>
			</trkpt>
			<trkpt lat="68.296374" lon="18.640626">
				<ele>490.000000</ele>
			</trkpt>
			<trkpt lat="68.296408" lon="18.641058">
				<ele>490.000000</ele>
			</trkpt>
			<trkpt lat="68.296487" lon="18.641660">
				<ele>490.000000</ele>
			</trkpt>
			<trkpt lat="68.296587" lon="18.642450">
				<ele>490.000000</ele>
			</trkpt>
			<trkpt lat="68.296660" lon="18.643033">
				<ele>490.000000</ele>
			</trkpt>
			<trkpt lat="68.296713" lon="18.643392">
				<ele>490.000000</ele>
			</trkpt>
			<trkpt lat="68.296806" lon="18.643771">
				<ele>490.000000</ele>
			</trkpt>
			<trkpt lat="68.297248" lon="18.645207">
				<ele>490.000000</ele>
			</trkpt>
			<trkpt lat="68.297676" lon="18.646564">
				<ele>490.000000</ele>
			</trkpt>
			<trkpt lat="68.298284" lon="18.648658">
				<ele>490.000000</ele>
			</trkpt>
			<trkpt lat="68.298952" lon="18.649232">
				<ele>490.000000</ele>
			</trkpt>
			<trkpt lat="68.299373" lon="18.649331">
				<ele>490.000000</ele>
			</trkpt>
			<trkpt lat="68.299699" lon="18.649537">
				<ele>490.000000</ele>
			</trkpt>
			<trkpt lat="68.299942" lon="18.649807">
				<ele>490.000000</ele>
			</trkpt>
			<trkpt lat="68.300782" lon="18.651029">
				<ele>490.000000</ele>
			</trkpt>
			<trkpt lat="68.301330" lon="18.652780">
				<ele>490.000000</ele>
			</trkpt>
			<trkpt lat="68.301417" lon="18.653094">
				<ele>490.000000</ele>
			</trkpt>
			<trkpt lat="68.301636" lon="18.653742">
				<ele>490.000000</ele>
			</trkpt>
			<trkpt lat="68.301782" lon="18.653948">
				<ele>490.000000</ele>
			</trkpt>
			<trkpt lat="68.302383" lon="18.654765">
				<ele>490.000000</ele>
			</trkpt>
			<trkpt lat="68.302845" lon="18.655386">
				<ele>490.000000</ele>
			</trkpt>
			<trkpt lat="68.303356" lon="18.655807">
				<ele>490.000000</ele>
			</trkpt>
			<trkpt lat="68.303555" lon="18.655969">
				<ele>490.000000</ele>
			</trkpt>
			<trkpt lat="68.303851" lon="18.656122">
				<ele>490.000000</ele>
			</trkpt>
			<trkpt lat="68.304046" lon="18.656643">
				<ele>490.000000</ele>
			</trkpt>
			<trkpt lat="68.304767" lon="18.658556">
				<ele>490.000000</ele>
			</trkpt>
			<trkpt lat="68.304966" lon="18.659518">
				<ele>490.000000</ele>
			</trkpt>
			<trkpt lat="68.305056" lon="18.659715">
				<ele>490.000000</ele>
			</trkpt>
			<trkpt lat="68.305216" lon="18.659787">
				<ele>490.000000</ele>
			</trkpt>
			<trkpt lat="68.305325" lon="18.660092">
				<ele>490.000000</ele>
			</trkpt>
			<trkpt lat="68.305634" lon="18.660973">
				<ele>490.000000</ele>
			</trkpt>
			<trkpt lat="68.305853" lon="18.661485">
				<ele>490.000000</ele>
			</trkpt>
			<trkpt lat="68.305966" lon="18.661872">
				<ele>490.000000</ele>
			</trkpt>
			<trkpt lat="68.306355" lon="18.663254">
				<ele>490.000000</ele>
			</trkpt>
			<trkpt lat="68.306474" lon="18.663883">
				<ele>490.000000</ele>
			</trkpt>
			<trkpt lat="68.306567" lon="18.664126">
				<ele>490.000000</ele>
			</trkpt>
			<trkpt lat="68.306700" lon="18.665015">
				<ele>490.000000</ele>
			</trkpt>
			<trkpt lat="68.306863" lon="18.665474">
				<ele>490.000000</ele>
			</trkpt>
			<trkpt lat="68.307095" lon="18.666443">
				<ele>490.000000</ele>
			</trkpt>
			<trkpt lat="68.307275" lon="18.666893">
				<ele>490.000000</ele>
			</trkpt>
			<trkpt lat="68.307387" lon="18.667162">
				<ele>490.000000</ele>
			</trkpt>
			<trkpt lat="68.307637" lon="18.668321">
				<ele>489.000000</ele>
			</trkpt>
			<trkpt lat="68.307909" lon="18.669866">
				<ele>489.000000</ele>
			</trkpt>
			<trkpt lat="68.308277" lon="18.671034">
				<ele>489.000000</ele>
			</trkpt>
			<trkpt lat="68.308479" lon="18.671762">
				<ele>489.000000</ele>
			</trkpt>
			<trkpt lat="68.308742" lon="18.672445">
				<ele>488.000000</ele>
			</trkpt>
			<trkpt lat="68.308842" lon="18.672912">
				<ele>488.000000</ele>
			</trkpt>
			<trkpt lat="68.308905" lon="18.674951">
				<ele>488.000000</ele>
			</trkpt>
			<trkpt lat="68.309044" lon="18.675688">
				<ele>488.000000</ele>
			</trkpt>
			<trkpt lat="68.309190" lon="18.676020">
				<ele>488.000000</ele>
			</trkpt>
			<trkpt lat="68.309243" lon="18.676334">
				<ele>488.000000</ele>
			</trkpt>
			<trkpt lat="68.309432" lon="18.678328">
				<ele>487.000000</ele>
			</trkpt>
			<trkpt lat="68.309529" lon="18.678670">
				<ele>487.000000</ele>
			</trkpt>
			<trkpt lat="68.309731" lon="18.678894">
				<ele>487.000000</ele>
			</trkpt>
			<trkpt lat="68.309861" lon="18.678814">
				<ele>487.000000</ele>
			</trkpt>
			<trkpt lat="68.310050" lon="18.678904">
				<ele>487.000000</ele>
			</trkpt>
			<trkpt lat="68.310306" lon="18.679137">
				<ele>487.000000</ele>
			</trkpt>
			<trkpt lat="68.310415" lon="18.679380">
				<ele>487.000000</ele>
			</trkpt>
			<trkpt lat="68.310641" lon="18.680206">
				<ele>487.000000</ele>
			</trkpt>
			<trkpt lat="68.310860" lon="18.680844">
				<ele>487.000000</ele>
			</trkpt>
			<trkpt lat="68.311246" lon="18.681993">
				<ele>486.000000</ele>
			</trkpt>
			<trkpt lat="68.311491" lon="18.682703">
				<ele>486.000000</ele>
			</trkpt>
			<trkpt lat="68.311624" lon="18.683323">
				<ele>486.000000</ele>
			</trkpt>
			<trkpt lat="68.311654" lon="18.683854">
				<ele>486.000000</ele>
			</trkpt>
			<trkpt lat="68.311690" lon="18.684374">
				<ele>486.000000</ele>
			</trkpt>
			<trkpt lat="68.311760" lon="18.684877">
				<ele>486.000000</ele>
			</trkpt>
			<trkpt lat="68.311743" lon="18.685596">
				<ele>486.000000</ele>
			</trkpt>
			<trkpt lat="68.311797" lon="18.686772">
				<ele>486.000000</ele>
			</trkpt>
			<trkpt lat="68.311886" lon="18.687653">
				<ele>485.000000</ele>
			</trkpt>
			<trkpt lat="68.311916" lon="18.687842">
				<ele>485.000000</ele>
			</trkpt>
			<trkpt lat="68.311986" lon="18.688273">
				<ele>485.000000</ele>
			</trkpt>
			<trkpt lat="68.311836" lon="18.689809">
				<ele>485.000000</ele>
			</trkpt>
			<trkpt lat="68.311866" lon="18.690257">
				<ele>485.000000</ele>
			</trkpt>
			<trkpt lat="68.311843" lon="18.691417">
				<ele>485.000000</ele>
			</trkpt>
			<trkpt lat="68.311913" lon="18.692244">
				<ele>485.000000</ele>
			</trkpt>
			<trkpt lat="68.312098" lon="18.692936">
				<ele>484.000000</ele>
			</trkpt>
			<trkpt lat="68.312311" lon="18.693609">
				<ele>484.000000</ele>
			</trkpt>
			<trkpt lat="68.312490" lon="18.694857">
				<ele>484.000000</ele>
			</trkpt>
			<trkpt lat="68.312500" lon="18.695109">
				<ele>484.000000</ele>
			</trkpt>
			<trkpt lat="68.312514" lon="18.695414">
				<ele>484.000000</ele>
			</trkpt>
			<trkpt lat="68.312726" lon="18.696510">
				<ele>484.000000</ele>
			</trkpt>
			<trkpt lat="68.312992" lon="18.699339">
				<ele>483.000000</ele>
			</trkpt>
			<trkpt lat="68.312809" lon="18.702241">
				<ele>483.000000</ele>
			</trkpt>
			<trkpt lat="68.312792" lon="18.703427">
				<ele>483.000000</ele>
			</trkpt>
			<trkpt lat="68.312866" lon="18.704721">
				<ele>482.000000</ele>
			</trkpt>
			<trkpt lat="68.312915" lon="18.706796">
				<ele>482.000000</ele>
			</trkpt>
			<trkpt lat="68.313051" lon="18.708350">
				<ele>482.000000</ele>
			</trkpt>
			<trkpt lat="68.313124" lon="18.709643">
				<ele>482.000000</ele>
			</trkpt>
			<trkpt lat="68.313065" lon="18.710892">
				<ele>481.000000</ele>
			</trkpt>
			<trkpt lat="68.313058" lon="18.711889">
				<ele>481.000000</ele>
			</trkpt>
			<trkpt lat="68.313114" lon="18.712949">
				<ele>481.000000</ele>
			</trkpt>
			<trkpt lat="68.313124" lon="18.713408">
				<ele>481.000000</ele>
			</trkpt>
			<trkpt lat="68.313191" lon="18.714063">
				<ele>481.000000</ele>
			</trkpt>
			<trkpt lat="68.313303" lon="18.715123">
				<ele>481.000000</ele>
			</trkpt>
			<trkpt lat="68.313280" lon="18.715725">
				<ele>481.000000</ele>
			</trkpt>
			<trkpt lat="68.313443" lon="18.717199">
				<ele>480.000000</ele>
			</trkpt>
			<trkpt lat="68.313655" lon="18.718771">
				<ele>480.000000</ele>
			</trkpt>
			<trkpt lat="68.313795" lon="18.719256">
				<ele>480.000000</ele>
			</trkpt>
			<trkpt lat="68.313974" lon="18.719489">
				<ele>480.000000</ele>
			</trkpt>
			<trkpt lat="68.314166" lon="18.719713">
				<ele>480.000000</ele>
			</trkpt>
			<trkpt lat="68.314197" lon="18.719822">
				<ele>480.000000</ele>
			</trkpt>
			<trkpt lat="68.314343" lon="18.720352">
				<ele>480.000000</ele>
			</trkpt>
			<trkpt lat="68.314539" lon="18.721052">
				<ele>480.000000</ele>
			</trkpt>
			<trkpt lat="68.314568" lon="18.721493">
				<ele>480.000000</ele>
			</trkpt>
			<trkpt lat="68.314555" lon="18.722453">
				<ele>480.000000</ele>
			</trkpt>
			<trkpt lat="68.314624" lon="18.722742">
				<ele>480.000000</ele>
			</trkpt>
			<trkpt lat="68.314645" lon="18.723055">
				<ele>480.000000</ele>
			</trkpt>
			<trkpt lat="68.314750" lon="18.723747">
				<ele>480.000000</ele>
			</trkpt>
			<trkpt lat="68.314927" lon="18.724564">
				<ele>480.000000</ele>
			</trkpt>
			<trkpt lat="68.314966" lon="18.725086">
				<ele>480.000000</ele>
			</trkpt>
			<trkpt lat="68.314993" lon="18.726172">
				<ele>480.000000</ele>
			</trkpt>
			<trkpt lat="68.314937" lon="18.727413">
				<ele>479.000000</ele>
			</trkpt>
			<trkpt lat="68.315086" lon="18.728176">
				<ele>477.000000</ele>
			</trkpt>
			<trkpt lat="68.315143" lon="18.728904">
				<ele>476.000000</ele>
			</trkpt>
			<trkpt lat="68.315145" lon="18.728939">
				<ele>476.000000</ele>
			</trkpt>
			<trkpt lat="68.315265" lon="18.729487">
				<ele>475.000000</ele>
			</trkpt>
			<trkpt lat="68.315438" lon="18.730053">
				<ele>474.000000</ele>
			</trkpt>
			<trkpt lat="68.315597" lon="18.730547">
				<ele>472.000000</ele>
			</trkpt>
			<trkpt lat="68.315664" lon="18.731051">
				<ele>471.000000</ele>
			</trkpt>
			<trkpt lat="68.315693" lon="18.731203">
				<ele>471.000000</ele>
			</trkpt>
			<trkpt lat="68.315720" lon="18.731356">
				<ele>471.000000</ele>
			</trkpt>
			<trkpt lat="68.315807" lon="18.731554">
				<ele>470.000000</ele>
			</trkpt>
			<trkpt lat="68.315836" lon="18.731617">
				<ele>470.000000</ele>
			</trkpt>
			<trkpt lat="68.316078" lon="18.732003">
				<ele>468.000000</ele>
			</trkpt>
			<trkpt lat="68.316338" lon="18.733377">
				<ele>464.000000</ele>
			</trkpt>
			<trkpt lat="68.316855" lon="18.734841">
				<ele>458.000000</ele>
			</trkpt>
			<trkpt lat="68.317140" lon="18.735407">
				<ele>454.000000</ele>
			</trkpt>
			<trkpt lat="68.317492" lon="18.737185">
				<ele>449.000000</ele>
			</trkpt>
			<trkpt lat="68.317712" lon="18.738003">
				<ele>447.000000</ele>
			</trkpt>
			<trkpt lat="68.317871" lon="18.738336">
				<ele>447.000000</ele>
			</trkpt>
			<trkpt lat="68.318076" lon="18.738722">
				<ele>446.000000</ele>
			</trkpt>
			<trkpt lat="68.318083" lon="18.738740">
				<ele>446.000000</ele>
			</trkpt>
			<trkpt lat="68.318123" lon="18.738829">
				<ele>445.000000</ele>
			</trkpt>
			<trkpt lat="68.318282" lon="18.739324">
				<ele>445.000000</ele>
			</trkpt>
			<trkpt lat="68.318335" lon="18.739485">
				<ele>444.000000</ele>
			</trkpt>
			<trkpt lat="68.318395" lon="18.739485">
				<ele>444.000000</ele>
			</trkpt>
			<trkpt lat="68.318551" lon="18.739485">
				<ele>444.000000</ele>
			</trkpt>
			<trkpt lat="68.318764" lon="18.740133">
				<ele>442.000000</ele>
			</trkpt>
			<trkpt lat="68.318943" lon="18.740401">
				<ele>442.000000</ele>
			</trkpt>
			<trkpt lat="68.319444" lon="18.740940">
				<ele>440.000000</ele>
			</trkpt>
			<trkpt lat="68.319746" lon="18.741722">
				<ele>438.000000</ele>
			</trkpt>
			<trkpt lat="68.319898" lon="18.741893">
				<ele>438.000000</ele>
			</trkpt>
			<trkpt lat="68.320287" lon="18.742298">
				<ele>436.000000</ele>
			</trkpt>
			<trkpt lat="68.320453" lon="18.742827">
				<ele>435.000000</ele>
			</trkpt>
			<trkpt lat="68.320725" lon="18.742990">
				<ele>434.000000</ele>
			</trkpt>
			<trkpt lat="68.320884" lon="18.742971">
				<ele>434.000000</ele>
			</trkpt>
			<trkpt lat="68.321166" lon="18.742935">
				<ele>432.000000</ele>
			</trkpt>
			<trkpt lat="68.321312" lon="18.743097">
				<ele>432.000000</ele>
			</trkpt>
			<trkpt lat="68.321555" lon="18.743376">
				<ele>431.000000</ele>
			</trkpt>
			<trkpt lat="68.321909" lon="18.743869">
				<ele>429.000000</ele>
			</trkpt>
			<trkpt lat="68.322221" lon="18.744759">
				<ele>427.000000</ele>
			</trkpt>
			<trkpt lat="68.322723" lon="18.745164">
				<ele>425.000000</ele>
			</trkpt>
			<trkpt lat="68.323267" lon="18.745999">
				<ele>422.000000</ele>
			</trkpt>
			<trkpt lat="68.323588" lon="18.746357">
				<ele>421.000000</ele>
			</trkpt>
			<trkpt lat="68.323834" lon="18.747041">
				<ele>419.000000</ele>
			</trkpt>
			<trkpt lat="68.323947" lon="18.747508">
				<ele>418.000000</ele>
			</trkpt>
			<trkpt lat="68.324073" lon="18.748083">
				<ele>416.000000</ele>
			</trkpt>
			<trkpt lat="68.324269" lon="18.748496">
				<ele>414.000000</ele>
			</trkpt>
			<trkpt lat="68.324527" lon="18.748927">
				<ele>413.000000</ele>
			</trkpt>
			<trkpt lat="68.325178" lon="18.749798">
				<ele>410.000000</ele>
			</trkpt>
			<trkpt lat="68.325629" lon="18.751271">
				<ele>409.000000</ele>
			</trkpt>
			<trkpt lat="68.326136" lon="18.751990">
				<ele>409.000000</ele>
			</trkpt>
			<trkpt lat="68.326256" lon="18.752232">
				<ele>409.000000</ele>
			</trkpt>
			<trkpt lat="68.327056" lon="18.752798">
				<ele>408.000000</ele>
			</trkpt>
			<trkpt lat="68.327669" lon="18.753410">
				<ele>408.000000</ele>
			</trkpt>
			<trkpt lat="68.327838" lon="18.753859">
				<ele>408.000000</ele>
			</trkpt>
			<trkpt lat="68.327862" lon="18.754559">
				<ele>407.000000</ele>
			</trkpt>
			<trkpt lat="68.327938" lon="18.755288">
				<ele>407.000000</ele>
			</trkpt>
			<trkpt lat="68.328037" lon="18.755754">
				<ele>407.000000</ele>
			</trkpt>
			<trkpt lat="68.328206" lon="18.756240">
				<ele>407.000000</ele>
			</trkpt>
			<trkpt lat="68.328459" lon="18.756823">
				<ele>407.000000</ele>
			</trkpt>
			<trkpt lat="68.328492" lon="18.756859">
				<ele>407.000000</ele>
			</trkpt>
			<trkpt lat="68.328595" lon="18.756607">
				<ele>406.000000</ele>
			</trkpt>
			<trkpt lat="68.328807" lon="18.756653">
				<ele>406.000000</ele>
			</trkpt>
			<trkpt lat="68.328903" lon="18.756877">
				<ele>406.000000</ele>
			</trkpt>
			<trkpt lat="68.328920" lon="18.757137">
				<ele>406.000000</ele>
			</trkpt>
			<trkpt lat="68.328850" lon="18.757496">
				<ele>406.000000</ele>
			</trkpt>
			<trkpt lat="68.328824" lon="18.757892">
				<ele>406.000000</ele>
			</trkpt>
			<trkpt lat="68.328824" lon="18.758054">
				<ele>406.000000</ele>
			</trkpt>
			<trkpt lat="68.329000" lon="18.759347">
				<ele>405.000000</ele>
			</trkpt>
			<trkpt lat="68.329013" lon="18.760255">
				<ele>405.000000</ele>
			</trkpt>
			<trkpt lat="68.329444" lon="18.761234">
				<ele>405.000000</ele>
			</trkpt>
			<trkpt lat="68.329633" lon="18.761701">
				<ele>405.000000</ele>
			</trkpt>
			<trkpt lat="68.329743" lon="18.762033">
				<ele>405.000000</ele>
			</trkpt>
			<trkpt lat="68.330160" lon="18.762240">
				<ele>404.000000</ele>
			</trkpt>
			<trkpt lat="68.330794" lon="18.762842">
				<ele>404.000000</ele>
			</trkpt>
			<trkpt lat="68.331295" lon="18.762707">
				<ele>403.000000</ele>
			</trkpt>
			<trkpt lat="68.331699" lon="18.762330">
				<ele>403.000000</ele>
			</trkpt>
			<trkpt lat="68.332343" lon="18.762366">
				<ele>403.000000</ele>
			</trkpt>
			<trkpt lat="68.332493" lon="18.762196">
				<ele>402.000000</ele>
			</trkpt>
			<trkpt lat="68.332575" lon="18.761423">
				<ele>402.000000</ele>
			</trkpt>
			<trkpt lat="68.332625" lon="18.761171">
				<ele>402.000000</ele>
			</trkpt>
			<trkpt lat="68.332867" lon="18.760668">
				<ele>402.000000</ele>
			</trkpt>
			<trkpt lat="68.332960" lon="18.760219">
				<ele>402.000000</ele>
			</trkpt>
			<trkpt lat="68.333199" lon="18.759877">
				<ele>402.000000</ele>
			</trkpt>
			<trkpt lat="68.333411" lon="18.759787">
				<ele>402.000000</ele>
			</trkpt>
			<trkpt lat="68.333753" lon="18.759410">
				<ele>401.000000</ele>
			</trkpt>
			<trkpt lat="68.333958" lon="18.758907">
				<ele>401.000000</ele>
			</trkpt>
			<trkpt lat="68.334107" lon="18.758745">
				<ele>401.000000</ele>
			</trkpt>
			<trkpt lat="68.334257" lon="18.758800">
				<ele>401.000000</ele>
			</trkpt>
			<trkpt lat="68.334380" lon="18.758781">
				<ele>401.000000</ele>
			</trkpt>
			<trkpt lat="68.334681" lon="18.758404">
				<ele>400.000000</ele>
			</trkpt>
			<trkpt lat="68.334797" lon="18.758359">
				<ele>400.000000</ele>
			</trkpt>
			<trkpt lat="68.335145" lon="18.758422">
				<ele>400.000000</ele>
			</trkpt>
			<trkpt lat="68.335239" lon="18.758324">
				<ele>400.000000</ele>
			</trkpt>
			<trkpt lat="68.335716" lon="18.757758">
				<ele>400.000000</ele>
			</trkpt>
			<trkpt lat="68.335929" lon="18.757559">
				<ele>399.000000</ele>
			</trkpt>
			<trkpt lat="68.336545" lon="18.757559">
				<ele>399.000000</ele>
			</trkpt>
			<trkpt lat="68.337620" lon="18.758934">
				<ele>398.000000</ele>
			</trkpt>
			<trkpt lat="68.337958" lon="18.759446">
				<ele>397.000000</ele>
			</trkpt>
			<trkpt lat="68.338174" lon="18.759653">
				<ele>397.000000</ele>
			</trkpt>
			<trkpt lat="68.338419" lon="18.759940">
				<ele>397.000000</ele>
			</trkpt>
			<trkpt lat="68.338711" lon="18.760156">
				<ele>397.000000</ele>
			</trkpt>
			<trkpt lat="68.339145" lon="18.760668">
				<ele>396.000000</ele>
			</trkpt>
			<trkpt lat="68.339603" lon="18.762366">
				<ele>395.000000</ele>
			</trkpt>
			<trkpt lat="68.339576" lon="18.762672">
				<ele>395.000000</ele>
			</trkpt>
			<trkpt lat="68.339596" lon="18.762725">
				<ele>395.000000</ele>
			</trkpt>
			<trkpt lat="68.339645" lon="18.762878">
				<ele>395.000000</ele>
			</trkpt>
			<trkpt lat="68.339951" lon="18.763345">
				<ele>395.000000</ele>
			</trkpt>
			<trkpt lat="68.340020" lon="18.763632">
				<ele>395.000000</ele>
			</trkpt>
			<trkpt lat="68.340269" lon="18.764387">
				<ele>394.000000</ele>
			</trkpt>
			<trkpt lat="68.340620" lon="18.764647">
				<ele>394.000000</ele>
			</trkpt>
			<trkpt lat="68.340786" lon="18.764647">
				<ele>394.000000</ele>
			</trkpt>
			<trkpt lat="68.340873" lon="18.764819">
				<ele>394.000000</ele>
			</trkpt>
			<trkpt lat="68.340962" lon="18.764943">
				<ele>394.000000</ele>
			</trkpt>
			<trkpt lat="68.340982" lon="18.764970">
				<ele>394.000000</ele>
			</trkpt>
			<trkpt lat="68.341168" lon="18.765196">
				<ele>394.000000</ele>
			</trkpt>
			<trkpt lat="68.341426" lon="18.765385">
				<ele>393.000000</ele>
			</trkpt>
			<trkpt lat="68.341585" lon="18.765115">
				<ele>393.000000</ele>
			</trkpt>
			<trkpt lat="68.341744" lon="18.764593">
				<ele>393.000000</ele>
			</trkpt>
			<trkpt lat="68.341831" lon="18.764306">
				<ele>393.000000</ele>
			</trkpt>
			<trkpt lat="68.342291" lon="18.764081">
				<ele>392.000000</ele>
			</trkpt>
			<trkpt lat="68.343037" lon="18.763955">
				<ele>392.000000</ele>
			</trkpt>
			<trkpt lat="68.343190" lon="18.764028">
				<ele>391.000000</ele>
			</trkpt>
			<trkpt lat="68.343594" lon="18.764100">
				<ele>391.000000</ele>
			</trkpt>
			<trkpt lat="68.343866" lon="18.764018">
				<ele>391.000000</ele>
			</trkpt>
			<trkpt lat="68.344251" lon="18.763758">
				<ele>390.000000</ele>
			</trkpt>
			<trkpt lat="68.344599" lon="18.763677">
				<ele>390.000000</ele>
			</trkpt>
			<trkpt lat="68.344824" lon="18.763569">
				<ele>390.000000</ele>
			</trkpt>
			<trkpt lat="68.345086" lon="18.763507">
				<ele>390.000000</ele>
			</trkpt>
			<trkpt lat="68.345315" lon="18.763714">
				<ele>390.000000</ele>
			</trkpt>
			<trkpt lat="68.345636" lon="18.763741">
				<ele>389.000000</ele>
			</trkpt>
			<trkpt lat="68.345858" lon="18.763830">
				<ele>389.000000</ele>
			</trkpt>
			<trkpt lat="68.346067" lon="18.764108">
				<ele>389.000000</ele>
			</trkpt>
			<trkpt lat="68.346306" lon="18.764639">
				<ele>389.000000</ele>
			</trkpt>
			<trkpt lat="68.346429" lon="18.765222">
				<ele>388.000000</ele>
			</trkpt>
			<trkpt lat="68.346700" lon="18.765888">
				<ele>388.000000</ele>
			</trkpt>
			<trkpt lat="68.346833" lon="18.766031">
				<ele>388.000000</ele>
			</trkpt>
			<trkpt lat="68.346932" lon="18.766247">
				<ele>388.000000</ele>
			</trkpt>
			<trkpt lat="68.347058" lon="18.766372">
				<ele>388.000000</ele>
			</trkpt>
			<trkpt lat="68.347304" lon="18.766875">
				<ele>387.000000</ele>
			</trkpt>
			<trkpt lat="68.347685" lon="18.767144">
				<ele>387.000000</ele>
			</trkpt>
			<trkpt lat="68.348149" lon="18.767324">
				<ele>387.000000</ele>
			</trkpt>
			<trkpt lat="68.348397" lon="18.767226">
				<ele>387.000000</ele>
			</trkpt>
			<trkpt lat="68.348669" lon="18.767171">
				<ele>386.000000</ele>
			</trkpt>
			<trkpt lat="68.348865" lon="18.766983">
				<ele>386.000000</ele>
			</trkpt>
			<trkpt lat="68.348908" lon="18.767028">
				<ele>386.000000</ele>
			</trkpt>
			<trkpt lat="68.349017" lon="18.766974">
				<ele>386.000000</ele>
			</trkpt>
			<trkpt lat="68.349332" lon="18.766714">
				<ele>386.000000</ele>
			</trkpt>
			<trkpt lat="68.350353" lon="18.766408">
				<ele>385.000000</ele>
			</trkpt>
			<trkpt lat="68.350522" lon="18.766507">
				<ele>385.000000</ele>
			</trkpt>
			<trkpt lat="68.350721" lon="18.766794">
				<ele>384.000000</ele>
			</trkpt>
			<trkpt lat="68.351032" lon="18.766965">
				<ele>384.000000</ele>
			</trkpt>
			<trkpt lat="68.351235" lon="18.766983">
				<ele>384.000000</ele>
			</trkpt>
			<trkpt lat="68.351496" lon="18.766804">
				<ele>384.000000</ele>
			</trkpt>
			<trkpt lat="68.351851" lon="18.766813">
				<ele>384.000000</ele>
			</trkpt>
			<trkpt lat="68.352116" lon="18.766875">
				<ele>383.000000</ele>
			</trkpt>
			<trkpt lat="68.352311" lon="18.766830">
				<ele>383.000000</ele>
			</trkpt>
			<trkpt lat="68.352613" lon="18.766767">
				<ele>383.000000</ele>
			</trkpt>
			<trkpt lat="68.352888" lon="18.766767">
				<ele>383.000000</ele>
			</trkpt>
			<trkpt lat="68.353136" lon="18.766651">
				<ele>382.000000</ele>
			</trkpt>
			<trkpt lat="68.353521" lon="18.766435">
				<ele>382.000000</ele>
			</trkpt>
			<trkpt lat="68.354015" lon="18.766488">
				<ele>382.000000</ele>
			</trkpt>
			<trkpt lat="68.354491" lon="18.766534">
				<ele>381.000000</ele>
			</trkpt>
			<trkpt lat="68.354839" lon="18.766391">
				<ele>381.000000</ele>
			</trkpt>
			<trkpt lat="68.355264" lon="18.766704">
				<ele>381.000000</ele>
			</trkpt>
			<trkpt lat="68.355459" lon="18.766723">
				<ele>380.000000</ele>
			</trkpt>
			<trkpt lat="68.355612" lon="18.766884">
				<ele>380.000000</ele>
			</trkpt>
			<trkpt lat="68.355665" lon="18.767073">
				<ele>380.000000</ele>
			</trkpt>
			<trkpt lat="68.355694" lon="18.767280">
				<ele>380.000000</ele>
			</trkpt>
			<trkpt lat="68.355725" lon="18.767433">
				<ele>380.000000</ele>
			</trkpt>
			<trkpt lat="68.355820" lon="18.767612">
				<ele>380.000000</ele>
			</trkpt>
			<trkpt lat="68.355863" lon="18.767836">
				<ele>380.000000</ele>
			</trkpt>
			<trkpt lat="68.355850" lon="18.768259">
				<ele>380.000000</ele>
			</trkpt>
			<trkpt lat="68.355784" lon="18.769454">
				<ele>382.000000</ele>
			</trkpt>
			<trkpt lat="68.355791" lon="18.769974">
				<ele>383.000000</ele>
			</trkpt>
			<trkpt lat="68.355890" lon="18.770828">
				<ele>384.000000</ele>
			</trkpt>
			<trkpt lat="68.356052" lon="18.771591">
				<ele>386.000000</ele>
			</trkpt>
			<trkpt lat="68.356122" lon="18.772113">
				<ele>386.000000</ele>
			</trkpt>
			<trkpt lat="68.356215" lon="18.772949">
				<ele>388.000000</ele>
			</trkpt>
			<trkpt lat="68.356284" lon="18.773595">
				<ele>389.000000</ele>
			</trkpt>
			<trkpt lat="68.356357" lon="18.773838">
				<ele>389.000000</ele>
			</trkpt>
			<trkpt lat="68.356582" lon="18.774268">
				<ele>390.000000</ele>
			</trkpt>
			<trkpt lat="68.356662" lon="18.774557">
				<ele>390.000000</ele>
			</trkpt>
			<trkpt lat="68.356728" lon="18.775140">
				<ele>390.000000</ele>
			</trkpt>
			<trkpt lat="68.356907" lon="18.776046">
				<ele>390.000000</ele>
			</trkpt>
			<trkpt lat="68.357023" lon="18.776352">
				<ele>390.000000</ele>
			</trkpt>
			<trkpt lat="68.357159" lon="18.776505">
				<ele>390.000000</ele>
			</trkpt>
			<trkpt lat="68.357367" lon="18.776551">
				<ele>390.000000</ele>
			</trkpt>
			<trkpt lat="68.357500" lon="18.776612">
				<ele>390.000000</ele>
			</trkpt>
			<trkpt lat="68.357583" lon="18.776792">
				<ele>389.000000</ele>
			</trkpt>
			<trkpt lat="68.357613" lon="18.776882">
				<ele>389.000000</ele>
			</trkpt>
			<trkpt lat="68.357712" lon="18.777170">
				<ele>388.000000</ele>
			</trkpt>
			<trkpt lat="68.357812" lon="18.777601">
				<ele>387.000000</ele>
			</trkpt>
			<trkpt lat="68.357845" lon="18.777736">
				<ele>386.000000</ele>
			</trkpt>
			<trkpt lat="68.357925" lon="18.778123">
				<ele>385.000000</ele>
			</trkpt>
			<trkpt lat="68.357835" lon="18.778338">
				<ele>385.000000</ele>
			</trkpt>
			<trkpt lat="68.357739" lon="18.778589">
				<ele>384.000000</ele>
			</trkpt>
			<trkpt lat="68.357669" lon="18.778841">
				<ele>384.000000</ele>
			</trkpt>
			<trkpt lat="68.357633" lon="18.779075">
				<ele>383.000000</ele>
			</trkpt>
			<trkpt lat="68.357613" lon="18.779291">
				<ele>383.000000</ele>
			</trkpt>
			<trkpt lat="68.357603" lon="18.779442">
				<ele>383.000000</ele>
			</trkpt>
			<trkpt lat="68.357603" lon="18.779541">
				<ele>383.000000</ele>
			</trkpt>
			<trkpt lat="68.357758" lon="18.779828">
				<ele>382.000000</ele>
			</trkpt>
			<trkpt lat="68.357964" lon="18.780071">
				<ele>381.000000</ele>
			</trkpt>
			<trkpt lat="68.358040" lon="18.780180">
				<ele>380.000000</ele>
			</trkpt>
			<trkpt lat="68.358090" lon="18.780243">
				<ele>380.000000</ele>
			</trkpt>
			<trkpt lat="68.358203" lon="18.780449">
				<ele>380.000000</ele>
			</trkpt>
			<trkpt lat="68.358269" lon="18.780593">
				<ele>380.000000</ele>
			</trkpt>
			<trkpt lat="68.358312" lon="18.780844">
				<ele>380.000000</ele>
			</trkpt>
			<trkpt lat="68.358309" lon="18.780988">
				<ele>380.000000</ele>
			</trkpt>
			<trkpt lat="68.358289" lon="18.781123">
				<ele>380.000000</ele>
			</trkpt>
			<trkpt lat="68.358243" lon="18.781419">
				<ele>380.000000</ele>
			</trkpt>
			<trkpt lat="68.358186" lon="18.781733">
				<ele>381.000000</ele>
			</trkpt>
			<trkpt lat="68.358143" lon="18.782174">
				<ele>382.000000</ele>
			</trkpt>
			<trkpt lat="68.358007" lon="18.784042">
				<ele>386.000000</ele>
			</trkpt>
			<trkpt lat="68.358106" lon="18.784141">
				<ele>385.000000</ele>
			</trkpt>
			<trkpt lat="68.358063" lon="18.784599">
				<ele>386.000000</ele>
			</trkpt>
			<trkpt lat="68.358014" lon="18.784922">
				<ele>386.000000</ele>
			</trkpt>
			<trkpt lat="68.358007" lon="18.785318">
				<ele>386.000000</ele>
			</trkpt>
			<trkpt lat="68.357931" lon="18.786225">
				<ele>385.000000</ele>
			</trkpt>
			<trkpt lat="68.357934" lon="18.786279">
				<ele>385.000000</ele>
			</trkpt>
			<trkpt lat="68.357954" lon="18.786522">
				<ele>384.000000</ele>
			</trkpt>
			<trkpt lat="68.357978" lon="18.786719">
				<ele>384.000000</ele>
			</trkpt>
			<trkpt lat="68.357915" lon="18.787510">
				<ele>383.000000</ele>
			</trkpt>
			<trkpt lat="68.357858" lon="18.787923">
				<ele>382.000000</ele>
			</trkpt>
			<trkpt lat="68.357862" lon="18.788048">
				<ele>382.000000</ele>
			</trkpt>
			<trkpt lat="68.357752" lon="18.788597">
				<ele>381.000000</ele>
			</trkpt>
			<trkpt lat="68.357630" lon="18.788731">
				<ele>381.000000</ele>
			</trkpt>
			<trkpt lat="68.357570" lon="18.788839">
				<ele>380.000000</ele>
			</trkpt>
			<trkpt lat="68.357507" lon="18.789036">
				<ele>380.000000</ele>
			</trkpt>
			<trkpt lat="68.357494" lon="18.789369">
				<ele>380.000000</ele>
			</trkpt>
			<trkpt lat="68.357536" lon="18.790231">
				<ele>380.000000</ele>
			</trkpt>
			<trkpt lat="68.357620" lon="18.791264">
				<ele>380.000000</ele>
			</trkpt>
			<trkpt lat="68.357596" lon="18.791660">
				<ele>380.000000</ele>
			</trkpt>
			<trkpt lat="68.357514" lon="18.792002">
				<ele>380.000000</ele>
			</trkpt>
			<trkpt lat="68.357404" lon="18.792289">
				<ele>380.000000</ele>
			</trkpt>
			<trkpt lat="68.357298" lon="18.792631">
				<ele>380.000000</ele>
			</trkpt>
			<trkpt lat="68.357182" lon="18.793151">
				<ele>380.000000</ele>
			</trkpt>
			<trkpt lat="68.357099" lon="18.793897">
				<ele>380.000000</ele>
			</trkpt>
			<trkpt lat="68.357017" lon="18.794625">
				<ele>380.000000</ele>
			</trkpt>
			<trkpt lat="68.356990" lon="18.794992">
				<ele>380.000000</ele>
			</trkpt>
			<trkpt lat="68.356917" lon="18.795784">
				<ele>380.000000</ele>
			</trkpt>
			<trkpt lat="68.356858" lon="18.796143">
				<ele>380.000000</ele>
			</trkpt>
			<trkpt lat="68.356791" lon="18.796736">
				<ele>380.000000</ele>
			</trkpt>
			<trkpt lat="68.356771" lon="18.797032">
				<ele>380.000000</ele>
			</trkpt>
			<trkpt lat="68.356695" lon="18.797562">
				<ele>380.000000</ele>
			</trkpt>
			<trkpt lat="68.356592" lon="18.798145">
				<ele>380.000000</ele>
			</trkpt>
			<trkpt lat="68.356407" lon="18.799124">
				<ele>380.000000</ele>
			</trkpt>
			<trkpt lat="68.356175" lon="18.800688">
				<ele>380.000000</ele>
			</trkpt>
			<trkpt lat="68.356026" lon="18.801747">
				<ele>380.000000</ele>
			</trkpt>
			<trkpt lat="68.355900" lon="18.802386">
				<ele>380.000000</ele>
			</trkpt>
			<trkpt lat="68.355867" lon="18.802665">
				<ele>380.000000</ele>
			</trkpt>
			<trkpt lat="68.355850" lon="18.802862">
				<ele>380.000000</ele>
			</trkpt>
			<trkpt lat="68.355725" lon="18.803113">
				<ele>380.000000</ele>
			</trkpt>
			<trkpt lat="68.355615" lon="18.803571">
				<ele>380.000000</ele>
			</trkpt>
			<trkpt lat="68.355493" lon="18.804021">
				<ele>380.000000</ele>
			</trkpt>
			<trkpt lat="68.355419" lon="18.804389">
				<ele>380.000000</ele>
			</trkpt>
			<trkpt lat="68.355257" lon="18.805116">
				<ele>380.000000</ele>
			</trkpt>
			<trkpt lat="68.354959" lon="18.806653">
				<ele>380.000000</ele>
			</trkpt>
			<trkpt lat="68.354943" lon="18.806724">
				<ele>380.000000</ele>
			</trkpt>
			<trkpt lat="68.354001" lon="18.810255">
				<ele>380.000000</ele>
			</trkpt>
			<trkpt lat="68.353392" lon="18.812500">
				<ele>380.000000</ele>
			</trkpt>
			<trkpt lat="68.353189" lon="18.813148">
				<ele>380.000000</ele>
			</trkpt>
			<trkpt lat="68.353011" lon="18.814037">
				<ele>380.000000</ele>
			</trkpt>
			<trkpt lat="68.352921" lon="18.814603">
				<ele>380.000000</ele>
			</trkpt>
			<trkpt lat="68.352842" lon="18.815303">
				<ele>380.000000</ele>
			</trkpt>
			<trkpt lat="68.352712" lon="18.815888">
				<ele>380.000000</ele>
			</trkpt>
			<trkpt lat="68.352629" lon="18.815915">
				<ele>380.000000</ele>
			</trkpt>
			<trkpt lat="68.352576" lon="18.815833">
				<ele>387.000000</ele>
			</trkpt>
			<trkpt lat="68.352503" lon="18.815708">
				<ele>387.000000</ele>
			</trkpt>
			<trkpt lat="68.352401" lon="18.815582">
				<ele>387.000000</ele>
			</trkpt>
			<trkpt lat="68.352351" lon="18.815563">
				<ele>387.000000</ele>
			</trkpt>
			<trkpt lat="68.352285" lon="18.815645">
				<ele>387.000000</ele>
			</trkpt>
			<trkpt lat="68.352245" lon="18.815770">
				<ele>388.000000</ele>
			</trkpt>
			<trkpt lat="68.352195" lon="18.816202">
				<ele>388.000000</ele>
			</trkpt>
			<trkpt lat="68.352156" lon="18.816498">
				<ele>389.000000</ele>
			</trkpt>
			<trkpt lat="68.352026" lon="18.817100">
				<ele>389.000000</ele>
			</trkpt>
			<trkpt lat="68.351871" lon="18.817917">
				<ele>389.000000</ele>
			</trkpt>
			<trkpt lat="68.351761" lon="18.818412">
				<ele>389.000000</ele>
			</trkpt>
			<trkpt lat="68.351573" lon="18.818942">
				<ele>389.000000</ele>
			</trkpt>
			<trkpt lat="68.351400" lon="18.819490">
				<ele>389.000000</ele>
			</trkpt>
			<trkpt lat="68.351238" lon="18.820074">
				<ele>389.000000</ele>
			</trkpt>
			<trkpt lat="68.350972" lon="18.821340">
				<ele>389.000000</ele>
			</trkpt>
			<trkpt lat="68.351025" lon="18.821456">
				<ele>389.000000</ele>
			</trkpt>
			<trkpt lat="68.351194" lon="18.821834">
				<ele>388.000000</ele>
			</trkpt>
			<trkpt lat="68.351304" lon="18.822211">
				<ele>387.000000</ele>
			</trkpt>
			<trkpt lat="68.351387" lon="18.822643">
				<ele>386.000000</ele>
			</trkpt>
			<trkpt lat="68.351423" lon="18.823119">
				<ele>385.000000</ele>
			</trkpt>
			<trkpt lat="68.351420" lon="18.823559">
				<ele>384.000000</ele>
			</trkpt>
			<trkpt lat="68.351390" lon="18.824045">
				<ele>383.000000</ele>
			</trkpt>
			<trkpt lat="68.351251" lon="18.825410">
				<ele>380.000000</ele>
			</trkpt>
			<trkpt lat="68.351078" lon="18.827008">
				<ele>380.000000</ele>
			</trkpt>
			<trkpt lat="68.350906" lon="18.828580">
				<ele>380.000000</ele>
			</trkpt>
			<trkpt lat="68.350817" lon="18.829345">
				<ele>379.000000</ele>
			</trkpt>
			<trkpt lat="68.350714" lon="18.830242">
				<ele>379.000000</ele>
			</trkpt>
			<trkpt lat="68.350648" lon="18.830808">
				<ele>378.000000</ele>
			</trkpt>
			<trkpt lat="68.350512" lon="18.830898">
				<ele>379.000000</ele>
			</trkpt>
			<trkpt lat="68.350392" lon="18.830997">
				<ele>379.000000</ele>
			</trkpt>
			<trkpt lat="68.350280" lon="18.831114">
				<ele>379.000000</ele>
			</trkpt>
			<trkpt lat="68.350213" lon="18.831203">
				<ele>379.000000</ele>
			</trkpt>
			<trkpt lat="68.350187" lon="18.830790">
				<ele>379.000000</ele>
			</trkpt>
			<trkpt lat="68.350220" lon="18.830027">
				<ele>380.000000</ele>
			</trkpt>
		</trkseg>
	</trk>
</gpx>

